elapsed_seconds,phase,blocks_total,blocks_done,tuples_total,tuples_done,tuple_progress_percent,container_memory_bytes
0.007037,building index: loading tuples in memory,0,0,0,0,0.0,1316233216
0.747167,building index: loading tuples in memory,65776,193,0,3320,0.281,2378485760
1.59586,building index: loading tuples in memory,65776,237,0,5715,0.483,2378563584
2.600272,building index: loading tuples in memory,65776,479,0,8410,0.711,2378665984
3.373995,building index: loading tuples in memory,65776,599,0,11447,0.967,2378170368
4.105868,building index: loading tuples in memory,65776,774,0,13946,1.178,2378215424
4.909505,building index: loading tuples in memory,65776,868,0,15560,1.315,2378870784
5.8794,building index: loading tuples in memory,65776,969,0,17549,1.483,2378883072
6.680722,building index: loading tuples in memory,65776,1079,0,20079,1.697,2378645504
7.443338,building index: loading tuples in memory,65776,1182,0,22186,1.875,2379067392
8.256254,building index: loading tuples in memory,65776,1349,0,24335,2.056,2379034624
9.031036,building index: loading tuples in memory,65776,1440,0,25773,2.178,2378899456
10.195817,building index: loading tuples in memory,65776,1554,0,28485,2.407,2378801152
10.941113,building index: loading tuples in memory,65776,1658,0,30641,2.589,2378973184
11.735375,building index: loading tuples in memory,65776,1830,0,32979,2.787,2378756096
12.479514,building index: loading tuples in memory,65776,1936,0,35297,2.982,2378215424
13.251692,building index: loading tuples in memory,65776,2040,0,37478,3.167,2378674176
14.003036,building index: loading tuples in memory,65776,2142,0,39507,3.338,2378690560
14.753185,building index: loading tuples in memory,65776,2237,0,41245,3.485,2378690560
15.533258,building index: loading tuples in memory,65776,2334,0,43014,3.634,2378891264
16.470168,building index: loading tuples in memory,65776,2507,0,45412,3.837,2378481664
17.204856,building index: loading tuples in memory,65776,2598,0,46891,3.962,2378543104
17.969967,building index: loading tuples in memory,65776,2699,0,48920,4.133,2378498048
18.714562,building index: loading tuples in memory,65776,2807,0,51298,4.334,2378760192
19.51295,building index: loading tuples in memory,65776,2911,0,53473,4.518,2378698752
20.278266,building index: loading tuples in memory,65776,3005,0,55088,4.655,2379051008
21.036115,building index: loading tuples in memory,65776,3205,0,57272,4.839,2379685888
21.811671,building index: loading tuples in memory,65776,3307,0,59419,5.021,2379214848
22.645279,building index: loading tuples in memory,65776,3414,0,61691,5.213,2378625024
23.379033,building index: loading tuples in memory,65776,3587,0,64137,5.419,2378358784
24.13764,building index: loading tuples in memory,65776,3688,0,66091,5.584,2378756096
24.929272,building index: loading tuples in memory,65776,3794,0,68343,5.775,2378891264
25.706321,building index: loading tuples in memory,65776,3881,0,69623,5.883,2378670080
26.47117,building index: loading tuples in memory,65776,3975,0,71272,6.022,2378858496
27.263112,building index: loading tuples in memory,65776,4075,0,73226,6.187,2378919936
28.104042,building index: loading tuples in memory,65776,4177,0,75350,6.367,2382299136
28.944905,building index: loading tuples in memory,65776,4280,0,77452,6.544,2378731520
29.687602,building index: loading tuples in memory,65776,4454,0,79890,6.75,2378993664
30.412892,building index: loading tuples in memory,65776,4558,0,82083,6.936,2378973184
31.176009,building index: loading tuples in memory,65776,4663,0,84332,7.126,2378567680
31.91589,building index: loading tuples in memory,65776,4835,0,86716,7.327,2378772480
32.666256,building index: loading tuples in memory,65776,4934,0,88651,7.49,2378801152
33.422209,building index: loading tuples in memory,65776,5036,0,90731,7.666,2378199040
34.18061,building index: loading tuples in memory,65776,5135,0,92615,7.825,2378944512
35.011445,building index: loading tuples in memory,65776,5268,0,94576,7.991,2378985472
35.770149,building index: loading tuples in memory,65776,5372,0,96772,8.177,2378907648
36.495689,building index: loading tuples in memory,65776,5540,0,98930,8.359,2378792960
37.322694,building index: loading tuples in memory,65776,5642,0,100993,8.533,2378842112
38.073574,building index: loading tuples in memory,65776,5749,0,103275,8.726,2378907648
38.822525,building index: loading tuples in memory,65776,5848,0,105182,8.887,2378981376
39.588277,building index: loading tuples in memory,65776,5949,0,107219,9.059,2379046912
40.347742,building index: loading tuples in memory,65776,6114,0,109224,9.229,1246900224
41.148803,building index: loading tuples in memory,65776,6212,0,111047,9.383,1249816576
41.876327,building index: loading tuples in memory,65776,6311,0,112986,9.547,1253330944
42.636903,building index: loading tuples in memory,65776,6414,0,115092,9.725,1258717184
43.720887,building index: loading tuples in memory,65776,6515,0,117070,9.892,1258889216
44.475749,building index: loading tuples in memory,65776,6618,0,119184,10.07,1259552768
45.19657,building index: loading tuples in memory,65776,6718,0,121165,10.238,1259253760
45.9653,building index: loading tuples in memory,65776,6881,0,123098,10.401,1264771072
46.702783,building index: loading tuples in memory,65776,6980,0,125007,10.562,1264787456
47.484694,building index: loading tuples in memory,65776,7076,0,126757,10.71,1265876992
48.233665,building index: loading tuples in memory,65776,7172,0,128477,10.856,1266319360
49.034492,building index: loading tuples in memory,65776,7272,0,130428,11.02,1269485568
49.770974,building index: loading tuples in memory,65776,7372,0,132405,11.187,1273810944
50.614944,building index: loading tuples in memory,65776,7460,0,133731,11.299,1274798080
51.473799,building index: loading tuples in memory,65776,7486,0,135154,11.42,1275322368
52.827759,building index: loading tuples in memory,65776,7573,0,136436,11.528,1275957248
53.694645,building index: loading tuples in memory,65776,7662,0,137837,11.646,1276653568
54.550587,building index: loading tuples in memory,65776,7757,0,139591,11.795,1277616128
55.359555,building index: loading tuples in memory,65776,7854,0,141401,11.948,1281896448
56.103919,building index: loading tuples in memory,65776,7953,0,143287,12.107,1282400256
56.835581,building index: loading tuples in memory,65776,8046,0,144976,12.25,1283035136
57.657763,building index: loading tuples in memory,65776,8139,0,146534,12.381,1283735552
58.475969,building index: loading tuples in memory,65776,8233,0,148212,12.523,1284153344
59.267365,building index: loading tuples in memory,65776,8329,0,149998,12.674,1288986624
60.056339,building index: loading tuples in memory,65776,8424,0,151656,12.814,1289527296
60.851272,building index: loading tuples in memory,65776,8513,0,153009,12.928,1289859072
61.620259,building index: loading tuples in memory,65776,8542,0,154619,13.064,1290780672
62.495892,building index: loading tuples in memory,65776,8704,0,156493,13.223,1290878976
63.244566,building index: loading tuples in memory,65776,8801,0,158310,13.376,1295863808
64.011115,building index: loading tuples in memory,65776,8929,0,160043,13.523,1296142336
64.79174,building index: loading tuples in memory,65776,9028,0,161987,13.687,1296760832
65.569895,building index: loading tuples in memory,65776,9124,0,163724,13.834,1297072128
66.340686,building index: loading tuples in memory,65776,9216,0,165310,13.968,1298354176
67.106158,building index: loading tuples in memory,65776,9246,0,167003,14.111,1298280448
67.882321,building index: loading tuples in memory,65776,9341,0,168743,14.258,1303240704
68.74696,building index: loading tuples in memory,65776,9437,0,170501,14.406,1303748608
69.495746,building index: loading tuples in memory,65776,9517,0,171431,14.485,1304113152
70.544037,building index: loading tuples in memory,65776,9601,0,172536,14.578,1305014272
71.413766,building index: loading tuples in memory,65776,9623,0,173766,14.682,1305325568
72.335126,building index: loading tuples in memory,65776,9713,0,175241,14.807,1306062848
73.174767,building index: loading tuples in memory,65776,9806,0,176807,14.939,1306288128
73.980706,building index: loading tuples in memory,65776,9901,0,178512,15.083,1311166464
74.741661,building index: loading tuples in memory,65776,9995,0,180110,15.218,1312210944
75.536375,building index: loading tuples in memory,65776,10095,0,182130,15.389,1312481280
76.278344,building index: loading tuples in memory,65776,10193,0,184032,15.55,1312661504
77.130785,building index: loading tuples in memory,65776,10286,0,185576,15.68,1313239040
77.970506,building index: loading tuples in memory,65776,10382,0,187288,15.825,1317797888
78.773443,building index: loading tuples in memory,65776,10475,0,188981,15.968,1318481920
79.607573,building index: loading tuples in memory,65776,10600,0,190554,16.101,1319055360
80.382977,building index: loading tuples in memory,65776,10696,0,192342,16.252,1319538688
81.161627,building index: loading tuples in memory,65776,10788,0,193850,16.379,1319780352
81.93815,building index: loading tuples in memory,65776,10886,0,195727,16.538,1324904448
82.678826,building index: loading tuples in memory,65776,10985,0,197612,16.697,1325809664
83.525543,building index: loading tuples in memory,65776,11080,0,199349,16.844,1325809664
84.281336,building index: loading tuples in memory,65776,11180,0,201338,17.012,1326399488
85.039415,building index: loading tuples in memory,65776,11272,0,202908,17.145,1246519296
85.83998,building index: loading tuples in memory,65776,11361,0,204222,17.256,1248940032
86.659894,building index: loading tuples in memory,65776,11456,0,205996,17.405,1255903232
87.453829,building index: loading tuples in memory,65776,11484,0,207503,17.533,1256390656
88.221171,building index: loading tuples in memory,65776,11572,0,208797,17.642,1256509440
88.99857,building index: loading tuples in memory,65776,11671,0,210733,17.806,1256046592
89.872028,building index: loading tuples in memory,65776,11762,0,212228,17.932,1256263680
90.689918,building index: loading tuples in memory,65776,11862,0,214159,18.095,1260232704
91.438011,building index: loading tuples in memory,65776,11957,0,215799,18.234,1260441600
92.215691,building index: loading tuples in memory,65776,12052,0,217490,18.377,1260019712
92.979904,building index: loading tuples in memory,65776,12149,0,219255,18.526,1260175360
93.756652,building index: loading tuples in memory,65776,12242,0,220817,18.658,1260597248
94.553202,building index: loading tuples in memory,65776,12335,0,222322,18.785,1264766976
95.421124,building index: loading tuples in memory,65776,12435,0,224213,18.945,1264304128
96.203829,building index: loading tuples in memory,65776,12531,0,225956,19.092,1264570368
96.980777,building index: loading tuples in memory,65776,12630,0,227890,19.255,1264160768
97.749665,building index: loading tuples in memory,65776,12725,0,229568,19.397,1264685056
98.55283,building index: loading tuples in memory,65776,12818,0,231196,19.535,1268961280
99.351913,building index: loading tuples in memory,65776,12912,0,232811,19.671,1268965376
100.185435,building index: loading tuples in memory,65776,13006,0,234430,19.808,1268989952
100.98714,building index: loading tuples in memory,65776,13133,0,236089,19.948,1269051392
101.727706,building index: loading tuples in memory,65776,13232,0,238017,20.111,1268338688
102.451195,building index: loading tuples in memory,65776,13334,0,240076,20.285,1272758272
103.285109,building index: loading tuples in memory,65776,13430,0,241819,20.432,1272848384
104.156834,building index: loading tuples in memory,65776,13528,0,243691,20.59,1273180160
104.948219,building index: loading tuples in memory,65776,13627,0,245561,20.748,1272721408
105.704367,building index: loading tuples in memory,65776,13726,0,247442,20.907,1273131008
106.506195,building index: loading tuples in memory,65776,13891,0,249420,21.075,1277661184
107.266732,building index: loading tuples in memory,65776,13993,0,251512,21.251,1277149184
108.016421,building index: loading tuples in memory,65776,14096,0,253576,21.426,1277554688
108.748865,building index: loading tuples in memory,65776,14204,0,255912,21.623,1277902848
109.509479,building index: loading tuples in memory,65776,14370,0,257941,21.795,1281982464
110.303699,building index: loading tuples in memory,65776,14473,0,260084,21.976,1281994752
111.049957,building index: loading tuples in memory,65776,14572,0,261968,22.135,1282076672
111.817877,building index: loading tuples in memory,65776,14669,0,263756,22.286,1282125824
112.707668,building index: loading tuples in memory,65776,14769,0,265651,22.446,1282310144
113.474834,building index: loading tuples in memory,65776,14872,0,267766,22.625,1286340608
114.221607,building index: loading tuples in memory,65776,14969,0,269490,22.77,1286418432
114.956296,building index: loading tuples in memory,65776,15139,0,271794,22.965,1286270976
115.675193,building index: loading tuples in memory,65776,15243,0,274019,23.153,1286377472
116.433694,building index: loading tuples in memory,65776,15344,0,276034,23.323,1286369280
117.228627,building index: loading tuples in memory,65776,15445,0,278016,23.491,1290985472
117.987912,building index: loading tuples in memory,65776,15546,0,280034,23.661,1290940416
118.721978,building index: loading tuples in memory,65776,15643,0,281870,23.816,1290424320
119.491615,building index: loading tuples in memory,65776,15741,0,283714,23.972,1290297344
120.24564,building index: loading tuples in memory,65776,15838,0,285521,24.125,1290539008
121.161087,building index: loading tuples in memory,65776,16001,0,287503,24.292,1294737408
121.88962,building index: loading tuples in memory,65776,16100,0,289371,24.45,1294815232
122.756519,building index: loading tuples in memory,65776,16196,0,291110,24.597,1294499840
123.503664,building index: loading tuples in memory,65776,16298,0,293173,24.771,1294524416
124.241609,building index: loading tuples in memory,65776,16398,0,295180,24.941,1299210240
124.984905,building index: loading tuples in memory,65776,16495,0,297003,25.095,1298632704
125.806693,building index: loading tuples in memory,65776,16595,0,298901,25.255,1298526208
126.564524,building index: loading tuples in memory,65776,16698,0,301008,25.433,1298763776
127.404588,building index: loading tuples in memory,65776,16797,0,302862,25.59,1298636800
128.131034,building index: loading tuples in memory,65776,16968,0,305182,25.786,1303076864
128.850174,building index: loading tuples in memory,65776,17057,0,306529,25.9,1303072768
129.67734,building index: loading tuples in memory,65776,17157,0,308485,26.065,1302802432
130.416316,building index: loading tuples in memory,65776,17262,0,310707,26.253,1246961664
131.215002,building index: loading tuples in memory,65776,17355,0,312271,26.385,1249419264
132.006853,building index: loading tuples in memory,65776,17450,0,313942,26.526,1253076992
132.778049,building index: loading tuples in memory,65776,17539,0,315350,26.645,1253027840
133.60827,building index: loading tuples in memory,65776,17637,0,317193,26.801,1256927232
134.373985,building index: loading tuples in memory,65776,17739,0,319232,26.973,1257394176
135.340363,building index: loading tuples in memory,65776,17837,0,321108,27.132,1257062400
136.108034,building index: loading tuples in memory,65776,17936,0,322999,27.292,1257193472
136.925924,building index: loading tuples in memory,65776,18039,0,325119,27.471,1260789760
137.670212,building index: loading tuples in memory,65776,18133,0,326800,27.613,1261035520
138.437425,building index: loading tuples in memory,65776,18231,0,328615,27.766,1261264896
139.173601,building index: loading tuples in memory,65776,18330,0,330494,27.925,1261256704
139.992598,building index: loading tuples in memory,65776,18428,0,332339,28.081,1265795072
140.744818,building index: loading tuples in memory,65776,18595,0,334491,28.263,1265913856
141.461476,building index: loading tuples in memory,65776,18700,0,336726,28.451,1265528832
142.189927,building index: loading tuples in memory,65776,18801,0,338740,28.622,1265520640
142.946146,building index: loading tuples in memory,65776,18903,0,340819,28.797,1265627136
143.91301,building index: loading tuples in memory,65776,18992,0,342167,28.911,1269841920
144.681508,building index: loading tuples in memory,65776,19086,0,343786,29.048,1269637120
145.5036,building index: loading tuples in memory,65776,19179,0,345412,29.185,1269624832
146.322095,building index: loading tuples in memory,65776,19274,0,347060,29.325,1269878784
147.108033,building index: loading tuples in memory,65776,19399,0,348623,29.457,1269719040
147.858498,building index: loading tuples in memory,65776,19496,0,350410,29.608,1269473280
148.637049,building index: loading tuples in memory,65776,19592,0,352167,29.756,1273733120
149.388026,building index: loading tuples in memory,65776,19660,0,354079,29.918,1273987072
150.123771,building index: loading tuples in memory,65776,19756,0,355765,30.06,1273352192
150.878534,building index: loading tuples in memory,65776,19884,0,357524,30.209,1273397248
151.631146,building index: loading tuples in memory,65776,19981,0,359282,30.357,1273384960
152.517292,building index: loading tuples in memory,65776,20036,0,360593,30.468,1277603840
153.27597,building index: loading tuples in memory,65776,20133,0,362366,30.618,1278050304
154.029981,building index: loading tuples in memory,65776,20232,0,364194,30.772,1277988864
154.758677,building index: loading tuples in memory,65776,20369,0,366401,30.959,1278021632
155.498093,building index: loading tuples in memory,65776,20437,0,368339,31.122,1277902848
156.248529,building index: loading tuples in memory,65776,20539,0,370320,31.29,1282338816
156.978619,building index: loading tuples in memory,65776,20704,0,372345,31.461,1282121728
157.7122,building index: loading tuples in memory,65776,20805,0,374333,31.629,1282207744
158.456519,building index: loading tuples in memory,65776,20901,0,376061,31.775,1282068480
159.198555,building index: loading tuples in memory,65776,21002,0,378041,31.942,1282228224
159.928765,building index: loading tuples in memory,65776,21101,0,379938,32.103,1288286208
160.743944,building index: loading tuples in memory,65776,21191,0,381296,32.217,1286299648
161.462627,building index: loading tuples in memory,65776,21294,0,383481,32.402,1286279168
162.219762,building index: loading tuples in memory,65776,21393,0,385338,32.559,1286598656
162.968838,building index: loading tuples in memory,65776,21497,0,387541,32.745,1290665984
163.696928,building index: loading tuples in memory,65776,21594,0,389334,32.896,1290596352
164.494993,building index: loading tuples in memory,65776,21681,0,390554,33.0,1290600448
165.269657,building index: loading tuples in memory,65776,21778,0,392332,33.15,1290264576
166.016435,building index: loading tuples in memory,65776,21878,0,394301,33.316,1290280960
166.759414,building index: loading tuples in memory,65776,21974,0,396116,33.469,1290317824
167.483,building index: loading tuples in memory,65776,22079,0,398366,33.66,1295048704
168.203241,building index: loading tuples in memory,65776,22246,0,400484,33.839,1294729216
168.94212,building index: loading tuples in memory,65776,22346,0,402438,34.004,1294610432
169.839746,building index: loading tuples in memory,65776,22445,0,404290,34.16,1295032320
170.600391,building index: loading tuples in memory,65776,22541,0,406043,34.308,1295101952
171.34488,building index: loading tuples in memory,65776,22640,0,407931,34.468,1299193856
172.099695,building index: loading tuples in memory,65776,22739,0,409812,34.627,1299210240
172.836739,building index: loading tuples in memory,65776,22839,0,411710,34.787,1298894848
173.594341,building index: loading tuples in memory,65776,22943,0,413852,34.968,1299214336
174.311731,building index: loading tuples in memory,65776,23111,0,415993,35.149,1303265280
175.050642,building index: loading tuples in memory,65776,23210,0,417862,35.307,1246408704
175.872783,building index: loading tuples in memory,65776,23312,0,419992,35.487,1250070528
176.590983,building index: loading tuples in memory,65776,23412,0,421971,35.654,1255448576
177.523676,building index: loading tuples in memory,65776,23510,0,423821,35.81,1254473728
178.391911,building index: loading tuples in memory,65776,23610,0,425736,35.972,1254567936
179.137869,building index: loading tuples in memory,65776,23710,0,427704,36.138,1258782720
179.895957,building index: loading tuples in memory,65776,23875,0,429712,36.308,1259048960
180.625379,building index: loading tuples in memory,65776,23979,0,431914,36.494,1258971136
181.345773,building index: loading tuples in memory,65776,24080,0,433958,36.667,1258762240
182.12348,building index: loading tuples in memory,65776,24181,0,435890,36.83,1263116288
182.901228,building index: loading tuples in memory,65776,24285,0,438036,37.011,1263005696
183.736275,building index: loading tuples in memory,65776,24413,0,439782,37.159,1263091712
184.492491,building index: loading tuples in memory,65776,24478,0,441542,37.308,1262854144
185.275343,building index: loading tuples in memory,65776,24571,0,443106,37.44,1262817280
186.035848,building index: loading tuples in memory,65776,24736,0,445107,37.609,1267056640
186.785986,building index: loading tuples in memory,65776,24767,0,446762,37.749,1266868224
187.503312,building index: loading tuples in memory,65776,24935,0,448919,37.931,1267048448
188.242902,building index: loading tuples in memory,65776,25035,0,450925,38.101,1267052544
188.989365,building index: loading tuples in memory,65776,25139,0,453135,38.287,1267007488
189.709933,building index: loading tuples in memory,65776,25237,0,454904,38.437,1271373824
190.469003,building index: loading tuples in memory,65776,25337,0,456870,38.603,1271410688
191.21549,building index: loading tuples in memory,65776,25435,0,458738,38.761,1271226368
191.960333,building index: loading tuples in memory,65776,25532,0,460480,38.908,1271267328
192.689926,building index: loading tuples in memory,65776,25630,0,462390,39.069,1271324672
193.44494,building index: loading tuples in memory,65776,25829,0,464468,39.245,1275052032
194.18501,building index: loading tuples in memory,65776,25902,0,466696,39.433,1275330560
194.90612,building index: loading tuples in memory,65776,26026,0,468216,39.562,1275084800
195.660442,building index: loading tuples in memory,65776,26088,0,469965,39.709,1275408384
196.466814,building index: loading tuples in memory,65776,26184,0,471766,39.861,1275940864
197.208075,building index: loading tuples in memory,65776,26313,0,473624,40.018,1279913984
197.973681,building index: loading tuples in memory,65776,26408,0,475318,40.162,1279692800
198.728254,building index: loading tuples in memory,65776,26540,0,477308,40.33,1279692800
199.470839,building index: loading tuples in memory,65776,26639,0,479258,40.494,1279668224
200.201362,building index: loading tuples in memory,65776,26743,0,481423,40.677,1279488000
200.914526,building index: loading tuples in memory,65776,26845,0,483527,40.855,1283772416
201.647769,building index: loading tuples in memory,65776,27011,0,485611,41.031,1283784704
202.362048,building index: loading tuples in memory,65776,27113,0,487669,41.205,1283776512
203.096646,building index: loading tuples in memory,65776,27214,0,489655,41.373,1283911680
203.837229,building index: loading tuples in memory,65776,27304,0,491058,41.492,1288417280
204.650161,building index: loading tuples in memory,65776,27401,0,492912,41.648,1287839744
205.39361,building index: loading tuples in memory,65776,27498,0,494733,41.802,1288081408
206.148423,building index: loading tuples in memory,65776,27593,0,496437,41.946,1287888896
206.873983,building index: loading tuples in memory,65776,27697,0,498648,42.133,1288130560
207.652327,building index: loading tuples in memory,65776,27800,0,500755,42.311,1292238848
208.490958,building index: loading tuples in memory,65776,27895,0,502472,42.456,1292128256
209.261487,building index: loading tuples in memory,65776,27998,0,504538,42.631,1292292096
210.051534,building index: loading tuples in memory,65776,28163,0,506498,42.796,1292673024
210.856807,building index: loading tuples in memory,65776,28262,0,508401,42.957,1292050432
211.613489,building index: loading tuples in memory,65776,28361,0,510340,43.121,1296535552
212.357526,building index: loading tuples in memory,65776,28451,0,511763,43.241,1296441344
213.139543,building index: loading tuples in memory,65776,28555,0,513938,43.425,1296244736
213.853629,building index: loading tuples in memory,65776,28661,0,516154,43.612,1296171008
214.577899,building index: loading tuples in memory,65776,28759,0,518037,43.771,1296400384
215.300996,building index: loading tuples in memory,65776,28928,0,520281,43.961,1300926464
216.022518,building index: loading tuples in memory,65776,29027,0,522205,44.123,1300705280
216.763302,building index: loading tuples in memory,65776,29054,0,523663,44.246,1300549632
217.603957,building index: loading tuples in memory,65776,29143,0,524954,44.356,1300357120
218.369374,building index: loading tuples in memory,65776,29242,0,526784,44.51,1300660224
219.256476,building index: loading tuples in memory,65776,29343,0,528764,44.677,1304969216
220.015945,building index: loading tuples in memory,65776,29510,0,530845,44.853,1274630144
220.753518,building index: loading tuples in memory,65776,29605,0,532505,44.994,1246105600
221.724137,building index: loading tuples in memory,65776,29707,0,534572,45.168,1251737600
222.461462,building index: loading tuples in memory,65776,29809,0,536590,45.339,1251897344
223.206185,building index: loading tuples in memory,65776,29904,0,538222,45.477,1256124416
223.966134,building index: loading tuples in memory,65776,30003,0,540081,45.634,1256124416
224.727774,building index: loading tuples in memory,65776,30101,0,541977,45.794,1256222720
225.49151,building index: loading tuples in memory,65776,30201,0,543856,45.953,1255923712
226.256685,building index: loading tuples in memory,65776,30368,0,546001,46.134,1259929600
226.976695,building index: loading tuples in memory,65776,30467,0,547872,46.292,1259986944
227.753114,building index: loading tuples in memory,65776,30561,0,549523,46.431,1260134400
228.534381,building index: loading tuples in memory,65776,30666,0,551702,46.616,1260146688
229.259288,building index: loading tuples in memory,65776,30763,0,553493,46.767,1261101056
230.209778,building index: loading tuples in memory,65776,30862,0,555295,46.919,1265414144
230.947439,building index: loading tuples in memory,65776,30961,0,557174,47.078,1264885760
231.743526,building index: loading tuples in memory,65776,31064,0,559273,47.255,1265266688
232.539557,building index: loading tuples in memory,65776,31166,0,561339,47.43,1265090560
233.268378,building index: loading tuples in memory,65776,31332,0,563377,47.602,1265139712
233.987353,building index: loading tuples in memory,65776,31433,0,565384,47.772,1269248000
234.755171,building index: loading tuples in memory,65776,31537,0,567546,47.954,1269211136
235.47756,building index: loading tuples in memory,65776,31637,0,569484,48.118,1269374976
236.22925,building index: loading tuples in memory,65776,31736,0,571394,48.279,1269506048
236.980947,building index: loading tuples in memory,65776,31829,0,572955,48.411,1273929728
237.836027,building index: loading tuples in memory,65776,31918,0,574330,48.528,1273823232
238.87104,building index: loading tuples in memory,65776,32009,0,575808,48.652,1273548800
239.671695,building index: loading tuples in memory,65776,32099,0,577176,48.768,1273716736
240.391443,building index: loading tuples in memory,65776,32197,0,579013,48.923,1273577472
241.149335,building index: loading tuples in memory,65776,32295,0,580868,49.08,1273372672
241.876362,building index: loading tuples in memory,65776,32390,0,582586,49.225,1277882368
242.63834,building index: loading tuples in memory,65776,32486,0,584353,49.374,1278156800
243.401339,building index: loading tuples in memory,65776,32584,0,586178,49.529,1277710336
244.301203,building index: loading tuples in memory,65776,32681,0,588012,49.684,1277403136
245.066399,building index: loading tuples in memory,65776,32769,0,589309,49.793,1277394944
245.812781,building index: loading tuples in memory,65776,32867,0,591149,49.949,1282015232
246.540864,building index: loading tuples in memory,65776,32969,0,593232,50.125,1281867776
247.300722,building index: loading tuples in memory,65776,33067,0,595041,50.277,1281826816
248.055109,building index: loading tuples in memory,65776,33160,0,596660,50.414,1282101248
248.789191,building index: loading tuples in memory,65776,33260,0,598605,50.579,1282121728
249.54103,building index: loading tuples in memory,65776,33360,0,600528,50.741,1286139904
250.303732,building index: loading tuples in memory,65776,33453,0,602128,50.876,1285918720
251.058181,building index: loading tuples in memory,65776,33549,0,603896,51.026,1285967872
251.796781,building index: loading tuples in memory,65776,33645,0,605573,51.167,1286119424
252.622668,building index: loading tuples in memory,65776,33745,0,607555,51.335,1286258688
253.457196,building index: loading tuples in memory,65776,33840,0,609230,51.476,1285881856
254.285325,building index: loading tuples in memory,65776,33935,0,610836,51.612,1290276864
255.048651,building index: loading tuples in memory,65776,34029,0,612481,51.751,1290162176
255.852109,building index: loading tuples in memory,65776,34122,0,614066,51.885,1290162176
256.632563,building index: loading tuples in memory,65776,34212,0,615514,52.007,1290432512
257.412826,building index: loading tuples in memory,65776,34306,0,617179,52.148,1290473472
258.190247,building index: loading tuples in memory,65776,34335,0,618771,52.283,1294589952
259.049894,building index: loading tuples in memory,65776,34431,0,620438,52.423,1294589952
259.83521,building index: loading tuples in memory,65776,34525,0,622125,52.566,1294471168
260.650862,building index: loading tuples in memory,65776,34616,0,623585,52.689,1294630912
261.388545,building index: loading tuples in memory,65776,34713,0,625410,52.843,1294442496
262.137565,building index: loading tuples in memory,65776,34797,0,626464,52.933,1294565376
262.893365,building index: loading tuples in memory,65776,34889,0,627978,53.06,1298624512
263.646556,building index: loading tuples in memory,65776,34985,0,629678,53.204,1298796544
264.408722,building index: loading tuples in memory,65776,35082,0,631539,53.361,1298628608
265.211324,building index: loading tuples in memory,65776,35183,0,633488,53.526,1246056448
265.990778,building index: loading tuples in memory,65776,35286,0,635613,53.706,1248997376
266.709821,building index: loading tuples in memory,65776,35383,0,637348,53.852,1252421632
267.500035,building index: loading tuples in memory,65776,35482,0,639212,54.01,1252294656
268.26585,building index: loading tuples in memory,65776,35582,0,641147,54.173,1256685568
269.026786,building index: loading tuples in memory,65776,35675,0,642714,54.306,1256448000
269.80487,building index: loading tuples in memory,65776,35772,0,644489,54.456,1256984576
270.558371,building index: loading tuples in memory,65776,35863,0,645987,54.582,1256546304
271.428358,building index: loading tuples in memory,65776,35958,0,647641,54.722,1260679168
272.171204,building index: loading tuples in memory,65776,36056,0,649525,54.881,1260670976
272.90218,building index: loading tuples in memory,65776,36155,0,651457,55.044,1261121536
273.673662,building index: loading tuples in memory,65776,36254,0,653340,55.203,1260728320
274.405034,building index: loading tuples in memory,65776,36422,0,655507,55.387,1260711936
275.119794,building index: loading tuples in memory,65776,36515,0,657109,55.522,1265033216
275.869853,building index: loading tuples in memory,65776,36614,0,658937,55.676,1264762880
276.616226,building index: loading tuples in memory,65776,36711,0,660709,55.826,1265008640
277.369624,building index: loading tuples in memory,65776,36803,0,662234,55.955,1265201152
278.111236,building index: loading tuples in memory,65776,36898,0,663958,56.101,1265201152
278.850221,building index: loading tuples in memory,65776,37000,0,666011,56.274,1269063680
279.564705,building index: loading tuples in memory,65776,37015,0,666848,56.345,1269182464
280.360398,building index: loading tuples in memory,65776,37109,0,668511,56.485,1269436416
281.080102,building index: loading tuples in memory,65776,37206,0,670357,56.641,1269153792
281.817483,building index: loading tuples in memory,65776,37301,0,671968,56.777,1269329920
282.592041,building index: loading tuples in memory,65776,37397,0,673687,56.923,1269207040
283.359837,building index: loading tuples in memory,65776,37491,0,675359,57.064,1275359232
284.14148,building index: loading tuples in memory,65776,37589,0,677231,57.222,1273335808
284.916109,building index: loading tuples in memory,65776,37688,0,679131,57.383,1273098240
285.638681,building index: loading tuples in memory,65776,37821,0,681185,57.556,1273102336
286.373558,building index: loading tuples in memory,65776,37986,0,683128,57.72,1273294848
287.115114,building index: loading tuples in memory,65776,38086,0,685111,57.888,1277837312
287.85115,building index: loading tuples in memory,65776,38103,0,685972,57.961,1277472768
288.621491,building index: loading tuples in memory,65776,38196,0,687583,58.097,1277423616
289.378548,building index: loading tuples in memory,65776,38292,0,689280,58.24,1278070784
290.137149,building index: loading tuples in memory,65776,38385,0,690858,58.373,1277837312
290.898465,building index: loading tuples in memory,65776,38480,0,692504,58.513,1277829120
291.651302,building index: loading tuples in memory,65776,38581,0,694508,58.682,1281990656
292.451334,building index: loading tuples in memory,65776,38684,0,696668,58.864,1281785856
293.179988,building index: loading tuples in memory,65776,38782,0,698500,59.019,1281859584
293.927461,building index: loading tuples in memory,65776,38946,0,700496,59.188,1282469888
294.678907,building index: loading tuples in memory,65776,39043,0,702301,59.34,1286254592
295.43556,building index: loading tuples in memory,65776,39139,0,704064,59.489,1286254592
296.175606,building index: loading tuples in memory,65776,39160,0,705232,59.588,1286520832
296.926545,building index: loading tuples in memory,65776,39255,0,706931,59.732,1286656000
297.767836,building index: loading tuples in memory,65776,39349,0,708572,59.87,1286258688
298.524994,building index: loading tuples in memory,65776,39447,0,710449,60.029,1286488064
299.262005,building index: loading tuples in memory,65776,39548,0,712428,60.196,1290637312
300.019497,building index: loading tuples in memory,65776,39644,0,714149,60.341,1290768384
300.774928,building index: loading tuples in memory,65776,39808,0,716056,60.503,1290874880
301.537694,building index: loading tuples in memory,65776,39838,0,717730,60.644,1291120640
302.330282,building index: loading tuples in memory,65776,39932,0,719339,60.78,1291264000
303.094733,building index: loading tuples in memory,65776,40029,0,721112,60.93,1295159296
303.88464,building index: loading tuples in memory,65776,40192,0,723039,61.093,1295601664
304.663487,building index: loading tuples in memory,65776,40218,0,724467,61.213,1295261696
305.492275,building index: loading tuples in memory,65776,40388,0,726671,61.399,1295134720
306.209764,building index: loading tuples in memory,65776,40485,0,728522,61.556,1295544320
307.048852,building index: loading tuples in memory,65776,40616,0,730471,61.721,1299603456
307.77752,building index: loading tuples in memory,65776,40683,0,732381,61.882,1299742720
308.527059,building index: loading tuples in memory,65776,40775,0,733887,62.009,1300054016
309.314999,building index: loading tuples in memory,65776,40905,0,735695,62.162,1300148224
310.063881,building index: loading tuples in memory,65776,41001,0,737499,62.314,1244651520
310.814932,building index: loading tuples in memory,65776,41095,0,739118,62.451,1247412224
311.564948,building index: loading tuples in memory,65776,41194,0,740983,62.609,1250668544
312.292116,building index: loading tuples in memory,65776,41296,0,743060,62.784,1250914304
313.036334,building index: loading tuples in memory,65776,41389,0,744675,62.921,1255055360
313.913382,building index: loading tuples in memory,65776,41489,0,746594,63.083,1255469056
314.650133,building index: loading tuples in memory,65776,41584,0,748283,63.226,1255235584
315.421673,building index: loading tuples in memory,65776,41681,0,750060,63.376,1255677952
316.165227,building index: loading tuples in memory,65776,41778,0,751806,63.523,1259958272
316.925948,building index: loading tuples in memory,65776,41873,0,753513,63.667,1259761664
317.680154,building index: loading tuples in memory,65776,41972,0,755406,63.827,1259577344
318.404315,building index: loading tuples in memory,65776,42073,0,757391,63.995,1259409408
319.124391,building index: loading tuples in memory,65776,42169,0,759104,64.14,1260343296
319.926016,building index: loading tuples in memory,65776,42269,0,761017,64.301,1264812032
320.69472,building index: loading tuples in memory,65776,42367,0,762851,64.456,1264906240
321.453143,building index: loading tuples in memory,65776,42459,0,764380,64.586,1264975872
322.329871,building index: loading tuples in memory,65776,42552,0,765935,64.717,1264799744
323.089916,building index: loading tuples in memory,65776,42644,0,767481,64.848,1264918528
323.850008,building index: loading tuples in memory,65776,42740,0,769217,64.994,1269157888
324.601039,building index: loading tuples in memory,65776,42842,0,771304,65.171,1268961280
325.330446,building index: loading tuples in memory,65776,42942,0,773274,65.337,1269170176
326.073333,building index: loading tuples in memory,65776,43106,0,775178,65.498,1269039104
326.817911,building index: loading tuples in memory,65776,43205,0,777135,65.663,1269383168
327.692581,building index: loading tuples in memory,65776,43297,0,778627,65.789,1269506048
328.443158,building index: loading tuples in memory,65776,43393,0,780361,65.936,1273733120
329.198436,building index: loading tuples in memory,65776,43488,0,782020,66.076,1273921536
329.990974,building index: loading tuples in memory,65776,43519,0,783730,66.221,1273769984
330.965578,building index: loading tuples in memory,65776,43680,0,785504,66.37,1274036224
331.71541,building index: loading tuples in memory,65776,43776,0,787287,66.521,1274155008
332.484631,building index: loading tuples in memory,65776,43802,0,788703,66.641,1278087168
333.266302,building index: loading tuples in memory,65776,43900,0,790557,66.797,1279418368
334.084274,building index: loading tuples in memory,65776,43997,0,792315,66.946,1278406656
334.834584,building index: loading tuples in memory,65776,44094,0,794089,67.096,1278644224
335.59731,building index: loading tuples in memory,65776,44184,0,795501,67.215,1278521344
336.375103,building index: loading tuples in memory,65776,44280,0,797244,67.362,1278418944
337.109232,building index: loading tuples in memory,65776,44375,0,798914,67.504,1278599168
337.852583,building index: loading tuples in memory,65776,44475,0,800855,67.668,1278861312
338.575346,building index: loading tuples in memory,65776,44564,0,802260,67.786,1278464000
339.481587,building index: loading tuples in memory,65776,44659,0,804004,67.934,1278660608
340.314951,building index: loading tuples in memory,65776,44754,0,805647,68.072,1278730240
341.074007,building index: loading tuples in memory,65776,44850,0,807373,68.218,1282789376
341.816589,building index: loading tuples in memory,65776,44945,0,809007,68.356,1283387392
342.597495,building index: loading tuples in memory,65776,45042,0,810767,68.505,1283682304
343.371643,building index: loading tuples in memory,65776,45136,0,812355,68.639,1283833856
344.13573,building index: loading tuples in memory,65776,45231,0,814027,68.781,1283178496
344.86341,building index: loading tuples in memory,65776,45334,0,816143,68.959,1287483392
345.589254,building index: loading tuples in memory,65776,45430,0,817879,69.106,1287761920
346.352599,building index: loading tuples in memory,65776,45531,0,819874,69.275,1287188480
347.327128,building index: loading tuples in memory,65776,45628,0,821620,69.422,1287569408
348.10162,building index: loading tuples in memory,65776,45721,0,823202,69.556,1287753728
348.864709,building index: loading tuples in memory,65776,45816,0,824946,69.703,1292197888
349.6337,building index: loading tuples in memory,65776,45914,0,826792,69.859,1292242944
350.399215,building index: loading tuples in memory,65776,46009,0,828450,69.999,1292644352
351.124641,building index: loading tuples in memory,65776,46177,0,830548,70.176,1292570624
351.850878,building index: loading tuples in memory,65776,46277,0,832514,70.343,1292480512
352.581683,building index: loading tuples in memory,65776,46374,0,834330,70.496,1292546048
353.345628,building index: loading tuples in memory,65776,46477,0,836408,70.672,1297121280
354.136549,building index: loading tuples in memory,65776,46570,0,838046,70.81,1297412096
354.972643,building index: loading tuples in memory,65776,46668,0,839843,70.962,1245200384
355.908858,building index: loading tuples in memory,65776,46764,0,841558,71.107,1245151232
356.660339,building index: loading tuples in memory,65776,46857,0,843157,71.242,1245532160
357.479083,building index: loading tuples in memory,65776,46949,0,844648,71.368,1245462528
358.302176,building index: loading tuples in memory,65776,47043,0,846288,71.506,1245995008
359.161025,building index: loading tuples in memory,65776,47141,0,848125,71.662,1245753344
359.908712,building index: loading tuples in memory,65776,47241,0,850099,71.828,1246007296
360.640506,building index: loading tuples in memory,65776,47338,0,851854,71.977,1246543872
361.402523,building index: loading tuples in memory,65776,47435,0,853640,72.128,1246289920
362.194285,building index: loading tuples in memory,65776,47528,0,855207,72.26,1246527488
362.940048,building index: loading tuples in memory,65776,47623,0,856879,72.401,1246818304
363.695445,building index: loading tuples in memory,65776,47713,0,858278,72.519,1246781440
364.477117,building index: loading tuples in memory,65776,47808,0,860041,72.668,1246769152
365.201532,building index: loading tuples in memory,65776,47837,0,861651,72.804,1247203328
365.949361,building index: loading tuples in memory,65776,48000,0,863576,72.967,1247481856
366.665669,building index: loading tuples in memory,65776,48101,0,865589,73.137,1247567872
367.509886,building index: loading tuples in memory,65776,48199,0,867367,73.287,1247887360
368.255856,building index: loading tuples in memory,65776,48294,0,869075,73.432,1247793152
368.993486,building index: loading tuples in memory,65776,48388,0,870693,73.568,1248055296
369.727492,building index: loading tuples in memory,65776,48484,0,872487,73.72,1248038912
370.493936,building index: loading tuples in memory,65776,48585,0,874496,73.89,1248464896
371.207778,building index: loading tuples in memory,65776,48687,0,876539,74.062,1248391168
371.940429,building index: loading tuples in memory,65776,48771,0,877617,74.153,1248727040
372.700727,building index: loading tuples in memory,65776,48873,0,879674,74.327,1249034240
373.44017,building index: loading tuples in memory,65776,48967,0,881314,74.466,1249165312
374.176838,building index: loading tuples in memory,65776,49063,0,882989,74.607,1249054720
374.927733,building index: loading tuples in memory,65776,49156,0,884553,74.74,1252769792
375.737336,building index: loading tuples in memory,65776,49251,0,886263,74.884,1249251328
376.463391,building index: loading tuples in memory,65776,49347,0,887937,75.025,1249476608
377.200252,building index: loading tuples in memory,65776,49449,0,889995,75.199,1249607680
377.945604,building index: loading tuples in memory,65776,49550,0,891991,75.368,1249878016
378.699744,building index: loading tuples in memory,65776,49649,0,893852,75.525,1249980416
379.419102,building index: loading tuples in memory,65776,49746,0,895594,75.672,1250013184
380.705338,building index: loading tuples in memory,65776,49839,0,897094,75.799,1250492416
381.482444,building index: loading tuples in memory,65776,49929,0,898499,75.918,1250500608
382.25965,building index: loading tuples in memory,65776,50022,0,900115,76.054,1250811904
382.999574,building index: loading tuples in memory,65776,50116,0,901726,76.191,1250988032
383.749994,building index: loading tuples in memory,65776,50216,0,903667,76.355,1250910208
384.468488,building index: loading tuples in memory,65776,50318,0,905683,76.525,1251131392
385.207802,building index: loading tuples in memory,65776,50413,0,907351,76.666,1251565568
385.954981,building index: loading tuples in memory,65776,50513,0,909268,76.828,1251487744
387.014007,building index: loading tuples in memory,65776,50607,0,910857,76.962,1251991552
387.875738,building index: loading tuples in memory,65776,50691,0,911981,77.057,1251823616
388.632485,building index: loading tuples in memory,65776,50785,0,913584,77.192,1252229120
389.392981,building index: loading tuples in memory,65776,50883,0,915431,77.349,1252655104
390.144653,building index: loading tuples in memory,65776,50983,0,917337,77.51,1252270080
390.867408,building index: loading tuples in memory,65776,51086,0,919461,77.689,1252352000
391.596872,building index: loading tuples in memory,65776,51184,0,921359,77.849,1253036032
392.34363,building index: loading tuples in memory,65776,51282,0,923226,78.007,1253072896
393.117926,building index: loading tuples in memory,65776,51382,0,925121,78.167,1252761600
393.945038,building index: loading tuples in memory,65776,51473,0,926573,78.29,1253314560
394.709053,building index: loading tuples in memory,65776,51568,0,928265,78.433,1253048320
395.463014,building index: loading tuples in memory,65776,51665,0,930072,78.586,1253163008
396.220184,building index: loading tuples in memory,65776,51755,0,931469,78.704,1253449728
397.120621,building index: loading tuples in memory,65776,51855,0,933437,78.87,1253822464
397.835668,building index: loading tuples in memory,65776,51956,0,935382,79.034,1254273024
398.58823,building index: loading tuples in memory,65776,52051,0,937104,79.18,1253830656
399.330687,building index: loading tuples in memory,65776,52153,0,939146,79.352,1254080512
400.063062,building index: loading tuples in memory,65776,52250,0,940963,79.506,1254625280
400.87311,building index: loading tuples in memory,65776,52347,0,942730,79.655,1244565504
401.649432,building index: loading tuples in memory,65776,52444,0,944521,79.806,1244524544
402.402262,building index: loading tuples in memory,65776,52538,0,946157,79.945,1244725248
403.159702,building index: loading tuples in memory,65776,52632,0,947801,80.084,1245110272
403.948471,building index: loading tuples in memory,65776,52733,0,949842,80.256,1244921856
404.71918,building index: loading tuples in memory,65776,52823,0,951279,80.378,1245634560
405.596767,building index: loading tuples in memory,65776,52922,0,953239,80.543,1245642752
406.379582,building index: loading tuples in memory,65776,53015,0,954771,80.673,1245765632
407.173359,building index: loading tuples in memory,65776,53109,0,956492,80.818,1245679616
407.912185,building index: loading tuples in memory,65776,53205,0,958138,80.957,1245937664
408.698817,building index: loading tuples in memory,65776,53298,0,959717,81.09,1245847552
409.52424,building index: loading tuples in memory,65776,53394,0,961439,81.236,1247289344
410.353914,building index: loading tuples in memory,65776,53496,0,963491,81.409,1247088640
411.07074,building index: loading tuples in memory,65776,53589,0,965038,81.54,1247477760
411.821987,building index: loading tuples in memory,65776,53689,0,966985,81.705,1247911936
412.532043,building index: loading tuples in memory,65776,53789,0,968911,81.867,1248043008
413.350472,building index: loading tuples in memory,65776,53884,0,970569,82.007,1248088064
414.22978,building index: loading tuples in memory,65776,53980,0,972337,82.157,1248223232
414.975202,building index: loading tuples in memory,65776,54073,0,973891,82.288,1248591872
415.705299,building index: loading tuples in memory,65776,54169,0,975664,82.438,1248268288
416.460276,building index: loading tuples in memory,65776,54271,0,977742,82.613,1248739328
417.270939,building index: loading tuples in memory,65776,54358,0,979008,82.72,1249083392
418.074359,building index: loading tuples in memory,65776,54456,0,980761,82.869,1249128448
418.805703,building index: loading tuples in memory,65776,54558,0,982772,83.038,1248903168
419.586173,building index: loading tuples in memory,65776,54686,0,984489,83.184,1249054720
420.339897,building index: loading tuples in memory,65776,54783,0,986290,83.336,1249562624
421.091236,building index: loading tuples in memory,65776,54844,0,987862,83.469,1249804288
421.846377,building index: flushing in-memory graph,65776,54918,0,988411,83.515,1428951040
422.73985,building index: flushing in-memory graph,65776,54918,0,988411,83.515,1607647232
423.518936,building index: flushing in-memory graph,65776,54918,0,988411,83.515,1793622016
424.300955,building index: flushing in-memory graph,65776,54918,0,988411,83.515,1987760128
425.07729,building index: flushing in-memory graph,65776,54918,0,988411,83.515,1987792896
425.868926,building index: flushing in-memory graph,65776,54918,0,988411,83.515,1988128768
426.608875,building index: flushing in-memory graph,65776,54918,0,988411,83.515,1988304896
427.348034,building index: flushing in-memory graph,65776,54918,0,988411,83.515,1988153344
428.081198,building index: loading tuples on disk,65776,54919,0,988426,83.516,1988091904
428.806734,building index: loading tuples on disk,65776,54921,0,988537,83.526,1988771840
429.621859,building index: loading tuples on disk,65776,54923,0,988674,83.537,1989083136
430.356616,building index: loading tuples on disk,65776,54926,0,988811,83.549,1988669440
431.235154,building index: loading tuples on disk,65776,54928,0,988945,83.56,1990201344
432.071044,building index: loading tuples on disk,65776,54930,0,989080,83.571,1991532544
432.9678,building index: loading tuples on disk,65776,54933,0,989202,83.582,1989468160
433.745041,building index: loading tuples on disk,65776,54935,0,989322,83.592,1991647232
434.517504,building index: loading tuples on disk,65776,54938,0,989462,83.604,1992417280
435.2772,building index: loading tuples on disk,65776,54940,0,989598,83.615,1992724480
436.063032,building index: loading tuples on disk,65776,54942,0,989688,83.623,1992744960
436.854116,building index: loading tuples on disk,65776,55008,0,989837,83.635,1992835072
437.60375,building index: loading tuples on disk,65776,55011,0,989969,83.647,1992589312
438.387571,building index: loading tuples on disk,65776,55013,0,990102,83.658,1992732672
439.440636,building index: loading tuples on disk,65776,55016,0,990230,83.669,1993015296
440.211917,building index: loading tuples on disk,65776,55017,0,990337,83.678,1993453568
440.979474,building index: loading tuples on disk,65776,55020,0,990462,83.688,1993224192
441.743241,building index: loading tuples on disk,65776,55022,0,990604,83.7,1992515584
442.576085,building index: loading tuples on disk,65776,55025,0,990744,83.712,1993265152
443.310425,building index: loading tuples on disk,65776,55028,0,990894,83.725,1993486336
444.05158,building index: loading tuples on disk,65776,55030,0,991029,83.736,1996824576
444.809456,building index: loading tuples on disk,65776,55032,0,991165,83.748,1997094912
445.543574,building index: loading tuples on disk,65776,55035,0,991314,83.76,1985167360
446.377652,building index: loading tuples on disk,65776,55037,0,991416,83.769,1985277952
447.28958,building index: loading tuples on disk,65776,55039,0,991521,83.778,1985257472
448.149309,building index: loading tuples on disk,65776,55105,0,991640,83.788,1985630208
448.944492,building index: loading tuples on disk,65776,55108,0,991760,83.798,1985626112
449.704928,building index: loading tuples on disk,65776,55110,0,991907,83.81,1985921024
450.439824,building index: loading tuples on disk,65776,55113,0,992037,83.821,1986273280
451.196985,building index: loading tuples on disk,65776,55115,0,992172,83.833,1986650112
451.939962,building index: loading tuples on disk,65776,55117,0,992302,83.844,1986781184
452.716537,building index: loading tuples on disk,65776,55120,0,992423,83.854,1987219456
453.509286,building index: loading tuples on disk,65776,55122,0,992548,83.864,1987878912
454.409731,building index: loading tuples on disk,65776,55124,0,992671,83.875,1987608576
455.24628,building index: loading tuples on disk,65776,55126,0,992794,83.885,1989242880
455.989615,building index: loading tuples on disk,65776,55129,0,992937,83.897,1989324800
456.732139,building index: loading tuples on disk,65776,55132,0,993065,83.908,1989529600
457.476744,building index: loading tuples on disk,65776,55134,0,993196,83.919,1989918720
458.210401,building index: loading tuples on disk,65776,55201,0,993340,83.931,1990328320
458.948522,building index: loading tuples on disk,65776,55203,0,993463,83.942,1990017024
459.715669,building index: loading tuples on disk,65776,55205,0,993586,83.952,1990381568
460.473577,building index: loading tuples on disk,65776,55208,0,993715,83.963,1990004736
461.301008,building index: loading tuples on disk,65776,55210,0,993842,83.974,1990107136
462.073465,building index: loading tuples on disk,65776,55213,0,993976,83.985,1990246400
463.000556,building index: loading tuples on disk,65776,55215,0,994097,83.995,1990750208
463.871396,building index: loading tuples on disk,65776,55217,0,994224,84.006,1990721536
464.623101,building index: loading tuples on disk,65776,55220,0,994346,84.016,1990414336
465.480579,building index: loading tuples on disk,65776,55222,0,994466,84.027,1993723904
466.249344,building index: loading tuples on disk,65776,55224,0,994594,84.037,1993932800
467.007036,building index: loading tuples on disk,65776,55226,0,994711,84.047,1994461184
467.791375,building index: loading tuples on disk,65776,55229,0,994847,84.059,1994649600
468.560503,building index: loading tuples on disk,65776,55231,0,994974,84.069,1994235904
469.344622,building index: loading tuples on disk,65776,55298,0,995110,84.081,1995141120
470.091064,building index: loading tuples on disk,65776,55300,0,995241,84.092,1995194368
470.856364,building index: loading tuples on disk,65776,55303,0,995383,84.104,1995563008
471.978063,building index: loading tuples on disk,65776,55305,0,995506,84.114,1995542528
472.739453,building index: loading tuples on disk,65776,55308,0,995621,84.124,1995759616
473.518621,building index: loading tuples on disk,65776,55310,0,995730,84.133,1996025856
474.274417,building index: loading tuples on disk,65776,55312,0,995862,84.145,1995788288
475.073572,building index: loading tuples on disk,65776,55314,0,995994,84.156,1995735040
475.819954,building index: loading tuples on disk,65776,55316,0,996104,84.165,1996337152
476.581392,building index: loading tuples on disk,65776,55319,0,996226,84.175,1996050432
477.51845,building index: loading tuples on disk,65776,55321,0,996351,84.186,1996537856
478.392086,building index: loading tuples on disk,65776,55323,0,996471,84.196,1995857920
479.156364,building index: loading tuples on disk,65776,55326,0,996601,84.207,1996734464
480.064789,building index: loading tuples on disk,65776,55392,0,996714,84.216,1996554240
480.939151,building index: loading tuples on disk,65776,55393,0,996802,84.224,1996369920
481.813574,building index: loading tuples on disk,65776,55395,0,996900,84.232,1996529664
482.633948,building index: loading tuples on disk,65776,55398,0,997019,84.242,1996791808
483.606641,building index: loading tuples on disk,65776,55400,0,997146,84.253,1996701696
484.433826,building index: loading tuples on disk,65776,55402,0,997266,84.263,1997287424
485.456832,building index: loading tuples on disk,65776,55404,0,997374,84.272,1997217792
486.311607,building index: loading tuples on disk,65776,55406,0,997481,84.281,1997099008
487.159607,building index: loading tuples on disk,65776,55408,0,997592,84.291,1996836864
487.978955,building index: loading tuples on disk,65776,55409,0,997662,84.297,1996886016
488.975811,building index: loading tuples on disk,65776,55411,0,997782,84.307,1997066240
489.793576,building index: loading tuples on disk,65776,55413,0,997893,84.316,1997328384
490.614082,building index: loading tuples on disk,65776,55415,0,997997,84.325,1989681152
491.481935,building index: loading tuples on disk,65776,55417,0,998097,84.333,1990389760
492.421685,building index: loading tuples on disk,65776,55419,0,998188,84.341,1990766592
493.272106,building index: loading tuples on disk,65776,55421,0,998287,84.349,1990856704
494.157312,building index: loading tuples on disk,65776,55423,0,998399,84.359,1990336512
495.088808,building index: loading tuples on disk,65776,55489,0,998518,84.369,1990426624
495.85955,building index: loading tuples on disk,65776,55491,0,998640,84.379,1990623232
496.767798,building index: loading tuples on disk,65776,55492,0,998693,84.384,1990754304
497.569589,building index: loading tuples on disk,65776,55494,0,998805,84.393,1991045120
498.382745,building index: loading tuples on disk,65776,55497,0,998921,84.403,1991217152
499.218793,building index: loading tuples on disk,65776,55499,0,999027,84.412,1991921664
500.057283,building index: loading tuples on disk,65776,55501,0,999142,84.422,1992318976
500.867176,building index: loading tuples on disk,65776,55503,0,999255,84.431,1992511488
501.728056,building index: loading tuples on disk,65776,55505,0,999381,84.442,1992249344
502.488372,building index: loading tuples on disk,65776,55508,0,999506,84.452,1992478720
503.268511,building index: loading tuples on disk,65776,55510,0,999617,84.462,1994838016
504.052936,building index: loading tuples on disk,65776,55512,0,999758,84.474,1995268096
504.912475,building index: loading tuples on disk,65776,55514,0,999849,84.481,1995333632
505.72941,building index: loading tuples on disk,65776,55516,0,999964,84.491,1995284480
506.527903,building index: loading tuples on disk,65776,55518,0,1000083,84.501,1996242944
507.352252,building index: loading tuples on disk,65776,55584,0,1000166,84.508,1995452416
508.238829,building index: loading tuples on disk,65776,55586,0,1000279,84.518,1995714560
509.012726,building index: loading tuples on disk,65776,55589,0,1000416,84.529,1995583488
509.839378,building index: loading tuples on disk,65776,55590,0,1000510,84.537,1995739136
510.781133,building index: loading tuples on disk,65776,55592,0,1000616,84.546,1995751424
511.726828,building index: loading tuples on disk,65776,55593,0,1000687,84.552,1995620352
512.637046,building index: loading tuples on disk,65776,55595,0,1000784,84.56,1995845632
513.50159,building index: loading tuples on disk,65776,55597,0,1000871,84.568,1996349440
514.638488,building index: loading tuples on disk,65776,55599,0,1000979,84.577,1996140544
515.422436,building index: loading tuples on disk,65776,55601,0,1001097,84.587,1996226560
516.418609,building index: loading tuples on disk,65776,55603,0,1001186,84.594,1995821056
517.272228,building index: loading tuples on disk,65776,55605,0,1001312,84.605,1996140544
518.049088,building index: loading tuples on disk,65776,55607,0,1001424,84.614,2000027648
518.848529,building index: loading tuples on disk,65776,55609,0,1001551,84.625,1999687680
519.617234,building index: loading tuples on disk,65776,55612,0,1001676,84.636,2000138240
520.405127,building index: loading tuples on disk,65776,55614,0,1001807,84.647,1999405056
521.18175,building index: loading tuples on disk,65776,55681,0,1001944,84.658,2000138240
521.925592,building index: loading tuples on disk,65776,55683,0,1002082,84.67,1999728640
522.993636,building index: loading tuples on disk,65776,55685,0,1002207,84.681,1999728640
523.7494,building index: loading tuples on disk,65776,55688,0,1002336,84.692,1999859712
524.651107,building index: loading tuples on disk,65776,55690,0,1002455,84.702,2000621568
525.41136,building index: loading tuples on disk,65776,55692,0,1002584,84.712,2000539648
526.188636,building index: loading tuples on disk,65776,55695,0,1002697,84.722,2000719872
526.945892,building index: loading tuples on disk,65776,55697,0,1002824,84.733,2000424960
527.717838,building index: loading tuples on disk,65776,55699,0,1002955,84.744,2000531456
528.478054,building index: loading tuples on disk,65776,55702,0,1003087,84.755,2004201472
529.276531,building index: loading tuples on disk,65776,55704,0,1003210,84.765,2001489920
530.044152,building index: loading tuples on disk,65776,55707,0,1003347,84.777,2001473536
530.795887,building index: loading tuples on disk,65776,55709,0,1003472,84.788,2001620992
531.66847,building index: loading tuples on disk,65776,55711,0,1003602,84.798,2001784832
532.434093,building index: loading tuples on disk,65776,55778,0,1003728,84.809,2001563648
533.193406,building index: loading tuples on disk,65776,55780,0,1003859,84.82,2001752064
533.992078,building index: loading tuples on disk,65776,55782,0,1003982,84.831,2001989632
534.777567,building index: loading tuples on disk,65776,55785,0,1004118,84.842,2001809408
535.513343,building index: loading tuples on disk,65776,55787,0,1004265,84.855,1995382784
536.319934,building index: loading tuples on disk,65776,55790,0,1004398,84.866,1995579392
537.18908,building index: loading tuples on disk,65776,55792,0,1004504,84.875,1995296768
538.011471,building index: loading tuples on disk,65776,55794,0,1004623,84.885,1995763712
538.81026,building index: loading tuples on disk,65776,55796,0,1004708,84.892,1996070912
539.672672,building index: loading tuples on disk,65776,55797,0,1004789,84.899,1995755520
540.567241,building index: loading tuples on disk,65776,55799,0,1004909,84.909,1997242368
541.325097,building index: loading tuples on disk,65776,55802,0,1005054,84.921,1997246464
542.091592,building index: loading tuples on disk,65776,55804,0,1005179,84.932,1996857344
542.90029,building index: loading tuples on disk,65776,55807,0,1005306,84.942,1997152256
543.651983,building index: loading tuples on disk,65776,55873,0,1005424,84.952,1997168640
544.597178,building index: loading tuples on disk,65776,55875,0,1005545,84.963,1997803520
545.437541,building index: loading tuples on disk,65776,55877,0,1005668,84.973,1998032896
546.199012,building index: loading tuples on disk,65776,55880,0,1005797,84.984,2000363520
546.938632,building index: loading tuples on disk,65776,55882,0,1005918,84.994,2000916480
547.723304,building index: loading tuples on disk,65776,55884,0,1006055,85.006,2001354752
548.465931,building index: loading tuples on disk,65776,55886,0,1006140,85.013,2001002496
549.269376,building index: loading tuples on disk,65776,55888,0,1006268,85.024,2001489920
550.015238,building index: loading tuples on disk,65776,55890,0,1006378,85.033,2001215488
550.810963,building index: loading tuples on disk,65776,55893,0,1006507,85.044,2001207296
551.776184,building index: loading tuples on disk,65776,55895,0,1006623,85.054,2001661952
552.553449,building index: loading tuples on disk,65776,55897,0,1006752,85.065,2001551360
553.330371,building index: loading tuples on disk,65776,55900,0,1006875,85.075,2001604608
554.093577,building index: loading tuples on disk,65776,55902,0,1007001,85.086,2001641472
554.862936,building index: loading tuples on disk,65776,55968,0,1007139,85.097,2001698816
555.634433,building index: loading tuples on disk,65776,55970,0,1007236,85.106,2002026496
556.46647,building index: loading tuples on disk,65776,55973,0,1007367,85.117,2006282240
557.570551,building index: loading tuples on disk,65776,55975,0,1007493,85.127,2006265856
558.352835,building index: loading tuples on disk,65776,55977,0,1007615,85.138,2006097920
559.133962,building index: loading tuples on disk,65776,55980,0,1007737,85.148,2006220800
559.936798,building index: loading tuples on disk,65776,55982,0,1007845,85.157,2007003136
560.758319,building index: loading tuples on disk,65776,55984,0,1007958,85.167,2007040000
561.540942,building index: loading tuples on disk,65776,55986,0,1008083,85.177,2006790144
562.356587,building index: loading tuples on disk,65776,55988,0,1008203,85.187,2006409216
563.108728,building index: loading tuples on disk,65776,55991,0,1008340,85.199,2007277568
563.846573,building index: loading tuples on disk,65776,55992,0,1008422,85.206,2010988544
564.64025,building index: loading tuples on disk,65776,55995,0,1008543,85.216,2007056384
565.485852,building index: loading tuples on disk,65776,55997,0,1008665,85.226,2006949888
566.26755,building index: loading tuples on disk,65776,55999,0,1008782,85.236,2007642112
567.052834,building index: loading tuples on disk,65776,56065,0,1008910,85.247,2007363584
567.871896,building index: loading tuples on disk,65776,56068,0,1009043,85.258,2006695936
568.643774,building index: loading tuples on disk,65776,56070,0,1009167,85.269,2008162304
569.417522,building index: loading tuples on disk,65776,56073,0,1009311,85.281,2008043520
570.16031,building index: loading tuples on disk,65776,56075,0,1009415,85.29,2007744512
571.001486,building index: loading tuples on disk,65776,56077,0,1009542,85.3,2008023040
571.754012,building index: loading tuples on disk,65776,56079,0,1009667,85.311,2007986176
572.532284,building index: loading tuples on disk,65776,56081,0,1009779,85.32,2008006656
573.410182,building index: loading tuples on disk,65776,56084,0,1009904,85.331,2008702976
574.159047,building index: loading tuples on disk,65776,56086,0,1010038,85.342,2008514560
574.925918,building index: loading tuples on disk,65776,56089,0,1010161,85.353,2008518656
575.714093,building index: loading tuples on disk,65776,56091,0,1010287,85.363,2008768512
576.465067,building index: loading tuples on disk,65776,56093,0,1010414,85.374,2008469504
577.247761,building index: loading tuples on disk,65776,56160,0,1010542,85.385,2008514560
578.002863,building index: loading tuples on disk,65776,56162,0,1010671,85.396,2008686592
578.817766,building index: loading tuples on disk,65776,56164,0,1010786,85.405,2009026560
579.573522,building index: loading tuples on disk,65776,56167,0,1010912,85.416,2008928256
580.346121,building index: loading tuples on disk,65776,56169,0,1011048,85.428,1999634432
581.334571,building index: loading tuples on disk,65776,56170,0,1011119,85.434,1999556608
582.194712,building index: loading tuples on disk,65776,56173,0,1011235,85.443,2000130048
583.094956,building index: loading tuples on disk,65776,56175,0,1011358,85.454,2000289792
583.87962,building index: loading tuples on disk,65776,56177,0,1011485,85.465,2000306176
584.688712,building index: loading tuples on disk,65776,56179,0,1011597,85.474,2000580608
585.46435,building index: loading tuples on disk,65776,56182,0,1011720,85.484,2001338368
586.243262,building index: loading tuples on disk,65776,56184,0,1011841,85.495,2001375232
587.016994,building index: loading tuples on disk,65776,56186,0,1011966,85.505,2001293312
587.75645,building index: loading tuples on disk,65776,56189,0,1012103,85.517,2001051648
588.543176,building index: loading tuples on disk,65776,56191,0,1012224,85.527,2001653760
589.380139,building index: loading tuples on disk,65776,56257,0,1012326,85.536,2003017728
590.269563,building index: loading tuples on disk,65776,56259,0,1012458,85.547,2002927616
591.123805,building index: loading tuples on disk,65776,56262,0,1012574,85.557,2006396928
591.899031,building index: loading tuples on disk,65776,56264,0,1012698,85.567,2006736896
592.736262,building index: loading tuples on disk,65776,56266,0,1012804,85.576,2006470656
593.599565,building index: loading tuples on disk,65776,56268,0,1012939,85.587,2006851584
594.346514,building index: loading tuples on disk,65776,56271,0,1013085,85.6,2007105536
595.217182,building index: loading tuples on disk,65776,56273,0,1013201,85.61,2006626304
595.970583,building index: loading tuples on disk,65776,56276,0,1013340,85.621,2006708224
596.720558,building index: loading tuples on disk,65776,56278,0,1013437,85.629,2007257088
597.689941,building index: loading tuples on disk,65776,56279,0,1013527,85.637,2007437312
598.48084,building index: loading tuples on disk,65776,56281,0,1013647,85.647,2007232512
599.249594,building index: loading tuples on disk,65776,56284,0,1013767,85.657,2007539712
600.020018,building index: loading tuples on disk,65776,56286,0,1013898,85.668,2007638016
600.758797,building index: loading tuples on disk,65776,56353,0,1014033,85.68,2007523328
601.570948,building index: loading tuples on disk,65776,56354,0,1014120,85.687,2007797760
602.455734,building index: loading tuples on disk,65776,56357,0,1014247,85.698,2012184576
603.662978,building index: loading tuples on disk,65776,56359,0,1014360,85.707,2012065792
604.791551,building index: loading tuples on disk,65776,56361,0,1014479,85.718,2012200960
605.597195,building index: loading tuples on disk,65776,56363,0,1014609,85.729,2012278784
606.372794,building index: loading tuples on disk,65776,56366,0,1014733,85.739,2011992064
607.142189,building index: loading tuples on disk,65776,56368,0,1014870,85.751,2012680192
607.906777,building index: loading tuples on disk,65776,56370,0,1014985,85.76,2012614656
608.677014,building index: loading tuples on disk,65776,56373,0,1015119,85.772,2012745728
609.426477,building index: loading tuples on disk,65776,56375,0,1015250,85.783,2012758016
610.244563,building index: loading tuples on disk,65776,56378,0,1015372,85.793,2012368896
611.019315,building index: loading tuples on disk,65776,56380,0,1015495,85.803,2012667904
611.774892,building index: loading tuples on disk,65776,56382,0,1015616,85.814,2013102080
612.531956,building index: loading tuples on disk,65776,56448,0,1015719,85.822,2012692480
613.326458,building index: loading tuples on disk,65776,56451,0,1015851,85.833,2013143040
614.058379,building index: loading tuples on disk,65776,56453,0,1015987,85.845,2013270016
614.954471,building index: loading tuples on disk,65776,56455,0,1016108,85.855,2012987392
615.718504,building index: loading tuples on disk,65776,56458,0,1016242,85.866,2013450240
616.686021,building index: loading tuples on disk,65776,56460,0,1016368,85.877,2013327360
617.471241,building index: loading tuples on disk,65776,56463,0,1016493,85.888,2013982720
618.25351,building index: loading tuples on disk,65776,56465,0,1016610,85.898,2013892608
619.026512,building index: loading tuples on disk,65776,56467,0,1016731,85.908,2013835264
619.795392,building index: loading tuples on disk,65776,56470,0,1016872,85.92,2014035968
620.527122,building index: loading tuples on disk,65776,56472,0,1017010,85.931,2014388224
621.298149,building index: loading tuples on disk,65776,56474,0,1017086,85.938,2014375936
622.059494,building index: loading tuples on disk,65776,56476,0,1017228,85.95,2014470144
622.901738,building index: loading tuples on disk,65776,56479,0,1017351,85.96,2017964032
623.708028,building index: loading tuples on disk,65776,56545,0,1017469,85.97,2014609408
624.472767,building index: loading tuples on disk,65776,56547,0,1017576,85.979,2014601216
625.247054,building index: loading tuples on disk,65776,56549,0,1017698,85.99,2014228480
626.026935,building index: loading tuples on disk,65776,56551,0,1017826,86.0,2005401600
626.857225,building index: loading tuples on disk,65776,56553,0,1017950,86.011,2005364736
627.659743,building index: loading tuples on disk,65776,56556,0,1018077,86.022,2006028288
628.546642,building index: loading tuples on disk,65776,56558,0,1018207,86.033,2005934080
629.329601,building index: loading tuples on disk,65776,56560,0,1018307,86.041,2006175744
630.173247,building index: loading tuples on disk,65776,56562,0,1018437,86.052,2006523904
630.930387,building index: loading tuples on disk,65776,56565,0,1018547,86.061,2006544384
631.705247,building index: loading tuples on disk,65776,56567,0,1018679,86.072,2007011328
632.49178,building index: loading tuples on disk,65776,56569,0,1018788,86.082,2007461888
633.313792,building index: loading tuples on disk,65776,56571,0,1018914,86.092,2007543808
634.06317,building index: loading tuples on disk,65776,56574,0,1019047,86.104,2007220224
634.826101,building index: loading tuples on disk,65776,56640,0,1019170,86.114,2007879680
635.608908,building index: loading tuples on disk,65776,56643,0,1019303,86.125,2007552000
636.379007,building index: loading tuples on disk,65776,56645,0,1019427,86.136,2007613440
637.134289,building index: loading tuples on disk,65776,56647,0,1019545,86.146,2011398144
637.907733,building index: loading tuples on disk,65776,56649,0,1019642,86.154,2011246592
638.670718,building index: loading tuples on disk,65776,56651,0,1019768,86.164,2011459584
639.436881,building index: loading tuples on disk,65776,56653,0,1019891,86.175,2011025408
640.186341,building index: loading tuples on disk,65776,56656,0,1020035,86.187,2011627520
641.012233,building index: loading tuples on disk,65776,56658,0,1020134,86.195,2011398144
641.825619,building index: loading tuples on disk,65776,56660,0,1020261,86.206,2011361280
642.599259,building index: loading tuples on disk,65776,56663,0,1020387,86.217,2012438528
643.369307,building index: loading tuples on disk,65776,56665,0,1020497,86.226,2011947008
644.144876,building index: loading tuples on disk,65776,56667,0,1020627,86.237,2011975680
644.909619,building index: loading tuples on disk,65776,56670,0,1020757,86.248,2012131328
645.658652,building index: loading tuples on disk,65776,56736,0,1020877,86.258,2012340224
646.418193,building index: loading tuples on disk,65776,56738,0,1020968,86.266,2012377088
647.189623,building index: loading tuples on disk,65776,56740,0,1021098,86.277,2012266496
647.984421,building index: loading tuples on disk,65776,56742,0,1021230,86.288,2016628736
648.73709,building index: loading tuples on disk,65776,56745,0,1021360,86.299,2016788480
649.491181,building index: loading tuples on disk,65776,56747,0,1021484,86.309,2017329152
650.271031,building index: loading tuples on disk,65776,56749,0,1021609,86.32,2017501184
651.082454,building index: loading tuples on disk,65776,56752,0,1021734,86.331,2017423360
651.830362,building index: loading tuples on disk,65776,56754,0,1021846,86.34,2017554432
652.587711,building index: loading tuples on disk,65776,56756,0,1021985,86.352,2018222080
653.325625,building index: loading tuples on disk,65776,56759,0,1022121,86.363,2018103296
654.114937,building index: loading tuples on disk,65776,56761,0,1022212,86.371,2017951744
655.022322,building index: loading tuples on disk,65776,56761,0,1022253,86.374,2018091008
656.983799,building index: loading tuples on disk,65776,56762,0,1022302,86.379,2017968128
658.238541,building index: loading tuples on disk,65776,56764,0,1022364,86.384,2018070528
659.261714,building index: loading tuples on disk,65776,56766,0,1022469,86.393,2017931264
660.093059,building index: loading tuples on disk,65776,56832,0,1022590,86.403,2018467840
660.901922,building index: loading tuples on disk,65776,56834,0,1022704,86.412,2017984512
661.668035,building index: loading tuples on disk,65776,56836,0,1022821,86.422,2018377728
662.566565,building index: loading tuples on disk,65776,56838,0,1022936,86.432,2018738176
663.445128,building index: loading tuples on disk,65776,56840,0,1023048,86.442,2018758656
664.304819,building index: loading tuples on disk,65776,56842,0,1023146,86.45,2018512896
665.081673,building index: loading tuples on disk,65776,56843,0,1023237,86.458,2019205120
665.924208,building index: loading tuples on disk,65776,56846,0,1023375,86.469,2018574336
666.681827,building index: loading tuples on disk,65776,56848,0,1023471,86.477,2018889728
667.658743,building index: loading tuples on disk,65776,56850,0,1023587,86.487,2018836480
668.412838,building index: loading tuples on disk,65776,56852,0,1023711,86.498,2018979840
669.171613,building index: loading tuples on disk,65776,56854,0,1023833,86.508,2022031360
669.944161,building index: loading tuples on disk,65776,56857,0,1023953,86.518,2019205120
670.720593,building index: loading tuples on disk,65776,56859,0,1024062,86.527,2010005504
671.568391,building index: loading tuples on disk,65776,56861,0,1024159,86.535,2009804800
672.383672,building index: loading tuples on disk,65776,56863,0,1024285,86.546,2010296320
673.179625,building index: loading tuples on disk,65776,56929,0,1024409,86.557,2010570752
674.002087,building index: loading tuples on disk,65776,56931,0,1024510,86.565,2010255360
674.773155,building index: loading tuples on disk,65776,56933,0,1024643,86.576,2009739264
675.694805,building index: loading tuples on disk,65776,56936,0,1024758,86.586,2010546176
676.514835,building index: loading tuples on disk,65776,56938,0,1024883,86.597,2010587136
677.299356,building index: loading tuples on disk,65776,56940,0,1025007,86.607,2011115520
678.070713,building index: loading tuples on disk,65776,56943,0,1025135,86.618,2011205632
678.826023,building index: loading tuples on disk,65776,56945,0,1025260,86.628,2010996736
679.586306,building index: loading tuples on disk,65776,56947,0,1025389,86.639,2012454912
680.351941,building index: loading tuples on disk,65776,56950,0,1025518,86.65,2014437376
681.119416,building index: loading tuples on disk,65776,56952,0,1025623,86.659,2014740480
681.908645,building index: loading tuples on disk,65776,56953,0,1025678,86.664,2014183424
682.730825,building index: loading tuples on disk,65776,56955,0,1025789,86.673,2014740480
683.600464,building index: loading tuples on disk,65776,56957,0,1025909,86.683,2014220288
684.427044,building index: loading tuples on disk,65776,56959,0,1026022,86.693,2014879744
685.19371,building index: loading tuples on disk,65776,57026,0,1026151,86.704,2014470144
685.949245,building index: loading tuples on disk,65776,57028,0,1026290,86.715,2015006720
686.67503,building index: loading tuples on disk,65776,57031,0,1026426,86.727,2015391744
687.431195,building index: loading tuples on disk,65776,57033,0,1026537,86.736,2015191040
688.19199,building index: loading tuples on disk,65776,57035,0,1026663,86.747,2015133696
688.983557,building index: loading tuples on disk,65776,57038,0,1026788,86.758,2015358976
689.796075,building index: loading tuples on disk,65776,57040,0,1026907,86.768,2016641024
690.712651,building index: loading tuples on disk,65776,57042,0,1027013,86.777,2015424512
691.513385,building index: loading tuples on disk,65776,57044,0,1027119,86.786,2015748096
692.266344,building index: loading tuples on disk,65776,57046,0,1027253,86.797,2019053568
693.025812,building index: loading tuples on disk,65776,57049,0,1027376,86.807,2018926592
693.789162,building index: loading tuples on disk,65776,57051,0,1027496,86.817,2019209216
694.530673,building index: loading tuples on disk,65776,57054,0,1027637,86.829,2019209216
695.350545,building index: loading tuples on disk,65776,57055,0,1027737,86.838,2019303424
696.12535,building index: loading tuples on disk,65776,57122,0,1027865,86.849,2019409920
696.891648,building index: loading tuples on disk,65776,57124,0,1027984,86.859,2019868672
697.638633,building index: loading tuples on disk,65776,57126,0,1028110,86.869,2019319808
698.406762,building index: loading tuples on disk,65776,57128,0,1028240,86.88,2019835904
699.361058,building index: loading tuples on disk,65776,57131,0,1028372,86.891,2019876864
700.164912,building index: loading tuples on disk,65776,57133,0,1028499,86.902,2020098048
700.903753,building index: loading tuples on disk,65776,57136,0,1028628,86.913,2019713024
701.642793,building index: loading tuples on disk,65776,57138,0,1028748,86.923,2019942400
702.438307,building index: loading tuples on disk,65776,57141,0,1028874,86.934,2019618816
703.220655,building index: loading tuples on disk,65776,57143,0,1028983,86.943,2020184064
703.997473,building index: loading tuples on disk,65776,57145,0,1029093,86.952,2020597760
704.77858,building index: loading tuples on disk,65776,57147,0,1029220,86.963,2020384768
705.534603,building index: loading tuples on disk,65776,57150,0,1029356,86.975,2020569088
706.273122,building index: loading tuples on disk,65776,57216,0,1029476,86.985,2020499456
707.024855,building index: loading tuples on disk,65776,57218,0,1029561,86.992,2020798464
707.838024,building index: loading tuples on disk,65776,57219,0,1029663,87.0,2020552704
708.828593,building index: loading tuples on disk,65776,57222,0,1029780,87.01,2020630528
709.617695,building index: loading tuples on disk,65776,57224,0,1029891,87.02,2021818368
710.371759,building index: loading tuples on disk,65776,57226,0,1030010,87.03,2021933056
711.119182,building index: loading tuples on disk,65776,57228,0,1030130,87.04,2021847040
711.863478,building index: loading tuples on disk,65776,57230,0,1030269,87.052,2021814272
712.598348,building index: loading tuples on disk,65776,57233,0,1030403,87.063,2022514688
713.355184,building index: loading tuples on disk,65776,57235,0,1030525,87.073,2021736448
714.107225,building index: loading tuples on disk,65776,57238,0,1030654,87.084,2025811968
715.148233,building index: loading tuples on disk,65776,57240,0,1030772,87.094,2026233856
715.930326,building index: loading tuples on disk,65776,57242,0,1030900,87.105,2015080448
716.766681,building index: loading tuples on disk,65776,57244,0,1031011,87.114,2015047680
717.650249,building index: loading tuples on disk,65776,57246,0,1031122,87.124,2015477760
718.52463,building index: loading tuples on disk,65776,57312,0,1031210,87.131,2015268864
719.326548,building index: loading tuples on disk,65776,57315,0,1031336,87.142,2016038912
720.104342,building index: loading tuples on disk,65776,57317,0,1031435,87.15,2016092160
721.178341,building index: loading tuples on disk,65776,57319,0,1031543,87.159,2016362496
721.974424,building index: loading tuples on disk,65776,57320,0,1031645,87.168,2015801344
722.906789,building index: loading tuples on disk,65776,57322,0,1031746,87.176,2016796672
723.888516,building index: loading tuples on disk,65776,57325,0,1031875,87.187,2016329728
724.667136,building index: loading tuples on disk,65776,57327,0,1031996,87.198,2016903168
725.489755,building index: loading tuples on disk,65776,57329,0,1032131,87.209,2016899072
726.253223,building index: loading tuples on disk,65776,57331,0,1032240,87.218,2017255424
727.037171,building index: loading tuples on disk,65776,57334,0,1032367,87.229,2017882112
727.790183,building index: loading tuples on disk,65776,57336,0,1032492,87.24,2019987456
728.55689,building index: loading tuples on disk,65776,57338,0,1032615,87.25,2019696640
729.332772,building index: loading tuples on disk,65776,57340,0,1032729,87.26,2020855808
730.120963,building index: loading tuples on disk,65776,57343,0,1032864,87.271,2019885056
730.878491,building index: loading tuples on disk,65776,57409,0,1032991,87.282,2020225024
731.652533,building index: loading tuples on disk,65776,57412,0,1033119,87.293,2019614720
732.658376,building index: loading tuples on disk,65776,57414,0,1033244,87.303,2020327424
733.42219,building index: loading tuples on disk,65776,57416,0,1033370,87.314,2020372480
734.189166,building index: loading tuples on disk,65776,57419,0,1033492,87.324,2020372480
734.945245,building index: loading tuples on disk,65776,57421,0,1033615,87.334,2020376576
735.702332,building index: loading tuples on disk,65776,57423,0,1033729,87.344,2020638720
736.489152,building index: loading tuples on disk,65776,57425,0,1033854,87.355,2020573184
737.223935,building index: loading tuples on disk,65776,57427,0,1033969,87.364,2020192256
738.000488,building index: loading tuples on disk,65776,57430,0,1034113,87.376,2024226816
738.733373,building index: loading tuples on disk,65776,57433,0,1034254,87.388,2024046592
739.500134,building index: loading tuples on disk,65776,57435,0,1034383,87.399,2024280064
740.253537,building index: loading tuples on disk,65776,57437,0,1034503,87.409,2024235008
741.23798,building index: loading tuples on disk,65776,57504,0,1034620,87.419,2024116224
741.980848,building index: loading tuples on disk,65776,57506,0,1034724,87.428,2024308736
742.742774,building index: loading tuples on disk,65776,57508,0,1034850,87.439,2024751104
743.503691,building index: loading tuples on disk,65776,57511,0,1034982,87.45,2024706048
744.338429,building index: loading tuples on disk,65776,57513,0,1035109,87.461,2024828928
745.08153,building index: loading tuples on disk,65776,57515,0,1035248,87.472,2025107456
745.84535,building index: loading tuples on disk,65776,57518,0,1035362,87.482,2028687360
746.60104,building index: loading tuples on disk,65776,57520,0,1035502,87.494,2025553920
747.342984,building index: loading tuples on disk,65776,57522,0,1035596,87.502,2024747008
748.117396,building index: loading tuples on disk,65776,57523,0,1035662,87.507,2025537536
748.936104,building index: loading tuples on disk,65776,57526,0,1035781,87.517,2025459712
749.734223,building index: loading tuples on disk,65776,57528,0,1035906,87.528,2025697280
750.55006,building index: loading tuples on disk,65776,57530,0,1036034,87.539,2025177088
751.293793,building index: loading tuples on disk,65776,57533,0,1036171,87.55,2025512960
752.027608,building index: loading tuples on disk,65776,57535,0,1036300,87.561,2026004480
752.781018,building index: loading tuples on disk,65776,57602,0,1036432,87.572,2025914368
753.522192,building index: loading tuples on disk,65776,57604,0,1036566,87.584,2025533440
754.337962,building index: loading tuples on disk,65776,57606,0,1036653,87.591,2025660416
755.440263,building index: loading tuples on disk,65776,57608,0,1036781,87.602,2025938944
756.182364,building index: loading tuples on disk,65776,57610,0,1036905,87.612,2026520576
756.918097,building index: loading tuples on disk,65776,57613,0,1037052,87.625,2026590208
757.678783,building index: loading tuples on disk,65776,57616,0,1037219,87.639,2026823680
758.374936,building index: loading tuples on disk,65776,57620,0,1037443,87.658,2027003904
759.0558,building index: loading tuples on disk,65776,57624,0,1037647,87.675,2031497216
759.769682,building index: loading tuples on disk,65776,57628,0,1037866,87.694,2031099904
760.453121,building index: loading tuples on disk,65776,57696,0,1038064,87.71,2030800896
761.163156,building index: loading tuples on disk,65776,57699,0,1038219,87.723,2020102144
761.911427,building index: loading tuples on disk,65776,57701,0,1038352,87.735,2020167680
762.678887,building index: loading tuples on disk,65776,57703,0,1038479,87.745,2020364288
763.433865,building index: loading tuples on disk,65776,57706,0,1038609,87.756,2020962304
764.163473,building index: loading tuples on disk,65776,57709,0,1038775,87.77,2020618240
764.879705,building index: loading tuples on disk,65776,57713,0,1038993,87.789,2020888576
765.563766,building index: loading tuples on disk,65776,57717,0,1039207,87.807,2021367808
766.259737,building index: loading tuples on disk,65776,57721,0,1039422,87.825,2025902080
766.927992,building index: loading tuples on disk,65776,57724,0,1039630,87.843,2022129664
767.621339,building index: loading tuples on disk,65776,57727,0,1039797,87.857,2023088128
768.361189,building index: loading tuples on disk,65776,57794,0,1039929,87.868,2022957056
769.14989,building index: loading tuples on disk,65776,57796,0,1040058,87.879,2024341504
769.892013,building index: loading tuples on disk,65776,57799,0,1040200,87.891,2026041344
770.620597,building index: loading tuples on disk,65776,57802,0,1040367,87.905,2025881600
771.3441,building index: loading tuples on disk,65776,57806,0,1040591,87.924,2026237952
772.018276,building index: loading tuples on disk,65776,57810,0,1040797,87.941,2026192896
772.697593,building index: loading tuples on disk,65776,57814,0,1041020,87.96,2026442752
773.370716,building index: loading tuples on disk,65776,57818,0,1041252,87.98,2026979328
774.054567,building index: loading tuples on disk,65776,57822,0,1041426,87.994,2030059520
774.773367,building index: loading tuples on disk,65776,57888,0,1041555,88.005,2030374912
775.557595,building index: loading tuples on disk,65776,57890,0,1041684,88.016,2030284800
776.304274,building index: loading tuples on disk,65776,57893,0,1041819,88.028,2030510080
777.161376,building index: loading tuples on disk,65776,57896,0,1041952,88.039,2030374912
777.885137,building index: loading tuples on disk,65776,57899,0,1042153,88.056,2030739456
778.558895,building index: loading tuples on disk,65776,57903,0,1042358,88.073,2030960640
779.254556,building index: loading tuples on disk,65776,57907,0,1042563,88.09,2031026176
779.924576,building index: loading tuples on disk,65776,57911,0,1042779,88.109,2031390720
780.60822,building index: loading tuples on disk,65776,57914,0,1042958,88.124,2031611904
781.31727,building index: loading tuples on disk,65776,57916,0,1043091,88.135,2031439872
782.082025,building index: loading tuples on disk,65776,57918,0,1043206,88.145,2031550464
782.833845,building index: loading tuples on disk,65776,57985,0,1043334,88.156,2031394816
783.646486,building index: loading tuples on disk,65776,57987,0,1043479,88.168,2031661056
784.359333,building index: loading tuples on disk,65776,57991,0,1043693,88.186,2031456256
785.029246,building index: loading tuples on disk,65776,57995,0,1043890,88.203,2032111616
785.715245,building index: loading tuples on disk,65776,57999,0,1044095,88.22,2031964160
786.429197,building index: loading tuples on disk,65776,58003,0,1044294,88.237,2032357376
787.147308,building index: loading tuples on disk,65776,58005,0,1044425,88.248,2032234496
787.913366,building index: loading tuples on disk,65776,58008,0,1044557,88.259,2032414720
788.681495,building index: loading tuples on disk,65776,58010,0,1044674,88.269,2032955392
789.448962,building index: loading tuples on disk,65776,58012,0,1044815,88.281,2032504832
790.17575,building index: loading tuples on disk,65776,58015,0,1044986,88.295,2036686848
790.860294,building index: loading tuples on disk,65776,58084,0,1045224,88.315,2037047296
791.533081,building index: loading tuples on disk,65776,58088,0,1045441,88.334,2037284864
792.201598,building index: loading tuples on disk,65776,58092,0,1045666,88.353,2037317632
792.883588,building index: loading tuples on disk,65776,58096,0,1045898,88.372,2037665792
793.564618,building index: loading tuples on disk,65776,58100,0,1046081,88.388,2037792768
794.280282,building index: loading tuples on disk,65776,58102,0,1046218,88.399,2037714944
795.026874,building index: loading tuples on disk,65776,58105,0,1046346,88.41,2037866496
795.781082,building index: loading tuples on disk,65776,58107,0,1046470,88.421,2037825536
796.533011,building index: loading tuples on disk,65776,58110,0,1046617,88.433,2038063104
797.261412,building index: loading tuples on disk,65776,58177,0,1046784,88.447,2038398976
797.979392,building index: loading tuples on disk,65776,58180,0,1046965,88.462,2038558720
798.696681,building index: loading tuples on disk,65776,58183,0,1047145,88.478,2038300672
799.421864,building index: loading tuples on disk,65776,58188,0,1047371,88.497,2039029760
800.126686,building index: loading tuples on disk,65776,58191,0,1047540,88.511,2038960128
800.829044,building index: loading tuples on disk,65776,58193,0,1047688,88.523,2039173120
801.566403,building index: loading tuples on disk,65776,58196,0,1047808,88.534,2039050240
802.320976,building index: loading tuples on disk,65776,58198,0,1047946,88.545,2039066624
803.058151,building index: loading tuples on disk,65776,58201,0,1048092,88.558,2039791616
803.791452,building index: loading tuples on disk,65776,58204,0,1048260,88.572,2039263232
804.484852,building index: loading tuples on disk,65776,58272,0,1048481,88.591,2040045568
805.165592,building index: loading tuples on disk,65776,58276,0,1048699,88.609,2039885824
805.843293,building index: loading tuples on disk,65776,58280,0,1048942,88.629,2028945408
806.570253,building index: loading tuples on disk,65776,58284,0,1049131,88.645,2029678592
807.284731,building index: loading tuples on disk,65776,58286,0,1049264,88.657,2029662208
808.008723,building index: loading tuples on disk,65776,58288,0,1049369,88.666,2029019136
808.773121,building index: loading tuples on disk,65776,58290,0,1049490,88.676,2029551616
809.529718,building index: loading tuples on disk,65776,58293,0,1049630,88.688,2029277184
810.280944,building index: loading tuples on disk,65776,58296,0,1049794,88.701,2030198784
810.974337,building index: loading tuples on disk,65776,58300,0,1050007,88.719,2030325760
811.658371,building index: loading tuples on disk,65776,58368,0,1050210,88.737,2030649344
812.34431,building index: loading tuples on disk,65776,58372,0,1050431,88.755,2030370816
813.023172,building index: loading tuples on disk,65776,58375,0,1050615,88.771,2034102272
813.729448,building index: loading tuples on disk,65776,58378,0,1050760,88.783,2034696192
814.466335,building index: loading tuples on disk,65776,58380,0,1050874,88.793,2034626560
815.224735,building index: loading tuples on disk,65776,58383,0,1050996,88.803,2034663424
815.958517,building index: loading tuples on disk,65776,58385,0,1051134,88.815,2035093504
816.729754,building index: loading tuples on disk,65776,58388,0,1051288,88.828,2034561024
817.464348,building index: loading tuples on disk,65776,58391,0,1051469,88.843,2034900992
818.176326,building index: loading tuples on disk,65776,58394,0,1051626,88.856,2035236864
818.935013,building index: loading tuples on disk,65776,58398,0,1051807,88.872,2034872320
819.670989,building index: loading tuples on disk,65776,58465,0,1051965,88.885,2035445760
820.379692,building index: loading tuples on disk,65776,58468,0,1052108,88.897,2035204096
821.117276,building index: loading tuples on disk,65776,58470,0,1052242,88.908,2035716096
821.853182,building index: loading tuples on disk,65776,58472,0,1052384,88.92,2039762944
822.593939,building index: loading tuples on disk,65776,58475,0,1052524,88.932,2039558144
823.334711,building index: loading tuples on disk,65776,58478,0,1052693,88.946,2039713792
824.056613,building index: loading tuples on disk,65776,58481,0,1052869,88.961,2039816192
824.815298,building index: loading tuples on disk,65776,58484,0,1053022,88.974,2040725504
825.536826,building index: loading tuples on disk,65776,58488,0,1053199,88.989,2040930304
826.221598,building index: loading tuples on disk,65776,58491,0,1053380,89.004,2040926208
826.935343,building index: loading tuples on disk,65776,58494,0,1053532,89.017,2040471552
827.698626,building index: loading tuples on disk,65776,58560,0,1053659,89.028,2040803328
828.445752,building index: loading tuples on disk,65776,58563,0,1053795,89.04,2040999936
829.20402,building index: loading tuples on disk,65776,58565,0,1053931,89.051,2041360384
829.95281,building index: loading tuples on disk,65776,58568,0,1054095,89.065,2041393152
830.661262,building index: loading tuples on disk,65776,58572,0,1054314,89.083,2042445824
831.354699,building index: loading tuples on disk,65776,58576,0,1054528,89.101,2042236928
832.037798,building index: loading tuples on disk,65776,58581,0,1054753,89.12,2042449920
832.718229,building index: loading tuples on disk,65776,58584,0,1054938,89.136,2042703872
833.445052,building index: loading tuples on disk,65776,58587,0,1055090,89.149,2043011072
834.16976,building index: loading tuples on disk,65776,58589,0,1055210,89.159,2042580992
834.924445,building index: loading tuples on disk,65776,58591,0,1055330,89.169,2042511360
835.737303,building index: loading tuples on disk,65776,58657,0,1055446,89.179,2042916864
836.562367,building index: loading tuples on disk,65776,58660,0,1055610,89.193,2043019264
837.371741,building index: loading tuples on disk,65776,58664,0,1055801,89.209,2042933248
838.065635,building index: loading tuples on disk,65776,58668,0,1056009,89.227,2043453440
838.75354,building index: loading tuples on disk,65776,58672,0,1056229,89.245,2047205376
839.459394,building index: loading tuples on disk,65776,58675,0,1056403,89.26,2043334656
840.171305,building index: loading tuples on disk,65776,58677,0,1056541,89.272,2043723776
840.905104,building index: loading tuples on disk,65776,58680,0,1056661,89.282,2043314176
841.852279,building index: loading tuples on disk,65776,58682,0,1056788,89.292,2042859520
842.663754,building index: loading tuples on disk,65776,58685,0,1056934,89.305,2043064320
843.389229,building index: loading tuples on disk,65776,58752,0,1057135,89.322,2043551744
844.067776,building index: loading tuples on disk,65776,58756,0,1057329,89.338,2044203008
844.753945,building index: loading tuples on disk,65776,58760,0,1057522,89.354,2044747776
845.42931,building index: loading tuples on disk,65776,58764,0,1057742,89.373,2044612608
846.116916,building index: loading tuples on disk,65776,58767,0,1057914,89.388,2044637184
846.818312,building index: loading tuples on disk,65776,58769,0,1058050,89.399,2044772352
847.544039,building index: loading tuples on disk,65776,58772,0,1058165,89.409,2044489728
848.340323,building index: loading tuples on disk,65776,58774,0,1058287,89.419,2048884736
849.099402,building index: loading tuples on disk,65776,58776,0,1058431,89.431,2049159168
849.848868,building index: loading tuples on disk,65776,58779,0,1058566,89.443,2049437696
850.56444,building index: loading tuples on disk,65776,58782,0,1058721,89.456,2049183744
851.285921,building index: loading tuples on disk,65776,58849,0,1058899,89.471,2035613696
851.983827,building index: loading tuples on disk,65776,58854,0,1059130,89.49,2036076544
852.667557,building index: loading tuples on disk,65776,58857,0,1059306,89.505,2036039680
853.378669,building index: loading tuples on disk,65776,58859,0,1059442,89.517,2036363264
854.155427,building index: loading tuples on disk,65776,58862,0,1059571,89.528,2036707328
854.896781,building index: loading tuples on disk,65776,58864,0,1059700,89.538,2036690944
855.631462,building index: loading tuples on disk,65776,58867,0,1059839,89.55,2036568064
856.369751,building index: loading tuples on disk,65776,58870,0,1060013,89.565,2036899840
857.048587,building index: loading tuples on disk,65776,58874,0,1060222,89.583,2037383168
857.761687,building index: loading tuples on disk,65776,58878,0,1060433,89.6,2037555200
858.436278,building index: loading tuples on disk,65776,58946,0,1060653,89.619,2038521856
859.121253,building index: loading tuples on disk,65776,58949,0,1060815,89.633,2039418880
859.858308,building index: loading tuples on disk,65776,58951,0,1060934,89.643,2040979456
860.594061,building index: loading tuples on disk,65776,58953,0,1061050,89.653,2041085952
861.354702,building index: loading tuples on disk,65776,58956,0,1061178,89.663,2041126912
862.091221,building index: loading tuples on disk,65776,58958,0,1061312,89.675,2041167872
862.823401,building index: loading tuples on disk,65776,58961,0,1061486,89.689,2040958976
863.518649,building index: loading tuples on disk,65776,58965,0,1061691,89.707,2041241600
864.199428,building index: loading tuples on disk,65776,58969,0,1061882,89.723,2041503744
864.899471,building index: loading tuples on disk,65776,58973,0,1062119,89.743,2041688064
865.578287,building index: loading tuples on disk,65776,59041,0,1062319,89.76,2045149184
866.27812,building index: loading tuples on disk,65776,59043,0,1062460,89.772,2044780544
867.026175,building index: loading tuples on disk,65776,59045,0,1062581,89.782,2045337600
867.901271,building index: loading tuples on disk,65776,59048,0,1062698,89.792,2045128704
868.692924,building index: loading tuples on disk,65776,59050,0,1062836,89.803,2045718528
869.427161,building index: loading tuples on disk,65776,59053,0,1063018,89.819,2045390848
870.103332,building index: loading tuples on disk,65776,59057,0,1063226,89.836,2045915136
870.779696,building index: loading tuples on disk,65776,59061,0,1063446,89.855,2045640704
871.444994,building index: loading tuples on disk,65776,59065,0,1063662,89.873,2046078976
872.128929,building index: loading tuples on disk,65776,59069,0,1063851,89.889,2046136320
872.833494,building index: loading tuples on disk,65776,59136,0,1064001,89.902,2046349312
873.594985,building index: loading tuples on disk,65776,59138,0,1064125,89.912,2046423040
874.36048,building index: loading tuples on disk,65776,59140,0,1064238,89.922,2046402560
875.123227,building index: loading tuples on disk,65776,59143,0,1064372,89.933,2046468096
875.854475,building index: loading tuples on disk,65776,59146,0,1064553,89.948,2046771200
876.554289,building index: loading tuples on disk,65776,59150,0,1064754,89.965,2046980096
877.237283,building index: loading tuples on disk,65776,59153,0,1064945,89.982,2046894080
877.934339,building index: loading tuples on disk,65776,59157,0,1065180,90.001,2047631360
878.614912,building index: loading tuples on disk,65776,59161,0,1065375,90.018,2047660032
879.312697,building index: loading tuples on disk,65776,59164,0,1065519,90.03,2047619072
880.045244,building index: loading tuples on disk,65776,59166,0,1065648,90.041,2050936832
880.883836,building index: loading tuples on disk,65776,59232,0,1065773,90.052,2051883008
881.701337,building index: loading tuples on disk,65776,59234,0,1065878,90.06,2051919872
882.466119,building index: loading tuples on disk,65776,59238,0,1066052,90.075,2052009984
883.15851,building index: loading tuples on disk,65776,59242,0,1066266,90.093,2052378624
883.841766,building index: loading tuples on disk,65776,59245,0,1066477,90.111,2052841472
884.521667,building index: loading tuples on disk,65776,59249,0,1066698,90.13,2052636672
885.210883,building index: loading tuples on disk,65776,59253,0,1066878,90.145,2052993024
885.923446,building index: loading tuples on disk,65776,59255,0,1067013,90.156,2053332992
886.682865,building index: loading tuples on disk,65776,59257,0,1067123,90.166,2052481024
887.422561,building index: loading tuples on disk,65776,59260,0,1067261,90.177,2052710400
888.173086,building index: loading tuples on disk,65776,59263,0,1067395,90.189,2053103616
888.897734,building index: loading tuples on disk,65776,59329,0,1067554,90.202,2053509120
889.622405,building index: loading tuples on disk,65776,59333,0,1067768,90.22,2054443008
890.297294,building index: loading tuples on disk,65776,59337,0,1067976,90.238,2054483968
890.974333,building index: loading tuples on disk,65776,59341,0,1068197,90.256,2054750208
891.646556,building index: loading tuples on disk,65776,59345,0,1068403,90.274,2055041024
892.358637,building index: loading tuples on disk,65776,59348,0,1068557,90.287,2054483968
893.095567,building index: loading tuples on disk,65776,59350,0,1068663,90.296,2055405568
893.871116,building index: loading tuples on disk,65776,59352,0,1068777,90.305,2055045120
894.66462,building index: loading tuples on disk,65776,59354,0,1068905,90.316,2055024640
895.452704,building index: loading tuples on disk,65776,59357,0,1069065,90.33,2055348224
896.165898,building index: loading tuples on disk,65776,59425,0,1069296,90.349,2043920384
896.93991,building index: loading tuples on disk,65776,59429,0,1069478,90.365,2044633088
897.683575,building index: loading tuples on disk,65776,59433,0,1069695,90.383,2044514304
898.36145,building index: loading tuples on disk,65776,59436,0,1069889,90.399,2044665856
899.075432,building index: loading tuples on disk,65776,59439,0,1070025,90.411,2044948480
899.825321,building index: loading tuples on disk,65776,59441,0,1070143,90.421,2045112320
900.610203,building index: loading tuples on disk,65776,59444,0,1070271,90.432,2045095936
901.357649,building index: loading tuples on disk,65776,59446,0,1070399,90.442,2045427712
902.099266,building index: loading tuples on disk,65776,59449,0,1070566,90.457,2045927424
902.815551,building index: loading tuples on disk,65776,59453,0,1070776,90.474,2045739008
903.514418,building index: loading tuples on disk,65776,59520,0,1070954,90.489,2046967808
904.220159,building index: loading tuples on disk,65776,59524,0,1071171,90.508,2046832640
904.907198,building index: loading tuples on disk,65776,59528,0,1071368,90.524,2048679936
905.66111,building index: loading tuples on disk,65776,59531,0,1071522,90.537,2049052672
906.39097,building index: loading tuples on disk,65776,59533,0,1071649,90.548,2048839680
907.14227,building index: loading tuples on disk,65776,59536,0,1071774,90.559,2049351680
907.909514,building index: loading tuples on disk,65776,59538,0,1071913,90.57,2048786432
908.635823,building index: loading tuples on disk,65776,59542,0,1072083,90.585,2049413120
909.341126,building index: loading tuples on disk,65776,59546,0,1072291,90.602,2049609728
910.025015,building index: loading tuples on disk,65776,59550,0,1072495,90.62,2049339392
910.700789,building index: loading tuples on disk,65776,59618,0,1072733,90.64,2052911104
911.369866,building index: loading tuples on disk,65776,59622,0,1072938,90.657,2053152768
912.076774,building index: loading tuples on disk,65776,59625,0,1073087,90.67,2053206016
912.860808,building index: loading tuples on disk,65776,59627,0,1073199,90.679,2053332992
913.680361,building index: loading tuples on disk,65776,59629,0,1073306,90.688,2053124096
914.464088,building index: loading tuples on disk,65776,59631,0,1073436,90.699,2053562368
915.19319,building index: loading tuples on disk,65776,59634,0,1073617,90.714,2053545984
915.877328,building index: loading tuples on disk,65776,59638,0,1073830,90.732,2053435392
916.570449,building index: loading tuples on disk,65776,59642,0,1074034,90.75,2053746688
917.265165,building index: loading tuples on disk,65776,59646,0,1074256,90.768,2054316032
917.941639,building index: loading tuples on disk,65776,59714,0,1074436,90.784,2054508544
918.643248,building index: loading tuples on disk,65776,59717,0,1074590,90.797,2054242304
919.384541,building index: loading tuples on disk,65776,59719,0,1074716,90.807,2054184960
920.209324,building index: loading tuples on disk,65776,59721,0,1074848,90.818,2054656000
920.949758,building index: loading tuples on disk,65776,59724,0,1074982,90.83,2054492160
921.676311,building index: loading tuples on disk,65776,59727,0,1075133,90.842,2054819840
922.38648,building index: loading tuples on disk,65776,59731,0,1075334,90.859,2054967296
923.074389,building index: loading tuples on disk,65776,59734,0,1075534,90.876,2054729728
923.789864,building index: loading tuples on disk,65776,59738,0,1075747,90.894,2055073792
924.468114,building index: loading tuples on disk,65776,59742,0,1075951,90.912,2055127040
925.171986,building index: loading tuples on disk,65776,59809,0,1076109,90.925,2055532544
925.917104,building index: loading tuples on disk,65776,59811,0,1076222,90.934,2060115968
926.678971,building index: loading tuples on disk,65776,59813,0,1076345,90.945,2059694080
927.428974,building index: loading tuples on disk,65776,59816,0,1076482,90.956,2059784192
928.199691,building index: loading tuples on disk,65776,59819,0,1076634,90.969,2060279808
928.917352,building index: loading tuples on disk,65776,59823,0,1076854,90.988,2060546048
929.595919,building index: loading tuples on disk,65776,59826,0,1077053,91.005,2060025856
930.292645,building index: loading tuples on disk,65776,59831,0,1077271,91.023,2060197888
930.966108,building index: loading tuples on disk,65776,59834,0,1077474,91.04,2060599296
931.666534,building index: loading tuples on disk,65776,59837,0,1077611,91.052,2061058048
932.423618,building index: loading tuples on disk,65776,59838,0,1077695,91.059,2060488704
933.176587,building index: loading tuples on disk,65776,59905,0,1077818,91.069,2060505088
933.907244,building index: loading tuples on disk,65776,59907,0,1077948,91.08,2061131776
934.696047,building index: loading tuples on disk,65776,59910,0,1078109,91.094,2061078528
935.40102,building index: loading tuples on disk,65776,59914,0,1078335,91.113,2061901824
936.07073,building index: loading tuples on disk,65776,59918,0,1078531,91.13,2061414400
936.768962,building index: loading tuples on disk,65776,59922,0,1078762,91.149,2061725696
937.445429,building index: loading tuples on disk,65776,59926,0,1078980,91.167,2062143488
938.134306,building index: loading tuples on disk,65776,59929,0,1079123,91.18,2062270464
938.876132,building index: loading tuples on disk,65776,59931,0,1079261,91.191,2062807040
939.618954,building index: loading tuples on disk,65776,59934,0,1079388,91.202,2062708736
940.355487,building index: loading tuples on disk,65776,60000,0,1079517,91.213,2062249984
941.09296,building index: loading tuples on disk,65776,60003,0,1079671,91.226,2051194880
941.821332,building index: loading tuples on disk,65776,60007,0,1079895,91.245,2051817472
942.503237,building index: loading tuples on disk,65776,60010,0,1080085,91.261,2051575808
943.186185,building index: loading tuples on disk,65776,60014,0,1080268,91.276,2051854336
943.883408,building index: loading tuples on disk,65776,60018,0,1080483,91.294,2051792896
944.588718,building index: loading tuples on disk,65776,60020,0,1080622,91.306,2052317184
945.314744,building index: loading tuples on disk,65776,60023,0,1080754,91.317,2053160960
946.070538,building index: loading tuples on disk,65776,60025,0,1080859,91.326,2052968448
946.844887,building index: loading tuples on disk,65776,60027,0,1080983,91.337,2052935680
947.5867,building index: loading tuples on disk,65776,60029,0,1081123,91.349,2053136384
948.322311,building index: loading tuples on disk,65776,60097,0,1081303,91.364,2052820992
948.990055,building index: loading tuples on disk,65776,60101,0,1081504,91.381,2054049792
949.67602,building index: loading tuples on disk,65776,60105,0,1081726,91.4,2057359360
950.367269,building index: loading tuples on disk,65776,60109,0,1081952,91.419,2057342976
951.057418,building index: loading tuples on disk,65776,60112,0,1082109,91.432,2057138176
951.768209,building index: loading tuples on disk,65776,60114,0,1082229,91.442,2057736192
952.521429,building index: loading tuples on disk,65776,60116,0,1082361,91.453,2057494528
953.419135,building index: loading tuples on disk,65776,60119,0,1082504,91.465,2057506816
954.219974,building index: loading tuples on disk,65776,60121,0,1082628,91.476,2057580544
955.069442,building index: loading tuples on disk,65776,60124,0,1082772,91.488,2057805824
955.840853,building index: loading tuples on disk,65776,60127,0,1082934,91.502,2057670656
956.627175,building index: loading tuples on disk,65776,60194,0,1083098,91.515,2061053952
957.453634,building index: loading tuples on disk,65776,60197,0,1083250,91.528,2061250560
958.174296,building index: loading tuples on disk,65776,60199,0,1083382,91.539,2061635584
959.006679,building index: loading tuples on disk,65776,60201,0,1083498,91.549,2061377536
959.793859,building index: loading tuples on disk,65776,60204,0,1083634,91.561,2061770752
960.559314,building index: loading tuples on disk,65776,60206,0,1083767,91.572,2061524992
961.316936,building index: loading tuples on disk,65776,60209,0,1083932,91.586,2062090240
962.041361,building index: loading tuples on disk,65776,60213,0,1084106,91.601,2062221312
962.769364,building index: loading tuples on disk,65776,60216,0,1084282,91.615,2062290944
963.476706,building index: loading tuples on disk,65776,60219,0,1084450,91.63,2062594048
964.187996,building index: loading tuples on disk,65776,60221,0,1084589,91.641,2061983744
964.924942,building index: loading tuples on disk,65776,60288,0,1084719,91.652,2065928192
965.77849,building index: loading tuples on disk,65776,60290,0,1084850,91.663,2062348288
966.515085,building index: loading tuples on disk,65776,60293,0,1084994,91.676,2062905344
967.261109,building index: loading tuples on disk,65776,60296,0,1085147,91.689,2062667776
967.987403,building index: loading tuples on disk,65776,60300,0,1085380,91.708,2062520320
968.667927,building index: loading tuples on disk,65776,60304,0,1085605,91.727,2062655488
969.344443,building index: loading tuples on disk,65776,60308,0,1085806,91.744,2063482880
970.030441,building index: loading tuples on disk,65776,60312,0,1086011,91.762,2063474688
970.716388,building index: loading tuples on disk,65776,60315,0,1086183,91.776,2063704064
971.428632,building index: loading tuples on disk,65776,60317,0,1086315,91.787,2063548416
972.214643,building index: loading tuples on disk,65776,60384,0,1086440,91.798,2064134144
972.982584,building index: loading tuples on disk,65776,60386,0,1086578,91.809,2068422656
973.734437,building index: loading tuples on disk,65776,60389,0,1086707,91.82,2067824640
974.501739,building index: loading tuples on disk,65776,60393,0,1086926,91.839,2068271104
975.186568,building index: loading tuples on disk,65776,60396,0,1087123,91.856,2068045824
975.872456,building index: loading tuples on disk,65776,60400,0,1087303,91.871,2068590592
976.563617,building index: loading tuples on disk,65776,60403,0,1087505,91.888,2068869120
977.283477,building index: loading tuples on disk,65776,60406,0,1087663,91.901,2069090304
978.011178,building index: loading tuples on disk,65776,60409,0,1087795,91.912,2069495808
978.789657,building index: loading tuples on disk,65776,60411,0,1087933,91.924,2069127168
979.562203,building index: loading tuples on disk,65776,60414,0,1088064,91.935,2068807680
980.332405,building index: loading tuples on disk,65776,60480,0,1088213,91.948,2068893696
981.064831,building index: loading tuples on disk,65776,60484,0,1088416,91.965,2069204992
981.726924,building index: loading tuples on disk,65776,60488,0,1088629,91.983,2069356544
982.412693,building index: loading tuples on disk,65776,60492,0,1088838,92.0,2069925888
983.09477,building index: loading tuples on disk,65776,60496,0,1089050,92.018,2070274048
983.794708,building index: loading tuples on disk,65776,60499,0,1089219,92.033,2069565440
984.537321,building index: loading tuples on disk,65776,60501,0,1089353,92.044,2070294528
985.289367,building index: loading tuples on disk,65776,60503,0,1089472,92.054,2070441984
986.076594,building index: loading tuples on disk,65776,60506,0,1089600,92.065,2058981376
986.914192,building index: loading tuples on disk,65776,60509,0,1089747,92.077,2059296768
987.695644,building index: loading tuples on disk,65776,60576,0,1089919,92.092,2059218944
988.362175,building index: loading tuples on disk,65776,60580,0,1090125,92.109,2059358208
989.079844,building index: loading tuples on disk,65776,60583,0,1090326,92.126,2060566528
989.760967,building index: loading tuples on disk,65776,60588,0,1090559,92.146,2060193792
990.443749,building index: loading tuples on disk,65776,60591,0,1090740,92.161,2060365824
991.15376,building index: loading tuples on disk,65776,60594,0,1090886,92.173,2060386304
991.920289,building index: loading tuples on disk,65776,60596,0,1091015,92.184,2060853248
992.740239,building index: loading tuples on disk,65776,60599,0,1091157,92.196,2062823424
993.518829,building index: loading tuples on disk,65776,60601,0,1091307,92.209,2063704064
994.235826,building index: loading tuples on disk,65776,60605,0,1091517,92.227,2063511552
994.904285,building index: loading tuples on disk,65776,60673,0,1091710,92.243,2063814656
995.612399,building index: loading tuples on disk,65776,60676,0,1091879,92.257,2063945728
996.320819,building index: loading tuples on disk,65776,60680,0,1092092,92.275,2063532032
997.022869,building index: loading tuples on disk,65776,60683,0,1092246,92.288,2064396288
997.7488,building index: loading tuples on disk,65776,60685,0,1092375,92.299,2064695296
998.495523,building index: loading tuples on disk,65776,60687,0,1092485,92.309,2064510976
999.266199,building index: loading tuples on disk,65776,60690,0,1092621,92.32,2064703488
1000.039722,building index: loading tuples on disk,65776,60693,0,1092779,92.333,2064281600
1000.776179,building index: loading tuples on disk,65776,60696,0,1092980,92.35,2068078592
1001.470156,building index: loading tuples on disk,65776,60700,0,1093191,92.368,2068287488
1002.155747,building index: loading tuples on disk,65776,60768,0,1093404,92.386,2067922944
1002.839371,building index: loading tuples on disk,65776,60772,0,1093614,92.404,2068299776
1003.53109,building index: loading tuples on disk,65776,60775,0,1093782,92.418,2068676608
1004.258217,building index: loading tuples on disk,65776,60778,0,1093917,92.43,2068787200
1005.298624,building index: loading tuples on disk,65776,60780,0,1094044,92.44,2068824064
1006.078789,building index: loading tuples on disk,65776,60782,0,1094176,92.451,2068365312
1006.827015,building index: loading tuples on disk,65776,60785,0,1094317,92.463,2068729856
1007.549043,building index: loading tuples on disk,65776,60788,0,1094483,92.477,2068688896
1008.285646,building index: loading tuples on disk,65776,60791,0,1094643,92.491,2069172224
1008.986592,building index: loading tuples on disk,65776,60794,0,1094817,92.506,2069307392
1009.71465,building index: loading tuples on disk,65776,60798,0,1095008,92.522,2069684224
1010.425045,building index: loading tuples on disk,65776,60865,0,1095164,92.535,2070286336
1011.157033,building index: loading tuples on disk,65776,60867,0,1095292,92.546,2069958656
1011.911109,building index: loading tuples on disk,65776,60869,0,1095418,92.556,2070294528
1012.658001,building index: loading tuples on disk,65776,60872,0,1095554,92.568,2070491136
1013.432814,building index: loading tuples on disk,65776,60875,0,1095712,92.581,2070482944
1014.155834,building index: loading tuples on disk,65776,60879,0,1095929,92.6,2070134784
1014.845868,building index: loading tuples on disk,65776,60882,0,1096132,92.617,2070802432
1015.554107,building index: loading tuples on disk,65776,60886,0,1096349,92.635,2074804224
1016.246278,building index: loading tuples on disk,65776,60890,0,1096544,92.652,2075193344
1016.950708,building index: loading tuples on disk,65776,60893,0,1096689,92.664,2075127808
1017.734873,building index: loading tuples on disk,65776,60895,0,1096818,92.675,2075488256
1018.522787,building index: loading tuples on disk,65776,60961,0,1096946,92.686,2075230208
1019.260389,building index: loading tuples on disk,65776,60964,0,1097076,92.696,2075906048
1019.999489,building index: loading tuples on disk,65776,60967,0,1097239,92.71,2075996160
1020.711976,building index: loading tuples on disk,65776,60971,0,1097470,92.73,2076209152
1021.407442,building index: loading tuples on disk,65776,60975,0,1097652,92.745,2076192768
1022.138384,building index: loading tuples on disk,65776,60978,0,1097821,92.759,2076553216
1022.875502,building index: loading tuples on disk,65776,60981,0,1098016,92.776,2076258304
1023.61658,building index: loading tuples on disk,65776,60984,0,1098155,92.788,2076672000
1024.355634,building index: loading tuples on disk,65776,60986,0,1098283,92.798,2076745728
1025.113566,building index: loading tuples on disk,65776,60989,0,1098409,92.809,2076610560
1025.867946,building index: loading tuples on disk,65776,60991,0,1098541,92.82,2076741632
1026.589189,building index: loading tuples on disk,65776,61059,0,1098719,92.835,2076745728
1027.278828,building index: loading tuples on disk,65776,61063,0,1098935,92.854,2077192192
1027.984673,building index: loading tuples on disk,65776,61066,0,1099127,92.87,2077097984
1028.682686,building index: loading tuples on disk,65776,61070,0,1099347,92.888,2077233152
1029.379886,building index: loading tuples on disk,65776,61074,0,1099544,92.905,2077749248
1030.094901,building index: loading tuples on disk,65776,61077,0,1099693,92.918,2077794304
1030.81502,building index: loading tuples on disk,65776,61079,0,1099825,92.929,2066538496
1031.592773,building index: loading tuples on disk,65776,61081,0,1099940,92.938,2066112512
1032.344266,building index: loading tuples on disk,65776,61084,0,1100069,92.949,2066141184
1033.088247,building index: loading tuples on disk,65776,61087,0,1100221,92.962,2066726912
1033.80404,building index: loading tuples on disk,65776,61155,0,1100446,92.981,2066767872
1034.487991,building index: loading tuples on disk,65776,61158,0,1100651,92.999,2066878464
1035.184329,building index: loading tuples on disk,65776,61162,0,1100863,93.016,2067054592
1035.890464,building index: loading tuples on disk,65776,61165,0,1101026,93.03,2067447808
1036.618385,building index: loading tuples on disk,65776,61168,0,1101169,93.042,2067570688
1037.341546,building index: loading tuples on disk,65776,61171,0,1101298,93.053,2067562496
1038.096288,building index: loading tuples on disk,65776,61173,0,1101406,93.062,2068766720
1038.840836,building index: loading tuples on disk,65776,61175,0,1101529,93.073,2070757376
1039.579796,building index: loading tuples on disk,65776,61177,0,1101655,93.083,2070958080
1040.347491,building index: loading tuples on disk,65776,61181,0,1101857,93.1,2071404544
1041.052344,building index: loading tuples on disk,65776,61248,0,1102042,93.116,2071072768
1041.742124,building index: loading tuples on disk,65776,61252,0,1102243,93.133,2071584768
1042.436793,building index: loading tuples on disk,65776,61256,0,1102462,93.152,2071793664
1043.130833,building index: loading tuples on disk,65776,61259,0,1102629,93.166,2071953408
1043.836581,building index: loading tuples on disk,65776,61261,0,1102754,93.176,2071891968
1044.629411,building index: loading tuples on disk,65776,61264,0,1102877,93.187,2071896064
1045.407599,building index: loading tuples on disk,65776,61266,0,1103008,93.198,2072289280
1046.148589,building index: loading tuples on disk,65776,61269,0,1103154,93.21,2071990272
1046.889527,building index: loading tuples on disk,65776,61273,0,1103359,93.227,2075525120
1047.580899,building index: loading tuples on disk,65776,61277,0,1103575,93.246,2075340800
1048.382735,building index: loading tuples on disk,65776,61344,0,1103787,93.264,2076123136
1049.076833,building index: loading tuples on disk,65776,61348,0,1103970,93.279,2076262400
1049.791997,building index: loading tuples on disk,65776,61351,0,1104126,93.292,2076041216
1050.531147,building index: loading tuples on disk,65776,61353,0,1104246,93.302,2076282880
1051.315048,building index: loading tuples on disk,65776,61356,0,1104366,93.312,2076803072
1052.062464,building index: loading tuples on disk,65776,61358,0,1104488,93.323,2076721152
1052.824527,building index: loading tuples on disk,65776,61361,0,1104644,93.336,2076123136
1053.55759,building index: loading tuples on disk,65776,61364,0,1104843,93.353,2076819456
1054.241694,building index: loading tuples on disk,65776,61368,0,1105040,93.369,2076909568
1054.939041,building index: loading tuples on disk,65776,61372,0,1105259,93.388,2076696576
1055.654459,building index: loading tuples on disk,65776,61440,0,1105485,93.407,2077302784
1056.350554,building index: loading tuples on disk,65776,61443,0,1105643,93.42,2077388800
1057.084216,building index: loading tuples on disk,65776,61445,0,1105772,93.431,2077691904
1057.859652,building index: loading tuples on disk,65776,61447,0,1105888,93.441,2077495296
1058.596996,building index: loading tuples on disk,65776,61449,0,1106004,93.451,2077433856
1059.344711,building index: loading tuples on disk,65776,61452,0,1106149,93.463,2078056448
1060.077175,building index: loading tuples on disk,65776,61456,0,1106348,93.48,2078105600
1060.775317,building index: loading tuples on disk,65776,61460,0,1106546,93.497,2078097408
1061.456378,building index: loading tuples on disk,65776,61464,0,1106771,93.516,2082725888
1062.1266,building index: loading tuples on disk,65776,61468,0,1106985,93.534,2082246656
1062.832543,building index: loading tuples on disk,65776,61471,0,1107140,93.547,2082582528
1063.562699,building index: loading tuples on disk,65776,61537,0,1107268,93.558,2082648064
1064.321244,building index: loading tuples on disk,65776,61540,0,1107404,93.569,2086027264
1065.153505,building index: loading tuples on disk,65776,61542,0,1107531,93.58,2082820096
1065.886424,building index: loading tuples on disk,65776,61545,0,1107687,93.593,2082795520
1066.607687,building index: loading tuples on disk,65776,61549,0,1107887,93.61,2082942976
1067.300387,building index: loading tuples on disk,65776,61553,0,1108087,93.627,2083577856
1067.983002,building index: loading tuples on disk,65776,61557,0,1108304,93.645,2083618816
1068.660028,building index: loading tuples on disk,65776,61560,0,1108508,93.662,2083549184
1069.373717,building index: loading tuples on disk,65776,61563,0,1108664,93.676,2084507648
1070.115949,building index: loading tuples on disk,65776,61565,0,1108778,93.685,2084102144
1070.91663,building index: loading tuples on disk,65776,61567,0,1108882,93.694,2084343808
1071.724192,building index: loading tuples on disk,65776,61634,0,1109002,93.704,2084397056
1072.490538,building index: loading tuples on disk,65776,61637,0,1109165,93.718,2084409344
1073.194805,building index: loading tuples on disk,65776,61641,0,1109389,93.737,2085101568
1073.872777,building index: loading tuples on disk,65776,61645,0,1109597,93.754,2085412864
1074.553484,building index: loading tuples on disk,65776,61649,0,1109824,93.774,2085351424
1075.242933,building index: loading tuples on disk,65776,61652,0,1110029,93.791,2085289984
1075.953943,building index: loading tuples on disk,65776,61656,0,1110195,93.805,2074583040
1076.733274,building index: loading tuples on disk,65776,61658,0,1110323,93.816,2074726400
1077.797551,building index: loading tuples on disk,65776,61660,0,1110450,93.827,2074804224
1078.558096,building index: loading tuples on disk,65776,61663,0,1110599,93.839,2074386432
1079.30125,building index: loading tuples on disk,65776,61730,0,1110769,93.853,2075160576
1079.992485,building index: loading tuples on disk,65776,61734,0,1110976,93.871,2074980352
1080.699886,building index: loading tuples on disk,65776,61737,0,1111157,93.886,2075303936
1081.428563,building index: loading tuples on disk,65776,61741,0,1111338,93.902,2075959296
1082.176618,building index: loading tuples on disk,65776,61743,0,1111495,93.915,2076082176
1082.988562,building index: loading tuples on disk,65776,61746,0,1111617,93.925,2076135424
1083.818533,building index: loading tuples on disk,65776,61748,0,1111734,93.935,2075967488
1084.578139,building index: loading tuples on disk,65776,61750,0,1111868,93.946,2079080448
1085.447117,building index: loading tuples on disk,65776,61753,0,1112009,93.958,2078822400
1086.191696,building index: loading tuples on disk,65776,61757,0,1112201,93.974,2078732288
1086.869986,building index: loading tuples on disk,65776,61824,0,1112409,93.992,2079297536
1087.56872,building index: loading tuples on disk,65776,61828,0,1112611,94.009,2079444992
1088.254054,building index: loading tuples on disk,65776,61832,0,1112814,94.026,2079215616
1088.974592,building index: loading tuples on disk,65776,61835,0,1112966,94.039,2079608832
1089.760491,building index: loading tuples on disk,65776,61837,0,1113064,94.047,2079956992
1090.574727,building index: loading tuples on disk,65776,61839,0,1113175,94.057,2079903744
1091.364559,building index: loading tuples on disk,65776,61841,0,1113296,94.067,2082955264
1092.173623,building index: loading tuples on disk,65776,61844,0,1113435,94.079,2080292864
1092.898792,building index: loading tuples on disk,65776,61847,0,1113636,94.096,2083643392
1093.579218,building index: loading tuples on disk,65776,61851,0,1113832,94.112,2083192832
1094.285055,building index: loading tuples on disk,65776,61855,0,1114040,94.13,2083729408
1094.970082,building index: loading tuples on disk,65776,61922,0,1114229,94.146,2083688448
1095.695621,building index: loading tuples on disk,65776,61925,0,1114366,94.157,2084073472
1096.611576,building index: loading tuples on disk,65776,61927,0,1114467,94.166,2083811328
1097.411304,building index: loading tuples on disk,65776,61929,0,1114590,94.176,2084044800
1098.181257,building index: loading tuples on disk,65776,61931,0,1114715,94.187,2083958784
1098.917228,building index: loading tuples on disk,65776,61934,0,1114883,94.201,2083926016
1099.653705,building index: loading tuples on disk,65776,61938,0,1115100,94.219,2084601856
1100.3675,building index: loading tuples on disk,65776,61942,0,1115264,94.233,2084913152
1101.082418,building index: loading tuples on disk,65776,61945,0,1115475,94.251,2084401152
1101.787484,building index: loading tuples on disk,65776,61948,0,1115628,94.264,2087690240
1102.531538,building index: loading tuples on disk,65776,61951,0,1115767,94.276,2084114432
1103.364371,building index: loading tuples on disk,65776,62017,0,1115875,94.285,2084745216
1104.200907,building index: loading tuples on disk,65776,62019,0,1115978,94.294,2085335040
1104.956152,building index: loading tuples on disk,65776,62022,0,1116108,94.305,2085408768
1105.698077,building index: loading tuples on disk,65776,62025,0,1116295,94.32,2085863424
1106.386372,building index: loading tuples on disk,65776,62029,0,1116492,94.337,2085687296
1107.097232,building index: loading tuples on disk,65776,62032,0,1116674,94.352,2085941248
1107.844737,building index: loading tuples on disk,65776,62036,0,1116881,94.37,2086035456
1108.608006,building index: loading tuples on disk,65776,62039,0,1117021,94.382,2090143744
1109.404056,building index: loading tuples on disk,65776,62041,0,1117140,94.392,2090102784
1110.21567,building index: loading tuples on disk,65776,62043,0,1117241,94.4,2090016768
1111.026759,building index: loading tuples on disk,65776,62045,0,1117365,94.411,2090545152
1111.804353,building index: loading tuples on disk,65776,62047,0,1117496,94.422,2090250240
1112.551558,building index: loading tuples on disk,65776,62114,0,1117638,94.434,2090405888
1113.311546,building index: loading tuples on disk,65776,62116,0,1117784,94.446,2090541056
1114.047302,building index: loading tuples on disk,65776,62120,0,1117971,94.462,2090561536
1114.815585,building index: loading tuples on disk,65776,62123,0,1118146,94.477,2091044864
1115.561036,building index: loading tuples on disk,65776,62126,0,1118291,94.489,2091393024
1116.353397,building index: loading tuples on disk,65776,62128,0,1118408,94.499,2091610112
1117.264241,building index: loading tuples on disk,65776,62130,0,1118529,94.509,2091323392
1118.040676,building index: loading tuples on disk,65776,62133,0,1118666,94.521,2091565056
1118.790697,building index: loading tuples on disk,65776,62135,0,1118788,94.531,2091511808
1119.605659,building index: loading tuples on disk,65776,62138,0,1118937,94.544,2091630592
1120.388401,building index: loading tuples on disk,65776,62140,0,1119080,94.556,2091257856
1121.126531,building index: loading tuples on disk,65776,62143,0,1119227,94.568,2080428032
1121.878278,building index: loading tuples on disk,65776,62210,0,1119360,94.579,2080784384
1122.741815,building index: loading tuples on disk,65776,62211,0,1119458,94.588,2080948224
1123.676692,building index: loading tuples on disk,65776,62214,0,1119590,94.599,2081366016
1124.518555,building index: loading tuples on disk,65776,62216,0,1119710,94.609,2081005568
1125.302481,building index: loading tuples on disk,65776,62218,0,1119839,94.62,2081591296
1126.047253,building index: loading tuples on disk,65776,62221,0,1119970,94.631,2081087488
1126.797525,building index: loading tuples on disk,65776,62223,0,1120115,94.643,2081660928
1127.620352,building index: loading tuples on disk,65776,62226,0,1120243,94.654,2082390016
1128.413405,building index: loading tuples on disk,65776,62227,0,1120309,94.66,2082156544
1129.3101,building index: loading tuples on disk,65776,62229,0,1120417,94.669,2083852288
1130.148964,building index: loading tuples on disk,65776,62231,0,1120537,94.679,2085920768
1130.972289,building index: loading tuples on disk,65776,62233,0,1120654,94.689,2086117376
1131.752273,building index: loading tuples on disk,65776,62235,0,1120755,94.697,2085785600
1132.496302,building index: loading tuples on disk,65776,62238,0,1120918,94.711,2086019072
1133.212535,building index: loading tuples on disk,65776,62305,0,1121068,94.724,2085859328
1133.939437,building index: loading tuples on disk,65776,62308,0,1121252,94.739,2086191104
1134.665519,building index: loading tuples on disk,65776,62311,0,1121411,94.753,2086498304
1135.39594,building index: loading tuples on disk,65776,62313,0,1121529,94.763,2086785024
1136.316971,building index: loading tuples on disk,65776,62316,0,1121646,94.773,2086936576
1137.065065,building index: loading tuples on disk,65776,62318,0,1121770,94.783,2086780928
1137.829971,building index: loading tuples on disk,65776,62320,0,1121898,94.794,2086907904
1138.56317,building index: loading tuples on disk,65776,62324,0,1122098,94.811,2086666240
1139.249212,building index: loading tuples on disk,65776,62328,0,1122308,94.828,2089971712
1139.951726,building index: loading tuples on disk,65776,62332,0,1122500,94.845,2090119168
1140.660914,building index: loading tuples on disk,65776,62400,0,1122717,94.863,2090749952
1141.359555,building index: loading tuples on disk,65776,62402,0,1122873,94.876,2090156032
1142.156871,building index: loading tuples on disk,65776,62405,0,1122986,94.886,2090799104
1142.941795,building index: loading tuples on disk,65776,62407,0,1123101,94.895,2090610688
1143.718898,building index: loading tuples on disk,65776,62409,0,1123217,94.905,2090987520
1144.528125,building index: loading tuples on disk,65776,62412,0,1123361,94.917,2090819584
1145.259358,building index: loading tuples on disk,65776,62415,0,1123556,94.934,2091249664
1145.937771,building index: loading tuples on disk,65776,62419,0,1123757,94.951,2091622400
1146.633996,building index: loading tuples on disk,65776,62423,0,1123958,94.968,2091380736
1147.313498,building index: loading tuples on disk,65776,62427,0,1124165,94.985,2091401216
1148.005641,building index: loading tuples on disk,65776,62429,0,1124317,94.998,2091905024
1148.727962,building index: loading tuples on disk,65776,62496,0,1124445,95.009,2091945984
1149.499387,building index: loading tuples on disk,65776,62498,0,1124570,95.02,2091651072
1150.290856,building index: loading tuples on disk,65776,62500,0,1124688,95.03,2091679744
1151.023895,building index: loading tuples on disk,65776,62503,0,1124838,95.042,2091978752
1151.744557,building index: loading tuples on disk,65776,62507,0,1125042,95.059,2092036096
1152.460856,building index: loading tuples on disk,65776,62510,0,1125219,95.074,2092367872
1153.175337,building index: loading tuples on disk,65776,62514,0,1125399,95.09,2092482560
1153.887651,building index: loading tuples on disk,65776,62517,0,1125609,95.107,2092589056
1154.590603,building index: loading tuples on disk,65776,62520,0,1125760,95.12,2096861184
1155.337141,building index: loading tuples on disk,65776,62523,0,1125885,95.131,2097119232
1156.107704,building index: loading tuples on disk,65776,62524,0,1125980,95.139,2096959488
1156.943045,building index: loading tuples on disk,65776,62527,0,1126103,95.149,2097319936
1157.678734,building index: loading tuples on disk,65776,62593,0,1126257,95.162,2097635328
1158.405863,building index: loading tuples on disk,65776,62597,0,1126475,95.181,2097274880
1159.091358,building index: loading tuples on disk,65776,62601,0,1126673,95.197,2097729536
1159.783439,building index: loading tuples on disk,65776,62604,0,1126865,95.213,2097885184
1160.493109,building index: loading tuples on disk,65776,62608,0,1127038,95.228,2098130944
1161.209303,building index: loading tuples on disk,65776,62611,0,1127192,95.241,2097795072
1161.941906,building index: loading tuples on disk,65776,62613,0,1127312,95.251,2098376704
1162.723207,building index: loading tuples on disk,65776,62615,0,1127419,95.26,2098229248
1163.482123,building index: loading tuples on disk,65776,62617,0,1127548,95.271,2097819648
1164.228928,building index: loading tuples on disk,65776,62620,0,1127690,95.283,2098761728
1164.965377,building index: loading tuples on disk,65776,62623,0,1127862,95.298,2098835456
1165.686356,building index: loading tuples on disk,65776,62691,0,1128036,95.312,2099130368
1166.377564,building index: loading tuples on disk,65776,62695,0,1128246,95.33,2087571456
1167.0883,building index: loading tuples on disk,65776,62698,0,1128422,95.345,2088726528
1167.863852,building index: loading tuples on disk,65776,62701,0,1128571,95.358,2088681472
1168.598076,building index: loading tuples on disk,65776,62703,0,1128694,95.368,2088374272
1169.447076,building index: loading tuples on disk,65776,62705,0,1128820,95.379,2088644608
1170.20691,building index: loading tuples on disk,65776,62708,0,1128955,95.39,2088353792
1170.945549,building index: loading tuples on disk,65776,62711,0,1129115,95.404,2089406464
1171.64872,building index: loading tuples on disk,65776,62715,0,1129335,95.422,2089816064
1172.345807,building index: loading tuples on disk,65776,62719,0,1129527,95.438,2089947136
1173.06376,building index: loading tuples on disk,65776,62786,0,1129724,95.455,2090721280
1173.750036,building index: loading tuples on disk,65776,62790,0,1129916,95.471,2092220416
1174.455011,building index: loading tuples on disk,65776,62792,0,1130060,95.483,2092273664
1175.202818,building index: loading tuples on disk,65776,62795,0,1130180,95.494,2092359680
1175.969621,building index: loading tuples on disk,65776,62797,0,1130311,95.505,2092363776
1176.720031,building index: loading tuples on disk,65776,62800,0,1130443,95.516,2092761088
1177.448859,building index: loading tuples on disk,65776,62802,0,1130601,95.529,2092855296
1178.164039,building index: loading tuples on disk,65776,62807,0,1130821,95.548,2092793856
1178.84559,building index: loading tuples on disk,65776,62810,0,1131020,95.565,2093195264
1179.536092,building index: loading tuples on disk,65776,62814,0,1131234,95.583,2093166592
1180.22413,building index: loading tuples on disk,65776,62882,0,1131410,95.598,2093547520
1180.940239,building index: loading tuples on disk,65776,62884,0,1131559,95.61,2096721920
1181.782031,building index: loading tuples on disk,65776,62887,0,1131688,95.621,2096918528
1182.522642,building index: loading tuples on disk,65776,62889,0,1131811,95.631,2096881664
1183.309253,building index: loading tuples on disk,65776,62891,0,1131944,95.643,2097348608
1184.0401,building index: loading tuples on disk,65776,62895,0,1132114,95.657,2097254400
1184.735427,building index: loading tuples on disk,65776,62899,0,1132332,95.675,2097315840
1185.414743,building index: loading tuples on disk,65776,62902,0,1132521,95.691,2097307648
1186.128881,building index: loading tuples on disk,65776,62906,0,1132716,95.708,2097516544
1186.831763,building index: loading tuples on disk,65776,62909,0,1132902,95.724,2098302976
1187.535394,building index: loading tuples on disk,65776,62976,0,1133041,95.735,2098229248
1188.271975,building index: loading tuples on disk,65776,62978,0,1133170,95.746,2098040832
1189.034729,building index: loading tuples on disk,65776,62980,0,1133289,95.756,2097537024
1189.774576,building index: loading tuples on disk,65776,62983,0,1133408,95.766,2098724864
1190.505316,building index: loading tuples on disk,65776,62986,0,1133564,95.78,2098532352
1191.213042,building index: loading tuples on disk,65776,62990,0,1133792,95.799,2099003392
1191.893159,building index: loading tuples on disk,65776,62993,0,1133974,95.814,2099748864
1192.579767,building index: loading tuples on disk,65776,62997,0,1134192,95.833,2099630080
1193.280278,building index: loading tuples on disk,65776,63001,0,1134390,95.849,2099335168
1193.985417,building index: loading tuples on disk,65776,63004,0,1134542,95.862,2099556352
1194.714923,building index: loading tuples on disk,65776,63006,0,1134660,95.872,2099179520
1195.507032,building index: loading tuples on disk,65776,63072,0,1134785,95.883,2099875840
1196.333616,building index: loading tuples on disk,65776,63075,0,1134910,95.893,2100199424
1197.083356,building index: loading tuples on disk,65776,63078,0,1135065,95.906,2103816192
1197.856578,building index: loading tuples on disk,65776,63081,0,1135263,95.923,2104553472
1198.551082,building index: loading tuples on disk,65776,63085,0,1135450,95.939,2104254464
1199.248566,building index: loading tuples on disk,65776,63089,0,1135662,95.957,2104713216
1199.935002,building index: loading tuples on disk,65776,63092,0,1135834,95.971,2104991744
1200.635156,building index: loading tuples on disk,65776,63095,0,1135986,95.984,2104963072
1201.357409,building index: loading tuples on disk,65776,63098,0,1136131,95.996,2104844288
1202.135687,building index: loading tuples on disk,65776,63099,0,1136238,96.005,2105192448
1202.897673,building index: loading tuples on disk,65776,63102,0,1136369,96.017,2105061376
1203.71047,building index: loading tuples on disk,65776,63169,0,1136512,96.029,2105196544
1204.47454,building index: loading tuples on disk,65776,63172,0,1136708,96.045,2105556992
1205.185858,building index: loading tuples on disk,65776,63175,0,1136877,96.059,2105044992
1205.906918,building index: loading tuples on disk,65776,63179,0,1137091,96.078,2109120512
1206.601303,building index: loading tuples on disk,65776,63183,0,1137271,96.093,2105569280
1207.308832,building index: loading tuples on disk,65776,63185,0,1137413,96.105,2105851904
1208.06436,building index: loading tuples on disk,65776,63187,0,1137525,96.114,2106060800
1208.834589,building index: loading tuples on disk,65776,63190,0,1137644,96.124,2106327040
1209.586295,building index: loading tuples on disk,65776,63192,0,1137785,96.136,2106507264
1210.335346,building index: loading tuples on disk,65776,63196,0,1137967,96.152,2106470400
1211.027471,building index: loading tuples on disk,65776,63264,0,1138203,96.171,2106048512
1211.71354,building index: loading tuples on disk,65776,63268,0,1138422,96.19,2095280128
1212.425853,building index: loading tuples on disk,65776,63272,0,1138649,96.209,2095824896
1213.102754,building index: loading tuples on disk,65776,63276,0,1138861,96.227,2095812608
1213.811434,building index: loading tuples on disk,65776,63279,0,1139010,96.24,2095468544
1214.545058,building index: loading tuples on disk,65776,63281,0,1139130,96.25,2095718400
1215.332166,building index: loading tuples on disk,65776,63284,0,1139253,96.26,2096074752
1216.075798,building index: loading tuples on disk,65776,63286,0,1139379,96.271,2097393664
1216.822595,building index: loading tuples on disk,65776,63289,0,1139517,96.283,2099097600
1217.538049,building index: loading tuples on disk,65776,63293,0,1139722,96.3,2099195904
1218.236522,building index: loading tuples on disk,65776,63361,0,1139923,96.317,2100060160
1218.932139,building index: loading tuples on disk,65776,63365,0,1140157,96.337,2099187712
1219.604153,building index: loading tuples on disk,65776,63369,0,1140373,96.355,2100162560
1220.300574,building index: loading tuples on disk,65776,63372,0,1140547,96.37,2099765248
1221.077834,building index: loading tuples on disk,65776,63374,0,1140674,96.38,2099974144
1221.827566,building index: loading tuples on disk,65776,63377,0,1140803,96.391,2100502528
1222.573855,building index: loading tuples on disk,65776,63379,0,1140931,96.402,2100428800
1223.313447,building index: loading tuples on disk,65776,63382,0,1141079,96.414,2103943168
1224.023121,building index: loading tuples on disk,65776,63386,0,1141297,96.433,2103877632
1224.70321,building index: loading tuples on disk,65776,63389,0,1141491,96.449,2104238080
1225.390186,building index: loading tuples on disk,65776,63457,0,1141702,96.467,2104885248
1226.068425,building index: loading tuples on disk,65776,63461,0,1141919,96.485,2105090048
1226.756802,building index: loading tuples on disk,65776,63464,0,1142100,96.501,2104832000
1227.493146,building index: loading tuples on disk,65776,63467,0,1142229,96.512,2104942592
1228.311641,building index: loading tuples on disk,65776,63469,0,1142349,96.522,2104582144
1229.053511,building index: loading tuples on disk,65776,63471,0,1142475,96.532,2104803328
1229.783693,building index: loading tuples on disk,65776,63474,0,1142622,96.545,2104737792
1230.48993,building index: loading tuples on disk,65776,63478,0,1142828,96.562,2104856576
1231.175505,building index: loading tuples on disk,65776,63481,0,1143018,96.578,2105225216
1231.871613,building index: loading tuples on disk,65776,63485,0,1143226,96.596,2105151488
1232.551265,building index: loading tuples on disk,65776,63553,0,1143444,96.614,2105843712
1233.225935,building index: loading tuples on disk,65776,63556,0,1143605,96.628,2105880576
1233.936285,building index: loading tuples on disk,65776,63559,0,1143741,96.639,2106212352
1234.68429,building index: loading tuples on disk,65776,63561,0,1143864,96.65,2105901056
1235.502044,building index: loading tuples on disk,65776,63564,0,1143992,96.661,2105696256
1236.240132,building index: loading tuples on disk,65776,63567,0,1144142,96.673,2106265600
1236.968645,building index: loading tuples on disk,65776,63570,0,1144348,96.691,2106482688
1237.651203,building index: loading tuples on disk,65776,63574,0,1144549,96.708,2106728448
1238.335729,building index: loading tuples on disk,65776,63578,0,1144772,96.727,2111029248
1239.006807,building index: loading tuples on disk,65776,63582,0,1145014,96.747,2110758912
1239.699605,building index: loading tuples on disk,65776,63650,0,1145197,96.762,2111049728
1240.413034,building index: loading tuples on disk,65776,63652,0,1145338,96.774,2111426560
1241.144088,building index: loading tuples on disk,65776,63654,0,1145421,96.781,2111074304
1241.94919,building index: loading tuples on disk,65776,63656,0,1145550,96.792,2111447040
1242.711982,building index: loading tuples on disk,65776,63659,0,1145692,96.804,2111442944
1243.438977,building index: loading tuples on disk,65776,63663,0,1145898,96.822,2111848448
1244.124768,building index: loading tuples on disk,65776,63667,0,1146107,96.839,2111590400
1244.817044,building index: loading tuples on disk,65776,63670,0,1146313,96.857,2111696896
1245.493515,building index: loading tuples on disk,65776,63674,0,1146532,96.875,2111852544
1246.167961,building index: loading tuples on disk,65776,63678,0,1146710,96.89,2112262144
1246.874355,building index: loading tuples on disk,65776,63744,0,1146855,96.903,2112323584
1247.607758,building index: loading tuples on disk,65776,63746,0,1146959,96.911,2112352256
1248.377369,building index: loading tuples on disk,65776,63748,0,1147075,96.921,2112737280
1249.132586,building index: loading tuples on disk,65776,63751,0,1147220,96.933,2112745472
1249.873736,building index: loading tuples on disk,65776,63754,0,1147393,96.948,2113294336
1250.556951,building index: loading tuples on disk,65776,63758,0,1147607,96.966,2113286144
1251.246675,building index: loading tuples on disk,65776,63762,0,1147814,96.984,2113724416
1251.935887,building index: loading tuples on disk,65776,63766,0,1148038,97.002,2114244608
1252.615429,building index: loading tuples on disk,65776,63770,0,1148231,97.019,2114043904
1253.325341,building index: loading tuples on disk,65776,63773,0,1148385,97.032,2114371584
1254.165183,building index: loading tuples on disk,65776,63775,0,1148511,97.042,2114605056
1254.913343,building index: loading tuples on disk,65776,63825,0,1148640,97.053,2114150400
1255.655228,building index: loading tuples on disk,65776,63828,0,1148772,97.065,2114203648
1256.390028,building index: loading tuples on disk,65776,63831,0,1148962,97.081,2104348672
1257.102757,building index: loading tuples on disk,65776,63835,0,1149186,97.099,2105245696
1257.845777,building index: loading tuples on disk,65776,63839,0,1149390,97.117,2105192448
1258.5581,building index: loading tuples on disk,65776,63875,0,1149590,97.134,2105712640
1259.275928,building index: loading tuples on disk,65776,63878,0,1149770,97.149,2105671680
1259.981009,building index: loading tuples on disk,65776,63881,0,1149905,97.16,2108100608
1260.734419,building index: loading tuples on disk,65776,63883,0,1150031,97.171,2107842560
1261.478064,building index: loading tuples on disk,65776,63885,0,1150160,97.182,2107797504
1262.313348,building index: loading tuples on disk,65776,63887,0,1150277,97.192,2108211200
1263.065736,building index: loading tuples on disk,65776,63922,0,1150443,97.206,2107981824
1263.770798,building index: loading tuples on disk,65776,63926,0,1150658,97.224,2108293120
1264.463269,building index: loading tuples on disk,65776,63930,0,1150880,97.243,2109018112
1265.166658,building index: loading tuples on disk,65776,63935,0,1151105,97.262,2108813312
1265.855255,building index: loading tuples on disk,65776,63970,0,1151284,97.277,2108538880
1266.614958,building index: loading tuples on disk,65776,63972,0,1151424,97.289,2108825600
1267.356451,building index: loading tuples on disk,65776,63975,0,1151550,97.299,2109132800
1268.110996,building index: loading tuples on disk,65776,63977,0,1151676,97.31,2108682240
1268.852405,building index: loading tuples on disk,65776,63979,0,1151809,97.321,2109210624
1269.606696,building index: loading tuples on disk,65776,63983,0,1151982,97.336,2108895232
1270.28931,building index: loading tuples on disk,65776,64019,0,1152186,97.353,2109403136
1270.965313,building index: loading tuples on disk,65776,64022,0,1152396,97.371,2113994752
1271.649019,building index: loading tuples on disk,65776,64027,0,1152630,97.39,2114600960
1272.3176,building index: loading tuples on disk,65776,64030,0,1152816,97.406,2114572288
1273.02669,building index: loading tuples on disk,65776,64065,0,1152954,97.418,2114428928
1273.775094,building index: loading tuples on disk,65776,64067,0,1153078,97.428,2114236416
1274.53393,building index: loading tuples on disk,65776,64069,0,1153195,97.438,2114215936
1275.305065,building index: loading tuples on disk,65776,64072,0,1153331,97.45,2114170880
1276.050243,building index: loading tuples on disk,65776,64075,0,1153510,97.465,2114285568
1276.748164,building index: loading tuples on disk,65776,64079,0,1153709,97.482,2114719744
1277.443059,building index: loading tuples on disk,65776,64115,0,1153914,97.499,2114723840
1278.139842,building index: loading tuples on disk,65776,64119,0,1154139,97.518,2115080192
1278.83527,building index: loading tuples on disk,65776,64122,0,1154327,97.534,2115420160
1279.577987,building index: loading tuples on disk,65776,64125,0,1154453,97.545,2115309568
1280.364339,building index: loading tuples on disk,65776,64127,0,1154583,97.555,2115530752
1281.206851,building index: loading tuples on disk,65776,64161,0,1154691,97.565,2115751936
1281.937006,building index: loading tuples on disk,65776,64164,0,1154832,97.577,2115956736
1282.674006,building index: loading tuples on disk,65776,64167,0,1154999,97.591,2115952640
1283.368351,building index: loading tuples on disk,65776,64171,0,1155206,97.608,2115842048
1284.055419,building index: loading tuples on disk,65776,64175,0,1155410,97.625,2116218880
1284.737236,building index: loading tuples on disk,65776,64211,0,1155630,97.644,2116493312
1285.411384,building index: loading tuples on disk,65776,64214,0,1155823,97.66,2116222976
1286.123251,building index: loading tuples on disk,65776,64217,0,1155955,97.671,2116165632
1286.885078,building index: loading tuples on disk,65776,64219,0,1156063,97.681,2115940352
1287.755459,building index: loading tuples on disk,65776,64221,0,1156195,97.692,2116759552
1288.542942,building index: loading tuples on disk,65776,64256,0,1156335,97.704,2116669440
1289.295601,building index: loading tuples on disk,65776,64260,0,1156551,97.722,2117099520
1289.976988,building index: loading tuples on disk,65776,64264,0,1156764,97.74,2121150464
1290.670429,building index: loading tuples on disk,65776,64268,0,1156962,97.757,2124595200
1291.373088,building index: loading tuples on disk,65776,64271,0,1157181,97.775,2121465856
1292.05411,building index: loading tuples on disk,65776,64307,0,1157361,97.79,2121785344
1292.765354,building index: loading tuples on disk,65776,64309,0,1157494,97.801,2121641984
1293.548894,building index: loading tuples on disk,65776,64311,0,1157604,97.811,2121543680
1294.393983,building index: loading tuples on disk,65776,64313,0,1157721,97.821,2121482240
1295.156478,building index: loading tuples on disk,65776,64316,0,1157860,97.832,2121940992
1295.898161,building index: loading tuples on disk,65776,64319,0,1158041,97.848,2122137600
1296.602551,building index: loading tuples on disk,65776,64355,0,1158257,97.866,2122670080
1297.307068,building index: loading tuples on disk,65776,64359,0,1158465,97.884,2122428416
1297.989771,building index: loading tuples on disk,65776,64363,0,1158697,97.903,2123026432
1298.669323,building index: loading tuples on disk,65776,64367,0,1158887,97.919,2123374592
1299.376916,building index: loading tuples on disk,65776,64417,0,1159020,97.93,2123304960
1300.121508,building index: loading tuples on disk,65776,64420,0,1159153,97.942,2123272192
1300.872267,building index: loading tuples on disk,65776,64422,0,1159278,97.952,2123370496
1301.618927,building index: loading tuples on disk,65776,64425,0,1159418,97.964,2110652416
1302.428661,building index: loading tuples on disk,65776,64428,0,1159601,97.979,2110545920
1303.130571,building index: loading tuples on disk,65776,64448,0,1159800,97.996,2111107072
1303.833893,building index: loading tuples on disk,65776,64452,0,1160001,98.013,2111094784
1304.525894,building index: loading tuples on disk,65776,64455,0,1160209,98.031,2112782336
1305.223427,building index: loading tuples on disk,65776,64459,0,1160379,98.045,2112368640
1305.948494,building index: loading tuples on disk,65776,64461,0,1160514,98.057,2112577536
1306.73918,building index: loading tuples on disk,65776,64463,0,1160635,98.067,2113097728
1307.498095,building index: loading tuples on disk,65776,64498,0,1160761,98.078,2112966656
1308.266039,building index: loading tuples on disk,65776,64500,0,1160899,98.089,2113015808
1308.995798,building index: loading tuples on disk,65776,64504,0,1161101,98.106,2115334144
1309.666048,building index: loading tuples on disk,65776,64508,0,1161305,98.123,2116878336
1310.369319,building index: loading tuples on disk,65776,64511,0,1161508,98.141,2117226496
1311.05248,building index: loading tuples on disk,65776,64531,0,1161717,98.158,2117079040
1311.739664,building index: loading tuples on disk,65776,64534,0,1161887,98.173,2117156864
1312.459902,building index: loading tuples on disk,65776,64537,0,1162027,98.184,2117328896
1313.200943,building index: loading tuples on disk,65776,64539,0,1162150,98.195,2117234688
1313.998832,building index: loading tuples on disk,65776,64541,0,1162263,98.204,2117857280
1314.738257,building index: loading tuples on disk,65776,64608,0,1162403,98.216,2117472256
1315.471668,building index: loading tuples on disk,65776,64611,0,1162571,98.23,2117718016
1316.170909,building index: loading tuples on disk,65776,64615,0,1162770,98.247,2117894144
1316.855648,building index: loading tuples on disk,65776,64618,0,1162968,98.264,2117931008
1317.537248,building index: loading tuples on disk,65776,64621,0,1163143,98.279,2125414400
1318.331892,building index: loading tuples on disk,65776,64640,0,1163279,98.29,2122919936
1319.08731,building index: loading tuples on disk,65776,64642,0,1163378,98.299,2122498048
1319.885563,building index: loading tuples on disk,65776,64644,0,1163481,98.307,2122657792
1320.663499,building index: loading tuples on disk,65776,64646,0,1163612,98.318,2122768384
1321.409249,building index: loading tuples on disk,65776,64649,0,1163759,98.331,2122399744
1322.13941,building index: loading tuples on disk,65776,64652,0,1163931,98.345,2122735616
1322.825367,building index: loading tuples on disk,65776,64688,0,1164133,98.362,2122502144
1323.542375,building index: loading tuples on disk,65776,64692,0,1164335,98.379,2123132928
1324.227293,building index: loading tuples on disk,65776,64696,0,1164543,98.397,2123268096
1324.922648,building index: loading tuples on disk,65776,64699,0,1164710,98.411,2124058624
1325.645083,building index: loading tuples on disk,65776,64701,0,1164848,98.423,2123489280
1326.496184,building index: loading tuples on disk,65776,64703,0,1164962,98.432,2124423168
1327.239891,building index: loading tuples on disk,65776,64754,0,1165086,98.443,2124132352
1327.973073,building index: loading tuples on disk,65776,64757,0,1165232,98.455,2123972608
1328.714731,building index: loading tuples on disk,65776,64760,0,1165432,98.472,2123542528
1329.392298,building index: loading tuples on disk,65776,64764,0,1165644,98.49,2124591104
1330.082054,building index: loading tuples on disk,65776,64800,0,1165861,98.508,2124128256
1330.777338,building index: loading tuples on disk,65776,64804,0,1166090,98.528,2124517376
1331.450644,building index: loading tuples on disk,65776,64808,0,1166281,98.544,2125029376
1332.168473,building index: loading tuples on disk,65776,64810,0,1166413,98.555,2124869632
1332.950248,building index: loading tuples on disk,65776,64813,0,1166538,98.566,2124701696
1333.709814,building index: loading tuples on disk,65776,64815,0,1166668,98.577,2125041664
1334.473066,building index: loading tuples on disk,65776,64834,0,1166797,98.588,2125172736
1335.208558,building index: loading tuples on disk,65776,64837,0,1166973,98.602,2125381632
1335.892115,building index: loading tuples on disk,65776,64857,0,1167190,98.621,2124890112
1336.582325,building index: loading tuples on disk,65776,64860,0,1167388,98.637,2125717504
1337.26337,building index: loading tuples on disk,65776,64880,0,1167603,98.656,2126737408
1337.955587,building index: loading tuples on disk,65776,64884,0,1167774,98.67,2127273984
1338.662699,building index: loading tuples on disk,65776,64886,0,1167913,98.682,2126979072
1339.416528,building index: loading tuples on disk,65776,64904,0,1168038,98.692,2127257600
1340.203082,building index: loading tuples on disk,65776,64907,0,1168164,98.703,2127532032
1340.945421,building index: loading tuples on disk,65776,64909,0,1168292,98.714,2127597568
1341.689657,building index: loading tuples on disk,65776,64928,0,1168456,98.728,2127400960
1342.402186,building index: loading tuples on disk,65776,64932,0,1168655,98.745,2127720448
1343.071264,building index: loading tuples on disk,65776,64935,0,1168856,98.761,2127249408
1343.750804,building index: loading tuples on disk,65776,64948,0,1169090,98.781,2127855616
1344.418471,building index: loading tuples on disk,65776,64976,0,1169297,98.799,2128572416
1345.131266,building index: loading tuples on disk,65776,64978,0,1169442,98.811,2128236544
1345.869079,building index: loading tuples on disk,65776,64981,0,1169567,98.822,2128621568
1346.629553,building index: loading tuples on disk,65776,64983,0,1169675,98.831,2119237632
1347.601817,building index: loading tuples on disk,65776,65001,0,1169800,98.841,2119991296
1348.353527,building index: loading tuples on disk,65776,65004,0,1169963,98.855,2120290304
1349.037846,building index: loading tuples on disk,65776,65024,0,1170159,98.872,2121314304
1349.725091,building index: loading tuples on disk,65776,65028,0,1170372,98.89,2121289728
1350.414856,building index: loading tuples on disk,65776,65040,0,1170594,98.908,2121596928
1351.077412,building index: loading tuples on disk,65776,65043,0,1170784,98.924,2121744384
1351.794045,building index: loading tuples on disk,65776,65046,0,1170915,98.935,2121863168
1352.541581,building index: loading tuples on disk,65776,65064,0,1171035,98.946,2121687040
1353.41178,building index: loading tuples on disk,65776,65066,0,1171131,98.954,2121650176
1354.171177,building index: loading tuples on disk,65776,65068,0,1171272,98.966,2123919360
1354.90078,building index: loading tuples on disk,65776,65088,0,1171478,98.983,2123911168
1355.594176,building index: loading tuples on disk,65776,65092,0,1171675,99.0,2123997184
1356.304365,building index: loading tuples on disk,65776,65095,0,1171875,99.017,2124537856
1356.983662,building index: loading tuples on disk,65776,65115,0,1172069,99.033,2127273984
1357.729483,building index: loading tuples on disk,65776,65118,0,1172219,99.046,2124926976
1358.465291,building index: loading tuples on disk,65776,65136,0,1172353,99.057,2124218368
1359.20174,building index: loading tuples on disk,65776,65138,0,1172472,99.067,2124595200
1359.968925,building index: loading tuples on disk,65776,65140,0,1172580,99.076,2125062144
1360.708444,building index: loading tuples on disk,65776,65143,0,1172729,99.089,2125422592
1361.44991,building index: loading tuples on disk,65776,65162,0,1172925,99.105,2125484032
1362.132724,building index: loading tuples on disk,65776,65167,0,1173141,99.124,2125352960
1362.835423,building index: loading tuples on disk,65776,65186,0,1173339,99.14,2124988416
1363.536027,building index: loading tuples on disk,65776,65190,0,1173551,99.158,2125524992
1364.219177,building index: loading tuples on disk,65776,65217,0,1173704,99.171,2126233600
1364.936504,building index: loading tuples on disk,65776,65220,0,1173840,99.183,2126450688
1365.698743,building index: loading tuples on disk,65776,65222,0,1173942,99.191,2126114816
1366.534825,building index: loading tuples on disk,65776,65232,0,1174058,99.201,2126454784
1367.308516,building index: loading tuples on disk,65776,65234,0,1174208,99.214,2126819328
1368.055323,building index: loading tuples on disk,65776,65238,0,1174377,99.228,2126876672
1368.75139,building index: loading tuples on disk,65776,65257,0,1174578,99.245,2126987264
1369.432897,building index: loading tuples on disk,65776,65261,0,1174786,99.263,2128105472
1370.123327,building index: loading tuples on disk,65776,65281,0,1174999,99.281,2128007168
1370.801522,building index: loading tuples on disk,65776,65284,0,1175181,99.296,2127867904
1371.501014,building index: loading tuples on disk,65776,65287,0,1175330,99.308,2127904768
1372.331188,building index: loading tuples on disk,65776,65301,0,1175443,99.318,2128252928
1373.13867,building index: loading tuples on disk,65776,65303,0,1175548,99.327,2127736832
1373.910547,building index: loading tuples on disk,65776,65313,0,1175669,99.337,2128580608
1374.639536,building index: loading tuples on disk,65776,65324,0,1175831,99.351,2128072704
1375.362685,building index: loading tuples on disk,65776,65336,0,1176039,99.368,2128838656
1376.0481,building index: loading tuples on disk,65776,65344,0,1176250,99.386,2128572416
1376.728275,building index: loading tuples on disk,65776,65360,0,1176476,99.405,2128957440
1377.410623,building index: loading tuples on disk,65776,65363,0,1176655,99.42,2129010688
1378.122843,building index: loading tuples on disk,65776,65381,0,1176777,99.431,2129674240
1378.882028,building index: loading tuples on disk,65776,65388,0,1176895,99.441,2129555456
1379.660398,building index: loading tuples on disk,65776,65390,0,1177024,99.452,2129805312
1380.404461,building index: loading tuples on disk,65776,65401,0,1177158,99.463,2129555456
1381.139357,building index: loading tuples on disk,65776,65408,0,1177349,99.479,2129588224
1381.819319,building index: loading tuples on disk,65776,65428,0,1177552,99.496,2129850368
1382.513219,building index: loading tuples on disk,65776,65431,0,1177754,99.513,2129580032
1383.213935,building index: loading tuples on disk,65776,65439,0,1177947,99.53,2130145280
1383.918543,building index: loading tuples on disk,65776,65458,0,1178123,99.544,2130493440
1384.670597,building index: loading tuples on disk,65776,65468,0,1178259,99.556,2130190336
1385.409667,building index: loading tuples on disk,65776,65471,0,1178391,99.567,2130309120
1386.174899,building index: loading tuples on disk,65776,65477,0,1178508,99.577,2130423808
1386.941844,building index: loading tuples on disk,65776,65479,0,1178638,99.588,2130276352
1387.679743,building index: loading tuples on disk,65776,65490,0,1178807,99.602,2130399232
1388.388179,building index: loading tuples on disk,65776,65502,0,1179005,99.619,2130915328
1389.078497,building index: loading tuples on disk,65776,65517,0,1179187,99.634,2131304448
1389.770289,building index: loading tuples on disk,65776,65529,0,1179366,99.65,2130989056
1390.472321,building index: loading tuples on disk,65776,65534,0,1179526,99.663,2131320832
1391.189347,building index: loading tuples on disk,65776,65542,0,1179673,99.675,2131460096
1391.941504,building index: loading tuples on disk,65776,65549,0,1179804,99.687,2126217216
1392.740097,building index: loading tuples on disk,65776,65555,0,1179918,99.696,2126614528
1393.494602,building index: loading tuples on disk,65776,65564,0,1180061,99.708,2126516224
1394.244583,building index: loading tuples on disk,65776,65571,0,1180226,99.722,2127306752
1394.963288,building index: loading tuples on disk,65776,65580,0,1180433,99.74,2127151104
1395.653041,building index: loading tuples on disk,65776,65592,0,1180639,99.757,2127429632
1396.353853,building index: loading tuples on disk,65776,65604,0,1180862,99.776,2129588224
1397.062517,building index: loading tuples on disk,65776,65611,0,1181001,99.788,2128265216
1397.769439,building index: loading tuples on disk,65776,65622,0,1181149,99.8,2127937536
1398.525163,building index: loading tuples on disk,65776,65628,0,1181260,99.81,2127544320
1399.346987,building index: loading tuples on disk,65776,65634,0,1181393,99.821,2128916480
1400.072789,building index: loading tuples on disk,65776,65641,0,1181537,99.833,2128855040
1400.812649,building index: loading tuples on disk,65776,65652,0,1181712,99.848,2128932864
1401.494178,building index: loading tuples on disk,65776,65662,0,1181924,99.866,2128887808
1402.185902,building index: loading tuples on disk,65776,65674,0,1182128,99.883,2129113088
1402.87794,building index: loading tuples on disk,65776,65686,0,1182341,99.901,2129637376
1403.580095,building index: loading tuples on disk,65776,65697,0,1182527,99.917,2129317888
1404.296042,building index: loading tuples on disk,65776,65704,0,1182656,99.928,2129801216
1405.055927,building index: loading tuples on disk,65776,65710,0,1182766,99.937,2129698816
1405.825707,building index: loading tuples on disk,65776,65716,0,1182894,99.948,2130018304
1406.56915,building index: loading tuples on disk,65776,65725,0,1183029,99.959,2130210816
1407.314328,building index: loading tuples on disk,65776,65729,0,1183173,99.971,2126356480
1408.027846,building index: loading tuples on disk,65776,65733,0,1183247,99.977,2127081472
1408.689987,building index: loading tuples on disk,65776,65738,0,1183332,99.985,2126897152
1409.327397,building index: loading tuples on disk,65776,65743,0,1183425,99.992,2126921728
1409.949458,building index: writing index pages to WAL,65776,65776,0,1183514,100.0,1068761088
1410.58213,building index: writing index pages to WAL,65776,65776,0,1183514,100.0,1261383680
1411.37063,building index: writing index pages to WAL,65776,65776,0,1183514,100.0,1408471040
1412.111492,building index: writing index pages to WAL,65776,65776,0,1183514,100.0,1524441088
1412.882881,building index: writing index pages to WAL,65776,65776,0,1183514,100.0,1652600832
1413.689047,building index: writing index pages to WAL,65776,65776,0,1183514,100.0,1770717184
