elapsed_seconds,phase,blocks_total,blocks_done,tuples_total,tuples_done,tuple_progress_percent,container_memory_bytes
0.004275,building index: loading tuples in memory,0,0,0,0,0.0,1882865664
0.621104,building index: loading tuples in memory,65776,451,0,6940,0.586,2953142272
1.296779,building index: loading tuples in memory,65776,676,0,12147,1.026,2919464960
1.959628,building index: loading tuples in memory,65776,888,0,16685,1.41,2919821312
2.642896,building index: loading tuples in memory,65776,1080,0,20182,1.705,2920140800
3.36293,building index: loading tuples in memory,65776,1260,0,23020,1.945,2919493632
4.095657,building index: loading tuples in memory,65776,1367,0,25347,2.142,2920091648
4.913128,building index: loading tuples in memory,65776,1550,0,28378,2.398,2920001536
5.642852,building index: loading tuples in memory,65776,1735,0,31328,2.647,2919620608
6.376963,building index: loading tuples in memory,65776,1928,0,34822,2.942,2919776256
7.110933,building index: loading tuples in memory,65776,2126,0,38635,3.264,2919444480
7.81095,building index: loading tuples in memory,65776,2326,0,42511,3.592,2920046592
8.484784,building index: loading tuples in memory,65776,2596,0,46744,3.95,2920026112
9.154756,building index: loading tuples in memory,65776,2790,0,50318,4.252,2919542784
9.912545,building index: loading tuples in memory,65776,2906,0,53107,4.487,2920402944
10.63902,building index: loading tuples in memory,65776,3079,0,55543,4.693,2919989248
11.363662,building index: loading tuples in memory,65776,3187,0,57983,4.899,2919759872
12.087968,building index: loading tuples in memory,65776,3362,0,60551,5.116,2919985152
12.802779,building index: loading tuples in memory,65776,3556,0,64050,5.412,2919264256
13.484286,building index: loading tuples in memory,65776,3757,0,67962,5.742,2919575552
14.168832,building index: loading tuples in memory,65776,3947,0,71280,6.023,2919710720
14.861485,building index: loading tuples in memory,65776,4141,0,74839,6.323,2919686144
15.530865,building index: loading tuples in memory,65776,4336,0,78394,6.624,2919989248
16.236323,building index: loading tuples in memory,65776,4514,0,81184,6.86,2919583744
16.941269,building index: loading tuples in memory,65776,4623,0,83589,7.063,2919874560
17.677157,building index: loading tuples in memory,65776,4727,0,85699,7.241,2919870464
18.426135,building index: loading tuples in memory,65776,4903,0,88266,7.458,2920136704
19.169618,building index: loading tuples in memory,65776,5023,0,91258,7.711,2920116224
19.849241,building index: loading tuples in memory,65776,5285,0,95039,8.03,2919694336
20.514847,building index: loading tuples in memory,65776,5477,0,98495,8.322,2919956480
21.19212,building index: loading tuples in memory,65776,5672,0,102117,8.628,2920308736
21.874322,building index: loading tuples in memory,65776,5876,0,106207,8.974,1260314624
22.654657,building index: loading tuples in memory,65776,6055,0,108927,9.204,1264414720
23.370012,building index: loading tuples in memory,65776,6162,0,111181,9.394,1265434624
24.09862,building index: loading tuples in memory,65776,6262,0,113069,9.554,1269981184
24.848847,building index: loading tuples in memory,65776,6436,0,115476,9.757,1270513664
25.60619,building index: loading tuples in memory,65776,6552,0,118184,9.986,1275531264
26.301376,building index: loading tuples in memory,65776,6746,0,121738,10.286,1275674624
26.959244,building index: loading tuples in memory,65776,6941,0,125429,10.598,1276100608
27.629916,building index: loading tuples in memory,65776,7133,0,128929,10.894,1281056768
28.289098,building index: loading tuples in memory,65776,7327,0,132574,11.202,1281617920
28.951941,building index: loading tuples in memory,65776,7515,0,135775,11.472,1281732608
29.647928,building index: loading tuples in memory,65776,7690,0,138311,11.686,1286639616
30.395762,building index: loading tuples in memory,65776,7791,0,140308,11.855,1286950912
31.140421,building index: loading tuples in memory,65776,7902,0,142789,12.065,1287983104
31.879511,building index: loading tuples in memory,65776,8077,0,145201,12.269,1288130560
32.625312,building index: loading tuples in memory,65776,8265,0,148460,12.544,1293193216
33.291747,building index: loading tuples in memory,65776,8462,0,152173,12.858,1293680640
33.97271,building index: loading tuples in memory,65776,8652,0,155537,13.142,1298194432
34.644706,building index: loading tuples in memory,65776,8844,0,158936,13.429,1298411520
35.32209,building index: loading tuples in memory,65776,9027,0,161860,13.676,1298681856
36.024603,building index: loading tuples in memory,65776,9133,0,164052,13.861,1299517440
36.806491,building index: loading tuples in memory,65776,9203,0,166072,14.032,1304100864
37.559377,building index: loading tuples in memory,65776,9310,0,168301,14.22,1304690688
38.277497,building index: loading tuples in memory,65776,9481,0,170644,14.418,1309093888
39.005679,building index: loading tuples in memory,65776,9667,0,173718,14.678,1310044160
39.679819,building index: loading tuples in memory,65776,9866,0,177503,14.998,1310695424
40.34059,building index: loading tuples in memory,65776,9983,0,180317,15.236,1310814208
41.031225,building index: loading tuples in memory,65776,10241,0,183845,15.534,1315983360
41.697468,building index: loading tuples in memory,65776,10433,0,187317,15.827,1316868096
42.370382,building index: loading tuples in memory,65776,10547,0,189963,16.051,1317175296
43.102695,building index: loading tuples in memory,65776,10652,0,192121,16.233,1321680896
43.833244,building index: loading tuples in memory,65776,10818,0,194095,16.4,1322057728
44.58415,building index: loading tuples in memory,65776,10920,0,196127,16.572,1322938368
45.325823,building index: loading tuples in memory,65776,11032,0,198754,16.794,1323032576
46.020592,building index: loading tuples in memory,65776,11221,0,202073,17.074,1327280128
46.678657,building index: loading tuples in memory,65776,11413,0,205530,17.366,1328242688
47.334882,building index: loading tuples in memory,65776,11606,0,209016,17.661,1328377856
47.993935,building index: loading tuples in memory,65776,11801,0,212605,17.964,1333133312
48.653083,building index: loading tuples in memory,65776,11987,0,215793,18.233,1333477376
49.402909,building index: loading tuples in memory,65776,12093,0,217991,18.419,1333981184
50.156408,building index: loading tuples in memory,65776,12257,0,219954,18.585,1339023360
50.902251,building index: loading tuples in memory,65776,12360,0,222074,18.764,1339379712
51.635149,building index: loading tuples in memory,65776,12466,0,224383,18.959,1339707392
52.352269,building index: loading tuples in memory,65776,12656,0,227754,19.244,1339985920
53.011175,building index: loading tuples in memory,65776,12850,0,231315,19.545,1348104192
53.694727,building index: loading tuples in memory,65776,13041,0,234649,19.826,1348505600
54.352261,building index: loading tuples in memory,65776,13232,0,238138,20.121,1353498624
55.022542,building index: loading tuples in memory,65776,13417,0,241181,20.378,1353596928
55.717256,building index: loading tuples in memory,65776,13526,0,243579,20.581,1353805824
56.444711,building index: loading tuples in memory,65776,13627,0,245566,20.749,1354395648
57.236514,building index: loading tuples in memory,65776,13724,0,247363,20.901,1358778368
57.968247,building index: loading tuples in memory,65776,13896,0,249692,21.098,1359364096
58.687327,building index: loading tuples in memory,65776,14082,0,252782,21.359,1359970304
59.349147,building index: loading tuples in memory,65776,14273,0,256228,21.65,1360699392
60.020028,building index: loading tuples in memory,65776,14399,0,259572,21.932,1365151744
60.703765,building index: loading tuples in memory,65776,14659,0,263198,22.239,1365569536
61.364399,building index: loading tuples in memory,65776,14848,0,266482,22.516,1370546176
62.033975,building index: loading tuples in memory,65776,14961,0,269195,22.745,1370976256
62.73595,building index: loading tuples in memory,65776,15062,0,271222,22.917,1371635712
63.490638,building index: loading tuples in memory,65776,15160,0,273045,23.071,1371906048
64.240467,building index: loading tuples in memory,65776,15262,0,275122,23.246,1376305152
65.04873,building index: loading tuples in memory,65776,15439,0,277782,23.471,1379299328
65.73747,building index: loading tuples in memory,65776,15630,0,281126,23.754,1377345536
66.392544,building index: loading tuples in memory,65776,15816,0,284301,24.022,1381773312
67.060121,building index: loading tuples in memory,65776,16007,0,287626,24.303,1251696640
67.764901,building index: loading tuples in memory,65776,16199,0,291105,24.597,1255534592
68.442431,building index: loading tuples in memory,65776,16306,0,293417,24.792,1260466176
69.139671,building index: loading tuples in memory,65776,16411,0,295581,24.975,1260564480
69.930363,building index: loading tuples in memory,65776,16509,0,297467,25.134,1260961792
70.697294,building index: loading tuples in memory,65776,16683,0,299917,25.341,1265692672
71.407188,building index: loading tuples in memory,65776,16791,0,302275,25.54,1266167808
72.141771,building index: loading tuples in memory,65776,16971,0,305067,25.776,1266577408
72.816391,building index: loading tuples in memory,65776,17155,0,308098,26.032,1271361536
73.508539,building index: loading tuples in memory,65776,17274,0,311114,26.287,1271721984
74.187206,building index: loading tuples in memory,65776,17463,0,314417,26.566,1272590336
74.845387,building index: loading tuples in memory,65776,17646,0,317346,26.814,1272729600
75.538197,building index: loading tuples in memory,65776,17753,0,319672,27.01,1277255680
76.281927,building index: loading tuples in memory,65776,17920,0,321738,27.185,1278144512
77.020324,building index: loading tuples in memory,65776,18020,0,323636,27.345,1277808640
77.730011,building index: loading tuples in memory,65776,18124,0,325716,27.521,1278386176
78.456209,building index: loading tuples in memory,65776,18273,0,328575,27.763,1283538944
79.116282,building index: loading tuples in memory,65776,18466,0,331996,28.052,1283825664
79.787722,building index: loading tuples in memory,65776,18586,0,335071,28.312,1284378624
80.465577,building index: loading tuples in memory,65776,18779,0,338542,28.605,1288634368
81.125734,building index: loading tuples in memory,65776,18972,0,342056,28.902,1289441280
81.801565,building index: loading tuples in memory,65776,19151,0,344725,29.127,1290100736
82.507854,building index: loading tuples in memory,65776,19253,0,346859,29.308,1294094336
83.242892,building index: loading tuples in memory,65776,19352,0,348715,29.464,1294639104
83.974629,building index: loading tuples in memory,65776,19520,0,350920,29.651,1294663680
84.708267,building index: loading tuples in memory,65776,19635,0,353624,29.879,1294487552
85.381358,building index: loading tuples in memory,65776,19827,0,357079,30.171,1298821120
86.031905,building index: loading tuples in memory,65776,20015,0,360328,30.446,1298395136
86.691223,building index: loading tuples in memory,65776,20204,0,363582,30.721,1302884352
87.347827,building index: loading tuples in memory,65776,20394,0,366904,31.001,1302859776
88.005524,building index: loading tuples in memory,65776,20511,0,369770,31.243,1302573056
88.696929,building index: loading tuples in memory,65776,20684,0,372208,31.449,1303027712
89.398734,building index: loading tuples in memory,65776,20786,0,374283,31.625,1307197440
90.123286,building index: loading tuples in memory,65776,20886,0,376169,31.784,1306931200
90.840148,building index: loading tuples in memory,65776,21056,0,378333,31.967,1306619904
91.562154,building index: loading tuples in memory,65776,21175,0,381375,32.224,1306894336
92.2183,building index: loading tuples in memory,65776,21368,0,384782,32.512,1311367168
92.871483,building index: loading tuples in memory,65776,21560,0,388201,32.801,1311174656
93.551323,building index: loading tuples in memory,65776,21752,0,391668,33.094,1315303424
94.20963,building index: loading tuples in memory,65776,21941,0,395025,33.377,1314996224
94.893047,building index: loading tuples in memory,65776,22117,0,397557,33.591,1315491840
95.599643,building index: loading tuples in memory,65776,22221,0,399681,33.771,1315426304
96.400687,building index: loading tuples in memory,65776,22320,0,401588,33.932,1319960576
97.132638,building index: loading tuples in memory,65776,22429,0,404010,34.136,1319329792
97.854713,building index: loading tuples in memory,65776,22603,0,406413,34.34,1319890944
98.53512,building index: loading tuples in memory,65776,22788,0,409529,34.603,1319686144
99.195171,building index: loading tuples in memory,65776,22978,0,412889,34.887,1323827200
99.867236,building index: loading tuples in memory,65776,23169,0,416256,35.171,1323913216
100.529642,building index: loading tuples in memory,65776,23362,0,419704,35.463,1328218112
101.187623,building index: loading tuples in memory,65776,23482,0,422731,35.718,1327902720
101.879704,building index: loading tuples in memory,65776,23653,0,425015,35.911,1328107520
102.719476,building index: loading tuples in memory,65776,23751,0,426868,36.068,1328123904
103.469617,building index: loading tuples in memory,65776,23860,0,429312,36.274,1332031488
104.174625,building index: loading tuples in memory,65776,23967,0,431692,36.475,1332039680
104.880682,building index: loading tuples in memory,65776,24153,0,434816,36.739,1331965952
105.536577,building index: loading tuples in memory,65776,24344,0,438222,37.027,1336504320
106.1961,building index: loading tuples in memory,65776,24532,0,441482,37.303,1336766464
106.854513,building index: loading tuples in memory,65776,24724,0,444869,37.589,1336291328
107.499946,building index: loading tuples in memory,65776,24911,0,448043,37.857,1340375040
108.195789,building index: loading tuples in memory,65776,25019,0,450338,38.051,1340604416
108.884374,building index: loading tuples in memory,65776,25111,0,451828,38.177,1340710912
109.628424,building index: loading tuples in memory,65776,25210,0,453729,38.337,1340706816
110.55692,building index: loading tuples in memory,65776,25301,0,455160,38.458,1344786432
111.391234,building index: loading tuples in memory,65776,25442,0,457578,38.663,1344929792
112.071305,building index: loading tuples in memory,65776,25633,0,460998,38.952,1252667392
112.85306,building index: loading tuples in memory,65776,25755,0,464162,39.219,1256665088
113.5284,building index: loading tuples in memory,65776,25943,0,467394,39.492,1256869888
114.182849,building index: loading tuples in memory,65776,26131,0,470590,39.762,1261051904
114.863835,building index: loading tuples in memory,65776,26309,0,473304,39.991,1261223936
115.613224,building index: loading tuples in memory,65776,26409,0,475248,40.156,1261338624
116.336247,building index: loading tuples in memory,65776,26511,0,477337,40.332,1261219840
117.052556,building index: loading tuples in memory,65776,26606,0,479085,40.48,1265868800
117.812057,building index: loading tuples in memory,65776,26792,0,482214,40.744,1265414144
118.480149,building index: loading tuples in memory,65776,27014,0,485599,41.03,1265123328
119.150012,building index: loading tuples in memory,65776,27168,0,488757,41.297,1269460992
119.839104,building index: loading tuples in memory,65776,27295,0,492141,41.583,1269493760
120.494578,building index: loading tuples in memory,65776,27586,0,495766,41.889,1269706752
121.199495,building index: loading tuples in memory,65776,27699,0,498417,42.113,1273491456
121.897249,building index: loading tuples in memory,65776,27799,0,500357,42.277,1273667584
122.654315,building index: loading tuples in memory,65776,27902,0,502468,42.456,1273556992
123.366013,building index: loading tuples in memory,65776,28071,0,504624,42.638,1273917440
124.063349,building index: loading tuples in memory,65776,28145,0,506880,42.828,1277997056
124.770135,building index: loading tuples in memory,65776,28361,0,509893,43.083,1278160896
125.433798,building index: loading tuples in memory,65776,28513,0,512890,43.336,1277943808
126.106566,building index: loading tuples in memory,65776,28636,0,516054,43.604,1281892352
126.766853,building index: loading tuples in memory,65776,28827,0,519477,43.893,1281814528
127.422227,building index: loading tuples in memory,65776,29000,0,521898,44.097,1282002944
128.151543,building index: loading tuples in memory,65776,29091,0,523362,44.221,1282347008
128.917403,building index: loading tuples in memory,65776,29115,0,524651,44.33,1286250496
129.796439,building index: loading tuples in memory,65776,29206,0,526126,44.455,1286221824
130.540344,building index: loading tuples in memory,65776,29304,0,527977,44.611,1286668288
131.274474,building index: loading tuples in memory,65776,29487,0,530890,44.857,1286524928
131.944024,building index: loading tuples in memory,65776,29667,0,533731,45.097,1290403840
132.617804,building index: loading tuples in memory,65776,29776,0,536190,45.305,1290895360
133.37212,building index: loading tuples in memory,65776,29875,0,538162,45.472,1293750272
134.159703,building index: loading tuples in memory,65776,29977,0,540188,45.643,1290498048
134.89584,building index: loading tuples in memory,65776,30074,0,541930,45.79,1294639104
135.646698,building index: loading tuples in memory,65776,30170,0,543688,45.938,1294675968
136.415058,building index: loading tuples in memory,65776,30302,0,545595,46.1,1294561280
137.160312,building index: loading tuples in memory,65776,30473,0,547973,46.301,1294725120
137.875731,building index: loading tuples in memory,65776,30586,0,550660,46.528,1294385152
138.536901,building index: loading tuples in memory,65776,30762,0,553192,46.741,1298771968
139.218227,building index: loading tuples in memory,65776,30872,0,555684,46.952,1298882560
139.993928,building index: loading tuples in memory,65776,31047,0,558177,47.163,1298714624
140.676478,building index: loading tuples in memory,65776,31159,0,560739,47.379,1303183360
141.383707,building index: loading tuples in memory,65776,31263,0,562915,47.563,1302687744
142.097421,building index: loading tuples in memory,65776,31394,0,564808,47.723,1303048192
142.82595,building index: loading tuples in memory,65776,31533,0,567065,47.914,1303322624
143.531048,building index: loading tuples in memory,65776,31634,0,569061,48.082,1303248896
144.255653,building index: loading tuples in memory,65776,31777,0,571617,48.298,1307074560
144.924545,building index: loading tuples in memory,65776,31900,0,574787,48.566,1306890240
145.601177,building index: loading tuples in memory,65776,32114,0,577656,48.809,1307631616
146.278576,building index: loading tuples in memory,65776,32266,0,580687,49.065,1311490048
146.939147,building index: loading tuples in memory,65776,32383,0,583578,49.309,1311584256
147.708515,building index: loading tuples in memory,65776,32552,0,585770,49.494,1311416320
148.427547,building index: loading tuples in memory,65776,32640,0,587046,49.602,1311641600
149.326248,building index: loading tuples in memory,65776,32664,0,588371,49.714,1315471360
150.129806,building index: loading tuples in memory,65776,32754,0,589725,49.828,1315958784
150.973956,building index: loading tuples in memory,65776,32933,0,592424,50.056,1315696640
151.650213,building index: loading tuples in memory,65776,33049,0,595250,50.295,1315565568
152.349383,building index: loading tuples in memory,65776,33228,0,598082,50.534,1319550976
153.020152,building index: loading tuples in memory,65776,33417,0,601368,50.812,1319952384
153.72504,building index: loading tuples in memory,65776,33534,0,604212,51.052,1320136704
154.416664,building index: loading tuples in memory,65776,33700,0,606240,51.224,1320161280
155.150337,building index: loading tuples in memory,65776,33801,0,608244,51.393,1324236800
155.889087,building index: loading tuples in memory,65776,33904,0,610358,51.572,1324023808
156.593671,building index: loading tuples in memory,65776,34002,0,612158,51.724,1247936512
157.661278,building index: loading tuples in memory,65776,34083,0,613099,51.803,1248612352
158.93496,building index: loading tuples in memory,65776,34103,0,614152,51.892,1251115008
159.740144,building index: loading tuples in memory,65776,34194,0,615628,52.017,1253875712
160.509789,building index: loading tuples in memory,65776,34287,0,617230,52.152,1257656320
161.335735,building index: loading tuples in memory,65776,34385,0,619065,52.307,1258225664
162.096969,building index: loading tuples in memory,65776,34483,0,620918,52.464,1258426368
162.845207,building index: loading tuples in memory,65776,34571,0,622228,52.575,1258549248
163.63624,building index: loading tuples in memory,65776,34671,0,624160,52.738,1258651648
164.34919,building index: loading tuples in memory,65776,34756,0,625305,52.835,1257955328
165.252845,building index: loading tuples in memory,65776,34782,0,626722,52.954,1262620672
165.990394,building index: loading tuples in memory,65776,34949,0,628808,53.131,1262112768
166.766741,building index: loading tuples in memory,65776,35049,0,630707,53.291,1262206976
167.542077,building index: loading tuples in memory,65776,35144,0,632368,53.431,1261834240
168.308257,building index: loading tuples in memory,65776,35235,0,633829,53.555,1262030848
169.076672,building index: loading tuples in memory,65776,35263,0,635326,53.681,1266417664
169.877955,building index: loading tuples in memory,65776,35424,0,637149,53.835,1266733056
170.62372,building index: loading tuples in memory,65776,35453,0,638683,53.965,1266274304
171.373414,building index: loading tuples in memory,65776,35549,0,640395,54.11,1266450432
172.130692,building index: loading tuples in memory,65776,35712,0,642255,54.267,1266724864
172.884835,building index: loading tuples in memory,65776,35814,0,644297,54.439,1271394304
173.711235,building index: loading tuples in memory,65776,35904,0,645690,54.557,1271685120
174.441624,building index: loading tuples in memory,65776,35935,0,647403,54.702,1271541760
175.283776,building index: loading tuples in memory,65776,36025,0,648816,54.821,1271799808
176.052552,building index: loading tuples in memory,65776,36116,0,650256,54.943,1271271424
176.798561,building index: loading tuples in memory,65776,36212,0,652009,55.091,1271619584
177.546041,building index: loading tuples in memory,65776,36310,0,653829,55.245,1275809792
178.304902,building index: loading tuples in memory,65776,36409,0,655733,55.406,1275527168
179.114965,building index: loading tuples in memory,65776,36503,0,657403,55.547,1278554112
180.063236,building index: loading tuples in memory,65776,36593,0,658781,55.663,1276076032
180.899223,building index: loading tuples in memory,65776,36682,0,660166,55.78,1276059648
181.729315,building index: loading tuples in memory,65776,36703,0,661298,55.876,1275596800
182.619503,building index: loading tuples in memory,65776,36796,0,662888,56.01,1279692800
183.35859,building index: loading tuples in memory,65776,36960,0,664825,56.174,1279692800
184.141521,building index: loading tuples in memory,65776,37061,0,666818,56.342,1279995904
184.884235,building index: loading tuples in memory,65776,37165,0,668895,56.518,1279991808
185.583715,building index: loading tuples in memory,65776,37260,0,670587,56.661,1279537152
186.725727,building index: loading tuples in memory,65776,37277,0,671555,56.742,1284083712
187.754829,building index: loading tuples in memory,65776,37360,0,672523,56.824,1284382720
189.337512,building index: loading tuples in memory,65776,37444,0,673630,56.918,1284534272
190.103962,building index: loading tuples in memory,65776,37545,0,675566,57.081,1284567040
190.863447,building index: loading tuples in memory,65776,37645,0,677551,57.249,1284022272
191.602082,building index: loading tuples in memory,65776,37733,0,678841,57.358,1283919872
192.524278,building index: loading tuples in memory,65776,37824,0,680335,57.484,1284423680
193.411003,building index: loading tuples in memory,65776,37851,0,681735,57.603,1288179712
194.374694,building index: loading tuples in memory,65776,37927,0,682390,57.658,1288429568
196.635329,building index: loading tuples in memory,65776,37947,0,683511,57.753,1288876032
197.582956,building index: loading tuples in memory,65776,38026,0,684295,57.819,1288433664
198.532538,building index: loading tuples in memory,65776,38047,0,685432,57.915,1288134656
199.439036,building index: loading tuples in memory,65776,38129,0,686386,57.996,1288339456
200.696509,building index: loading tuples in memory,65776,38213,0,687442,58.085,1288388608
201.67555,building index: loading tuples in memory,65776,38311,0,689243,58.237,1247793152
202.502649,building index: loading tuples in memory,65776,38417,0,691522,58.43,1251282944
203.247108,building index: loading tuples in memory,65776,38596,0,694242,58.659,1254469632
203.930973,building index: loading tuples in memory,65776,38704,0,696587,58.858,1259094016
204.634512,building index: loading tuples in memory,65776,38807,0,698654,59.032,1259028480
205.368384,building index: loading tuples in memory,65776,38984,0,701348,59.26,1259077632
206.035749,building index: loading tuples in memory,65776,39092,0,703682,59.457,1263349760
206.737291,building index: loading tuples in memory,65776,39193,0,705701,59.628,1263300608
207.452423,building index: loading tuples in memory,65776,39294,0,707706,59.797,1263480832
208.176807,building index: loading tuples in memory,65776,39456,0,709652,59.961,1263099904
208.887229,building index: loading tuples in memory,65776,39559,0,711757,60.139,1262870528
209.611843,building index: loading tuples in memory,65776,39744,0,714746,60.392,1267191808
210.265102,building index: loading tuples in memory,65776,39864,0,717789,60.649,1266544640
210.985058,building index: loading tuples in memory,65776,40035,0,720086,60.843,1266806784
211.678709,building index: loading tuples in memory,65776,40156,0,723184,61.105,1271099392
212.346259,building index: loading tuples in memory,65776,40338,0,726111,61.352,1272303616
213.041891,building index: loading tuples in memory,65776,40436,0,727895,61.503,1271545856
213.800961,building index: loading tuples in memory,65776,40528,0,729403,61.63,1271726080
214.617158,building index: loading tuples in memory,65776,40615,0,730666,61.737,1276002304
215.412923,building index: loading tuples in memory,65776,40707,0,732230,61.869,1275564032
216.215426,building index: loading tuples in memory,65776,40809,0,734305,62.044,1275588608
216.900746,building index: loading tuples in memory,65776,40918,0,736741,62.25,1275846656
217.600003,building index: loading tuples in memory,65776,41096,0,739477,62.481,1280266240
218.314488,building index: loading tuples in memory,65776,41198,0,741469,62.65,1279864832
219.008875,building index: loading tuples in memory,65776,41298,0,743441,62.816,1279897600
219.777774,building index: loading tuples in memory,65776,41403,0,745622,63.001,1279971328
220.507955,building index: loading tuples in memory,65776,41499,0,747351,63.147,1280192512
221.237827,building index: loading tuples in memory,65776,41599,0,749260,63.308,1284112384
221.948502,building index: loading tuples in memory,65776,41763,0,751190,63.471,1284509696
222.682594,building index: loading tuples in memory,65776,41869,0,753443,63.662,1284190208
223.342913,building index: loading tuples in memory,65776,42056,0,756586,63.927,1284034560
224.012447,building index: loading tuples in memory,65776,42170,0,759254,64.153,1288404992
224.755009,building index: loading tuples in memory,65776,42336,0,761338,64.329,1288388608
225.479383,building index: loading tuples in memory,65776,42367,0,763070,64.475,1288224768
226.197294,building index: loading tuples in memory,65776,42528,0,764853,64.626,1287966720
226.909278,building index: loading tuples in memory,65776,42624,0,766592,64.773,1287913472
227.647738,building index: loading tuples in memory,65776,42721,0,768361,64.922,1291870208
228.386644,building index: loading tuples in memory,65776,42827,0,770643,65.115,1292587008
229.157812,building index: loading tuples in memory,65776,42935,0,773004,65.314,1292873728
229.884901,building index: loading tuples in memory,65776,43116,0,775889,65.558,1292918784
230.565664,building index: loading tuples in memory,65776,43229,0,778534,65.782,1296769024
231.269484,building index: loading tuples in memory,65776,43414,0,781582,66.039,1296400384
231.933264,building index: loading tuples in memory,65776,43600,0,784731,66.305,1296879616
232.606082,building index: loading tuples in memory,65776,43710,0,787174,66.512,1301164032
233.323703,building index: loading tuples in memory,65776,43873,0,789072,66.672,1301225472
234.049607,building index: loading tuples in memory,65776,43969,0,790752,66.814,1300488192
234.810611,building index: loading tuples in memory,65776,44066,0,792599,66.97,1300496384
235.547811,building index: loading tuples in memory,65776,44165,0,794436,67.125,1300979712
236.29206,building index: loading tuples in memory,65776,44270,0,796641,67.311,1301172224
237.026365,building index: loading tuples in memory,65776,44368,0,798472,67.466,1300635648
237.743055,building index: loading tuples in memory,65776,44470,0,800535,67.641,1301098496
238.43648,building index: loading tuples in memory,65776,44651,0,803393,67.882,1300869120
239.137333,building index: loading tuples in memory,65776,44755,0,805546,68.064,1302536192
239.923108,building index: loading tuples in memory,65776,44857,0,807556,68.234,1300877312
240.656519,building index: loading tuples in memory,65776,44955,0,809432,68.392,1301815296
241.376376,building index: loading tuples in memory,65776,45125,0,811688,68.583,1300918272
242.10473,building index: loading tuples in memory,65776,45234,0,814152,68.791,1301348352
242.763742,building index: loading tuples in memory,65776,45419,0,817225,69.051,1301635072
243.416717,building index: loading tuples in memory,65776,45531,0,819789,69.267,1301872640
244.1832,building index: loading tuples in memory,65776,45705,0,822234,69.474,1302392832
244.872785,building index: loading tuples in memory,65776,45801,0,823976,69.621,1301966848
246.009343,building index: loading tuples in memory,65776,45890,0,825349,69.737,1302044672
246.824916,building index: loading tuples in memory,65776,45986,0,827048,69.881,1246900224
247.667433,building index: loading tuples in memory,65776,46082,0,828795,70.028,1246756864
248.403115,building index: loading tuples in memory,65776,46179,0,830487,70.171,1247166464
249.528384,building index: loading tuples in memory,65776,46193,0,831263,70.237,1247580160
250.522998,building index: loading tuples in memory,65776,46281,0,832546,70.345,1247358976
251.324863,building index: loading tuples in memory,65776,46380,0,834388,70.501,1246605312
252.116545,building index: loading tuples in memory,65776,46473,0,835995,70.637,1247608832
252.895658,building index: loading tuples in memory,65776,46571,0,837901,70.798,1247502336
253.612473,building index: loading tuples in memory,65776,46664,0,839465,70.93,1247555584
254.377939,building index: loading tuples in memory,65776,46762,0,841319,71.087,1247698944
255.208915,building index: loading tuples in memory,65776,46852,0,842776,71.21,1247301632
256.066319,building index: loading tuples in memory,65776,46879,0,844241,71.333,1247748096
257.004901,building index: loading tuples in memory,65776,46970,0,845709,71.457,1247805440
257.73885,building index: loading tuples in memory,65776,47068,0,847563,71.614,1247666176
258.482124,building index: loading tuples in memory,65776,47158,0,848918,71.729,1247694848
259.245459,building index: loading tuples in memory,65776,47254,0,850703,71.879,1248317440
259.987423,building index: loading tuples in memory,65776,47347,0,852267,72.012,1248542720
260.74792,building index: loading tuples in memory,65776,47448,0,854262,72.18,1248124928
261.482898,building index: loading tuples in memory,65776,47544,0,856061,72.332,1248669696
262.246523,building index: loading tuples in memory,65776,47632,0,857433,72.448,1248591872
263.057085,building index: loading tuples in memory,65776,47725,0,858973,72.578,1248940032
263.823799,building index: loading tuples in memory,65776,47821,0,860654,72.72,1249669120
265.007206,building index: loading tuples in memory,65776,47911,0,862031,72.837,1249677312
265.812539,building index: loading tuples in memory,65776,48007,0,863789,72.985,1249050624
266.698047,building index: loading tuples in memory,65776,48027,0,864811,73.071,1249095680
267.622319,building index: loading tuples in memory,65776,48118,0,866271,73.195,1249083392
268.368278,building index: loading tuples in memory,65776,48221,0,868396,73.374,1252859904
269.092339,building index: loading tuples in memory,65776,48362,0,870839,73.581,1249628160
269.771198,building index: loading tuples in memory,65776,48461,0,872738,73.741,1249587200
270.551509,building index: loading tuples in memory,65776,48586,0,874275,73.871,1250033664
271.312169,building index: loading tuples in memory,65776,48675,0,875589,73.982,1249640448
272.095442,building index: loading tuples in memory,65776,48768,0,877177,74.116,1249652736
272.88634,building index: loading tuples in memory,65776,48866,0,879024,74.272,1250160640
273.622978,building index: loading tuples in memory,65776,48969,0,881106,74.448,1250603008
274.360403,building index: loading tuples in memory,65776,49067,0,882893,74.599,1250476032
275.093095,building index: loading tuples in memory,65776,49159,0,884488,74.734,1250283520
275.897017,building index: loading tuples in memory,65776,49257,0,886311,74.888,1250357248
276.741535,building index: loading tuples in memory,65776,49351,0,887876,75.02,1250787328
277.542525,building index: loading tuples in memory,65776,49447,0,889643,75.17,1251049472
278.340426,building index: loading tuples in memory,65776,49543,0,891386,75.317,1250947072
279.129518,building index: loading tuples in memory,65776,49638,0,893066,75.459,1250861056
279.901733,building index: loading tuples in memory,65776,49732,0,894663,75.594,1250992128
280.682487,building index: loading tuples in memory,65776,49830,0,896467,75.746,1251151872
281.536141,building index: loading tuples in memory,65776,49920,0,897914,75.868,1251438592
282.281734,building index: loading tuples in memory,65776,50016,0,899625,76.013,1251700736
283.013116,building index: loading tuples in memory,65776,50045,0,901173,76.144,1251045376
283.886235,building index: loading tuples in memory,65776,50208,0,903115,76.308,1251614720
284.679894,building index: loading tuples in memory,65776,50304,0,904838,76.454,1251393536
285.455249,building index: loading tuples in memory,65776,50329,0,906145,76.564,1251778560
286.223407,building index: loading tuples in memory,65776,50422,0,907723,76.697,1251672064
287.030595,building index: loading tuples in memory,65776,50517,0,909373,76.837,1253871616
287.891943,building index: loading tuples in memory,65776,50609,0,910902,76.966,1252032512
288.708846,building index: loading tuples in memory,65776,50694,0,912077,77.065,1252155392
289.502232,building index: loading tuples in memory,65776,50786,0,913563,77.191,1251880960
290.271228,building index: loading tuples in memory,65776,50882,0,915315,77.339,1252298752
291.02636,building index: loading tuples in memory,65776,50988,0,917560,77.528,1252474880
291.760112,building index: loading tuples in memory,65776,51084,0,919370,77.681,1252290560
292.515026,building index: loading tuples in memory,65776,51184,0,921353,77.849,1247477760
293.401536,building index: loading tuples in memory,65776,51278,0,922961,77.985,1247842304
294.16275,building index: loading tuples in memory,65776,51371,0,924570,78.121,1248079872
294.954265,building index: loading tuples in memory,65776,51469,0,926387,78.274,1247813632
295.741759,building index: loading tuples in memory,65776,51569,0,928326,78.438,1248055296
296.605941,building index: loading tuples in memory,65776,51669,0,930204,78.597,1248423936
297.359063,building index: loading tuples in memory,65776,51763,0,931876,78.738,1248964608
298.082669,building index: loading tuples in memory,65776,51860,0,933723,78.894,1248399360
298.877991,building index: loading tuples in memory,65776,51920,0,935272,79.025,1249427456
299.686968,building index: loading tuples in memory,65776,52043,0,936693,79.145,1249067008
300.525705,building index: loading tuples in memory,65776,52134,0,938168,79.27,1248964608
301.305332,building index: loading tuples in memory,65776,52231,0,939928,79.418,1249234944
302.050841,building index: loading tuples in memory,65776,52330,0,941816,79.578,1249452032
302.765318,building index: loading tuples in memory,65776,52430,0,943755,79.742,1249837056
303.602401,building index: loading tuples in memory,65776,52530,0,945729,79.909,1250181120
304.356236,building index: loading tuples in memory,65776,52627,0,947470,80.056,1249603584
305.139078,building index: loading tuples in memory,65776,52717,0,948839,80.171,1250172928
305.972977,building index: loading tuples in memory,65776,52807,0,950291,80.294,1250250752
306.765106,building index: loading tuples in memory,65776,52896,0,951627,80.407,1250287616
307.724567,building index: loading tuples in memory,65776,52920,0,952923,80.516,1252204544
308.73026,building index: loading tuples in memory,65776,53006,0,954077,80.614,1250746368
309.621831,building index: loading tuples in memory,65776,53096,0,955453,80.73,1250435072
310.779388,building index: loading tuples in memory,65776,53186,0,956865,80.849,1250779136
311.585113,building index: loading tuples in memory,65776,53210,0,958115,80.955,1251241984
312.456098,building index: loading tuples in memory,65776,53297,0,959366,81.061,1251536896
313.253155,building index: loading tuples in memory,65776,53392,0,960982,81.197,1251110912
313.98792,building index: loading tuples in memory,65776,53483,0,962451,81.321,1251487744
314.746395,building index: loading tuples in memory,65776,53576,0,964013,81.453,1251418112
315.486508,building index: loading tuples in memory,65776,53668,0,965537,81.582,1251434496
316.250004,building index: loading tuples in memory,65776,53691,0,966780,81.687,1252098048
317.276683,building index: loading tuples in memory,65776,53782,0,968220,81.809,1252380672
318.04402,building index: loading tuples in memory,65776,53876,0,969888,81.95,1252409344
318.791397,building index: loading tuples in memory,65776,53969,0,971425,82.08,1252179968
319.588285,building index: loading tuples in memory,65776,54056,0,972627,82.181,1252876288
322.826777,building index: loading tuples in memory,65776,54073,0,973574,82.261,1252790272
325.818218,building index: loading tuples in memory,65776,54152,0,974366,82.328,1252745216
326.774534,building index: loading tuples in memory,65776,54173,0,975518,82.426,1253789696
327.659874,building index: loading tuples in memory,65776,54263,0,976935,82.545,1253474304
328.396912,building index: loading tuples in memory,65776,54362,0,978846,82.707,1253388288
329.116955,building index: loading tuples in memory,65776,54451,0,980193,82.821,1253695488
329.851028,building index: loading tuples in memory,65776,54510,0,981683,82.946,1253584896
330.614389,building index: loading tuples in memory,65776,54636,0,983261,83.08,1253982208
331.367204,building index: loading tuples in memory,65776,54731,0,984957,83.223,1254244352
332.139054,building index: loading tuples in memory,65776,54788,0,986323,83.339,1254531072
332.884373,building index: loading tuples in memory,65776,54918,0,988123,83.491,1254658048
333.651001,building index: flushing in-memory graph,65776,54923,0,988379,83.512,1440894976
334.50633,building index: flushing in-memory graph,65776,54923,0,988379,83.512,1619644416
335.909323,building index: flushing in-memory graph,65776,54923,0,988379,83.512,1765396480
336.713759,building index: flushing in-memory graph,65776,54923,0,988379,83.512,1776402432
337.654108,building index: flushing in-memory graph,65776,54923,0,988379,83.512,1932148736
338.830779,building index: flushing in-memory graph,65776,54923,0,988379,83.512,1945440256
339.734021,building index: flushing in-memory graph,65776,54923,0,988379,83.512,1946120192
340.579331,building index: flushing in-memory graph,65776,54923,0,988379,83.512,1973506048
341.447105,building index: flushing in-memory graph,65776,54923,0,988379,83.512,1976741888
342.692009,building index: flushing in-memory graph,65776,54923,0,988379,83.512,1979064320
343.503348,building index: flushing in-memory graph,65776,54923,0,988379,83.512,1980149760
344.458924,building index: flushing in-memory graph,65776,54923,0,988379,83.512,1982222336
345.223154,building index: flushing in-memory graph,65776,54923,0,988379,83.512,1991475200
345.967077,building index: loading tuples on disk,65776,54923,0,988399,83.514,1991307264
347.454471,building index: loading tuples on disk,65776,54925,0,988490,83.522,1991602176
350.364156,building index: loading tuples on disk,65776,54926,0,988569,83.528,1992011776
351.490651,building index: loading tuples on disk,65776,54928,0,988672,83.537,1991688192
352.382742,building index: loading tuples on disk,65776,54930,0,988756,83.544,1992077312
353.171357,building index: loading tuples on disk,65776,54932,0,988855,83.552,1993289728
353.923428,building index: loading tuples on disk,65776,54934,0,988994,83.564,1993625600
354.690251,building index: loading tuples on disk,65776,54937,0,989129,83.576,1993588736
355.529514,building index: loading tuples on disk,65776,54939,0,989248,83.586,1994100736
356.343387,building index: loading tuples on disk,65776,54941,0,989374,83.596,1993838592
357.102959,building index: loading tuples on disk,65776,54943,0,989495,83.607,1994526720
357.852327,building index: loading tuples on disk,65776,55009,0,989595,83.615,1994391552
358.638099,building index: loading tuples on disk,65776,55012,0,989709,83.625,1994915840
359.449006,building index: loading tuples on disk,65776,55013,0,989803,83.633,1994674176
360.232947,building index: loading tuples on disk,65776,55015,0,989911,83.642,1994698752
360.97482,building index: loading tuples on disk,65776,55018,0,990049,83.653,1994764288
361.757047,building index: loading tuples on disk,65776,55020,0,990180,83.664,1994756096
362.50293,building index: loading tuples on disk,65776,55023,0,990314,83.676,1995317248
363.241076,building index: loading tuples on disk,65776,55025,0,990433,83.686,1997357056
364.003311,building index: loading tuples on disk,65776,55027,0,990562,83.697,1997217792
364.819105,building index: loading tuples on disk,65776,55030,0,990699,83.708,1997365248
365.595042,building index: loading tuples on disk,65776,55032,0,990825,83.719,1997320192
366.334211,building index: loading tuples on disk,65776,55035,0,990954,83.73,1997697024
367.080257,building index: loading tuples on disk,65776,55037,0,991098,83.742,1997733888
367.818386,building index: loading tuples on disk,65776,55104,0,991227,83.753,1997836288
368.570814,building index: loading tuples on disk,65776,55106,0,991360,83.764,1998209024
369.34502,building index: loading tuples on disk,65776,55108,0,991501,83.776,1998127104
370.223823,building index: loading tuples on disk,65776,55110,0,991621,83.786,2001395712
370.978049,building index: loading tuples on disk,65776,55112,0,991731,83.795,2001125376
371.750813,building index: loading tuples on disk,65776,55115,0,991853,83.806,2001965056
372.503935,building index: loading tuples on disk,65776,55117,0,991985,83.817,2001534976
373.252746,building index: loading tuples on disk,65776,55120,0,992117,83.828,2001883136
373.990061,building index: loading tuples on disk,65776,55122,0,992250,83.839,2001948672
374.728868,building index: loading tuples on disk,65776,55124,0,992372,83.85,2001817600
375.490687,building index: loading tuples on disk,65776,55126,0,992488,83.859,2001920000
376.427517,building index: loading tuples on disk,65776,55129,0,992613,83.87,2002100224
377.360019,building index: loading tuples on disk,65776,55131,0,992723,83.879,2002038784
378.233187,building index: loading tuples on disk,65776,55133,0,992816,83.887,2002464768
379.035984,building index: loading tuples on disk,65776,55135,0,992952,83.899,2002448384
379.796804,building index: loading tuples on disk,65776,55234,0,993072,83.909,2005348352
380.602467,building index: loading tuples on disk,65776,55236,0,993176,83.918,2002862080
381.416006,building index: loading tuples on disk,65776,55238,0,993281,83.926,2002694144
382.198017,building index: loading tuples on disk,65776,55240,0,993383,83.935,1989210112
383.743311,building index: loading tuples on disk,65776,55241,0,993474,83.943,1989169152
384.757582,building index: loading tuples on disk,65776,55243,0,993581,83.952,1989451776
385.867458,building index: loading tuples on disk,65776,55245,0,993674,83.96,1989681152
386.689995,building index: loading tuples on disk,65776,55247,0,993789,83.969,1989664768
387.465985,building index: loading tuples on disk,65776,55249,0,993898,83.979,1990426624
388.388407,building index: loading tuples on disk,65776,55252,0,994031,83.99,1990414336
389.157798,building index: loading tuples on disk,65776,55254,0,994147,84.0,1990705152
389.929192,building index: loading tuples on disk,65776,55256,0,994286,84.011,1990148096
390.694821,building index: loading tuples on disk,65776,55259,0,994411,84.022,1991012352
391.441138,building index: loading tuples on disk,65776,55261,0,994544,84.033,1990553600
392.217327,building index: loading tuples on disk,65776,55296,0,994674,84.044,1990574080
392.959872,building index: loading tuples on disk,65776,55298,0,994802,84.055,1994702848
393.699439,building index: loading tuples on disk,65776,55300,0,994926,84.065,1994743808
394.647713,building index: loading tuples on disk,65776,55303,0,995036,84.075,1994596352
395.438487,building index: loading tuples on disk,65776,55304,0,995144,84.084,1994735616
396.666038,building index: loading tuples on disk,65776,55307,0,995271,84.095,1995313152
397.496418,building index: loading tuples on disk,65776,55309,0,995403,84.106,1994534912
398.287631,building index: loading tuples on disk,65776,55312,0,995528,84.116,1995292672
399.025962,building index: loading tuples on disk,65776,55314,0,995658,84.127,1994887168
399.794372,building index: loading tuples on disk,65776,55317,0,995800,84.139,1995354112
400.54388,building index: loading tuples on disk,65776,55319,0,995947,84.152,1995419648
401.323842,building index: loading tuples on disk,65776,55321,0,996049,84.16,1995345920
402.082828,building index: loading tuples on disk,65776,55323,0,996164,84.17,1995149312
402.929358,building index: loading tuples on disk,65776,55326,0,996280,84.18,1996951552
403.739255,building index: loading tuples on disk,65776,55392,0,996414,84.191,1999876096
404.498271,building index: loading tuples on disk,65776,55393,0,996500,84.198,1999618048
405.295582,building index: loading tuples on disk,65776,55395,0,996606,84.207,1999970304
406.091115,building index: loading tuples on disk,65776,55398,0,996734,84.218,2000175104
406.857816,building index: loading tuples on disk,65776,55400,0,996856,84.228,2000433152
407.737276,building index: loading tuples on disk,65776,55402,0,996949,84.236,2000297984
408.494441,building index: loading tuples on disk,65776,55404,0,997084,84.248,2000326656
409.226883,building index: loading tuples on disk,65776,55407,0,997222,84.259,2004029440
409.998081,building index: loading tuples on disk,65776,55409,0,997347,84.27,2000293888
410.841789,building index: loading tuples on disk,65776,55411,0,997481,84.281,2000633856
411.738439,building index: loading tuples on disk,65776,55413,0,997580,84.29,2000474112
412.528564,building index: loading tuples on disk,65776,55415,0,997670,84.297,2000580608
413.393236,building index: loading tuples on disk,65776,55417,0,997776,84.306,2001063936
415.057241,building index: loading tuples on disk,65776,55419,0,997896,84.316,2001195008
415.962118,building index: loading tuples on disk,65776,55422,0,998040,84.329,2001440768
416.888016,building index: loading tuples on disk,65776,55488,0,998165,84.339,2001899520
417.645185,building index: loading tuples on disk,65776,55490,0,998285,84.349,2001883136
418.414552,building index: loading tuples on disk,65776,55493,0,998414,84.36,2002259968
419.176061,building index: loading tuples on disk,65776,55495,0,998535,84.37,2001887232
419.986041,building index: loading tuples on disk,65776,55497,0,998655,84.38,2002108416
421.730039,building index: loading tuples on disk,65776,55499,0,998756,84.389,2001813504
422.760663,building index: loading tuples on disk,65776,55501,0,998861,84.398,2004656128
423.770633,building index: loading tuples on disk,65776,55502,0,998944,84.405,2002251776
424.618654,building index: loading tuples on disk,65776,55504,0,999023,84.412,2002518016
425.526444,building index: loading tuples on disk,65776,55505,0,999071,84.416,2003206144
426.420093,building index: loading tuples on disk,65776,55507,0,999183,84.425,2003025920
427.18657,building index: loading tuples on disk,65776,55509,0,999293,84.434,1992896512
428.049969,building index: loading tuples on disk,65776,55511,0,999425,84.446,1993740288
428.840801,building index: loading tuples on disk,65776,55513,0,999532,84.455,1993371648
430.071915,building index: loading tuples on disk,65776,55515,0,999647,84.464,1993797632
430.86909,building index: loading tuples on disk,65776,55517,0,999746,84.473,1993756672
431.765884,building index: loading tuples on disk,65776,55519,0,999837,84.48,1993703424
432.613751,building index: loading tuples on disk,65776,55585,0,999940,84.489,1994002432
433.37844,building index: loading tuples on disk,65776,55587,0,1000048,84.498,1994489856
434.224656,building index: loading tuples on disk,65776,55589,0,1000144,84.506,1993945088
434.977154,building index: loading tuples on disk,65776,55592,0,1000282,84.518,1994121216
435.782668,building index: loading tuples on disk,65776,55594,0,1000393,84.527,1994514432
436.557928,building index: loading tuples on disk,65776,55595,0,1000467,84.534,1994682368
437.509016,building index: loading tuples on disk,65776,55597,0,1000569,84.542,1995329536
438.32971,building index: loading tuples on disk,65776,55598,0,1000654,84.549,1995341824
439.355145,building index: loading tuples on disk,65776,55601,0,1000776,84.56,1997332480
440.111834,building index: loading tuples on disk,65776,55602,0,1000849,84.566,1997615104
441.006293,building index: loading tuples on disk,65776,55604,0,1000948,84.574,1997778944
441.90012,building index: loading tuples on disk,65776,55605,0,1001021,84.58,1997586432
442.882776,building index: loading tuples on disk,65776,55607,0,1001129,84.59,1998508032
444.11676,building index: loading tuples on disk,65776,55609,0,1001225,84.598,1998733312
444.90349,building index: loading tuples on disk,65776,55611,0,1001300,84.604,1997778944
445.832639,building index: loading tuples on disk,65776,55613,0,1001435,84.615,1998958592
446.568565,building index: loading tuples on disk,65776,55615,0,1001567,84.627,1998565376
447.349608,building index: loading tuples on disk,65776,55682,0,1001683,84.636,1998266368
448.828046,building index: loading tuples on disk,65776,55683,0,1001746,84.642,1998508032
451.318872,building index: loading tuples on disk,65776,55684,0,1001826,84.648,1998323712
452.97624,building index: loading tuples on disk,65776,55687,0,1001950,84.659,2000220160
455.696312,building index: loading tuples on disk,65776,55688,0,1002040,84.667,1999384576
457.39466,building index: loading tuples on disk,65776,55690,0,1002133,84.674,1999200256
458.210492,building index: loading tuples on disk,65776,55692,0,1002248,84.684,1999011840
458.965405,building index: loading tuples on disk,65776,55694,0,1002378,84.695,1998880768
459.696421,building index: loading tuples on disk,65776,55697,0,1002518,84.707,2002763776
460.442712,building index: loading tuples on disk,65776,55699,0,1002655,84.718,2002636800
461.183532,building index: loading tuples on disk,65776,55702,0,1002798,84.731,2002452480
461.929567,building index: loading tuples on disk,65776,55705,0,1002939,84.742,2002092032
462.767704,building index: loading tuples on disk,65776,55707,0,1003068,84.753,2002571264
463.554587,building index: loading tuples on disk,65776,55710,0,1003204,84.765,2006728704
464.313509,building index: loading tuples on disk,65776,55776,0,1003339,84.776,2003361792
465.05228,building index: loading tuples on disk,65776,55778,0,1003458,84.786,2002931712
465.813147,building index: loading tuples on disk,65776,55781,0,1003592,84.798,2003324928
466.561818,building index: loading tuples on disk,65776,55783,0,1003723,84.809,2003660800
467.304541,building index: loading tuples on disk,65776,55785,0,1003850,84.819,2003918848
468.037436,building index: loading tuples on disk,65776,55788,0,1003987,84.831,2003734528
468.779405,building index: loading tuples on disk,65776,55790,0,1004127,84.843,2003808256
469.517967,building index: loading tuples on disk,65776,55793,0,1004257,84.854,2003664896
470.274567,building index: loading tuples on disk,65776,55794,0,1004344,84.861,2003828736
471.040336,building index: loading tuples on disk,65776,55797,0,1004474,84.872,2003398656
471.824371,building index: loading tuples on disk,65776,55799,0,1004604,84.883,2003673088
472.593284,building index: loading tuples on disk,65776,55802,0,1004753,84.896,1997824000
473.456173,building index: loading tuples on disk,65776,55804,0,1004904,84.909,1998618624
474.33831,building index: loading tuples on disk,65776,55806,0,1005008,84.917,1998532608
475.689545,building index: loading tuples on disk,65776,55872,0,1005095,84.925,1998483456
476.474525,building index: loading tuples on disk,65776,55874,0,1005214,84.935,1998839808
477.220215,building index: loading tuples on disk,65776,55876,0,1005344,84.946,1998929920
477.969707,building index: loading tuples on disk,65776,55879,0,1005472,84.956,2003132416
478.719647,building index: loading tuples on disk,65776,55881,0,1005613,84.968,1999708160
479.457729,building index: loading tuples on disk,65776,55884,0,1005763,84.981,1999650816
480.214795,building index: loading tuples on disk,65776,55886,0,1005898,84.992,1999953920
480.95057,building index: loading tuples on disk,65776,55889,0,1006044,85.005,1999667200
481.720556,building index: loading tuples on disk,65776,55891,0,1006170,85.015,1999847424
482.470803,building index: loading tuples on disk,65776,55894,0,1006309,85.027,2000900096
483.376705,building index: loading tuples on disk,65776,55897,0,1006442,85.038,2001334272
484.144754,building index: loading tuples on disk,65776,55899,0,1006565,85.049,2000982016
484.943469,building index: loading tuples on disk,65776,55901,0,1006697,85.06,2001809408
485.700165,building index: loading tuples on disk,65776,55968,0,1006844,85.072,2002927616
486.469982,building index: loading tuples on disk,65776,55970,0,1006972,85.083,2003197952
487.209416,building index: loading tuples on disk,65776,55973,0,1007117,85.095,2003406848
487.957143,building index: loading tuples on disk,65776,55975,0,1007246,85.106,2003734528
488.717891,building index: loading tuples on disk,65776,55978,0,1007383,85.118,2003501056
489.54866,building index: loading tuples on disk,65776,55981,0,1007517,85.129,2003750912
490.30112,building index: loading tuples on disk,65776,55983,0,1007650,85.141,2005712896
491.052674,building index: loading tuples on disk,65776,55986,0,1007785,85.152,2003771392
491.816601,building index: loading tuples on disk,65776,55988,0,1007923,85.164,2003271680
492.559059,building index: loading tuples on disk,65776,55991,0,1008054,85.175,2007138304
493.293606,building index: loading tuples on disk,65776,55993,0,1008190,85.186,2007252992
494.040028,building index: loading tuples on disk,65776,55996,0,1008323,85.197,2007150592
494.872837,building index: loading tuples on disk,65776,55998,0,1008450,85.208,2007588864
495.620421,building index: loading tuples on disk,65776,56065,0,1008584,85.219,2007871488
496.369831,building index: loading tuples on disk,65776,56067,0,1008682,85.228,2007379968
497.121807,building index: loading tuples on disk,65776,56069,0,1008801,85.238,2007384064
497.864513,building index: loading tuples on disk,65776,56071,0,1008932,85.249,2007863296
498.605707,building index: loading tuples on disk,65776,56074,0,1009073,85.261,2007879680
499.343212,building index: loading tuples on disk,65776,56076,0,1009218,85.273,2007703552
500.070692,building index: loading tuples on disk,65776,56079,0,1009357,85.285,2008297472
500.819474,building index: loading tuples on disk,65776,56081,0,1009488,85.296,2007957504
501.55198,building index: loading tuples on disk,65776,56083,0,1009619,85.307,2008936448
502.309686,building index: loading tuples on disk,65776,56086,0,1009751,85.318,2008743936
503.051806,building index: loading tuples on disk,65776,56088,0,1009869,85.328,2008518656
503.811981,building index: loading tuples on disk,65776,56091,0,1010007,85.34,2008567808
504.56957,building index: loading tuples on disk,65776,56093,0,1010143,85.351,2008764416
505.319165,building index: loading tuples on disk,65776,56160,0,1010287,85.363,2008723456
506.069733,building index: loading tuples on disk,65776,56162,0,1010421,85.375,2008580096
506.801209,building index: loading tuples on disk,65776,56165,0,1010563,85.387,2008764416
507.539463,building index: loading tuples on disk,65776,56167,0,1010699,85.398,2008948736
508.272582,building index: loading tuples on disk,65776,56170,0,1010836,85.41,2009018368
509.055042,building index: loading tuples on disk,65776,56172,0,1010966,85.421,2009522176
509.799426,building index: loading tuples on disk,65776,56175,0,1011097,85.432,2008870912
510.562388,building index: loading tuples on disk,65776,56177,0,1011208,85.441,2009432064
511.312794,building index: loading tuples on disk,65776,56178,0,1011296,85.449,2010025984
512.319092,building index: loading tuples on disk,65776,56181,0,1011418,85.459,2009858048
513.077399,building index: loading tuples on disk,65776,56183,0,1011542,85.469,2014265344
513.83568,building index: loading tuples on disk,65776,56185,0,1011671,85.48,2014261248
514.59488,building index: loading tuples on disk,65776,56188,0,1011813,85.492,2014187520
515.407453,building index: loading tuples on disk,65776,56191,0,1011949,85.504,2014408704
516.151148,building index: loading tuples on disk,65776,56257,0,1012081,85.515,2014457856
516.929109,building index: loading tuples on disk,65776,56260,0,1012218,85.526,2014703616
517.674698,building index: loading tuples on disk,65776,56262,0,1012346,85.537,2003419136
518.516476,building index: loading tuples on disk,65776,56265,0,1012475,85.548,2002944000
519.275937,building index: loading tuples on disk,65776,56267,0,1012597,85.559,2003365888
520.076271,building index: loading tuples on disk,65776,56269,0,1012733,85.57,2003062784
520.811324,building index: loading tuples on disk,65776,56272,0,1012869,85.581,2003562496
521.551456,building index: loading tuples on disk,65776,56274,0,1013005,85.593,2003492864
522.282897,building index: loading tuples on disk,65776,56277,0,1013137,85.604,2003972096
523.019935,building index: loading tuples on disk,65776,56279,0,1013274,85.616,2003759104
523.761284,building index: loading tuples on disk,65776,56282,0,1013402,85.627,2004000768
524.509356,building index: loading tuples on disk,65776,56284,0,1013512,85.636,2004299776
525.248899,building index: loading tuples on disk,65776,56286,0,1013654,85.648,2003972096
525.990006,building index: loading tuples on disk,65776,56353,0,1013780,85.658,2005270528
526.740294,building index: loading tuples on disk,65776,56355,0,1013916,85.67,2005295104
527.499748,building index: loading tuples on disk,65776,56358,0,1014044,85.681,2006880256
528.315173,building index: loading tuples on disk,65776,56360,0,1014128,85.688,2007388160
529.166248,building index: loading tuples on disk,65776,56362,0,1014254,85.699,2007224320
529.907173,building index: loading tuples on disk,65776,56364,0,1014370,85.708,2007851008
530.665995,building index: loading tuples on disk,65776,56366,0,1014498,85.719,2007236608
531.404168,building index: loading tuples on disk,65776,56369,0,1014638,85.731,2007482368
532.149901,building index: loading tuples on disk,65776,56371,0,1014761,85.741,2008027136
532.8993,building index: loading tuples on disk,65776,56374,0,1014888,85.752,2009165824
533.687371,building index: loading tuples on disk,65776,56376,0,1015007,85.762,2008903680
534.493137,building index: loading tuples on disk,65776,56378,0,1015138,85.773,2009309184
535.238779,building index: loading tuples on disk,65776,56381,0,1015275,85.785,2009112576
535.976182,building index: loading tuples on disk,65776,56383,0,1015365,85.792,2009362432
536.747518,building index: loading tuples on disk,65776,56449,0,1015489,85.803,2013122560
537.497827,building index: loading tuples on disk,65776,56451,0,1015621,85.814,2013073408
538.28402,building index: loading tuples on disk,65776,56453,0,1015743,85.824,2012737536
539.032978,building index: loading tuples on disk,65776,56456,0,1015881,85.836,2012790784
539.78589,building index: loading tuples on disk,65776,56459,0,1016012,85.847,2013036544
540.522023,building index: loading tuples on disk,65776,56461,0,1016144,85.858,2012758016
541.259236,building index: loading tuples on disk,65776,56463,0,1016285,85.87,2012946432
542.064971,building index: loading tuples on disk,65776,56466,0,1016403,85.88,2013384704
542.913914,building index: loading tuples on disk,65776,56468,0,1016508,85.889,2013241344
543.674128,building index: loading tuples on disk,65776,56470,0,1016632,85.899,2013618176
544.465044,building index: loading tuples on disk,65776,56472,0,1016768,85.911,2013450240
545.215504,building index: loading tuples on disk,65776,56475,0,1016898,85.922,2014138368
545.961653,building index: loading tuples on disk,65776,56477,0,1017033,85.933,2014048256
546.697535,building index: loading tuples on disk,65776,56544,0,1017163,85.944,2013892608
547.456299,building index: loading tuples on disk,65776,56545,0,1017255,85.952,2014035968
548.336959,building index: loading tuples on disk,65776,56547,0,1017364,85.961,2014064640
549.115356,building index: loading tuples on disk,65776,56549,0,1017466,85.97,2014269440
549.880194,building index: loading tuples on disk,65776,56551,0,1017578,85.979,2014203904
550.664749,building index: loading tuples on disk,65776,56553,0,1017697,85.989,2014756864
551.397995,building index: loading tuples on disk,65776,56556,0,1017829,86.001,2014097408
552.166194,building index: loading tuples on disk,65776,56558,0,1017965,86.012,2014257152
552.909999,building index: loading tuples on disk,65776,56561,0,1018088,86.022,2014662656
553.647553,building index: loading tuples on disk,65776,56563,0,1018224,86.034,2014760960
554.389395,building index: loading tuples on disk,65776,56566,0,1018354,86.045,2014679040
555.123802,building index: loading tuples on disk,65776,56568,0,1018476,86.055,2015182848
555.871294,building index: loading tuples on disk,65776,56571,0,1018617,86.067,2014629888
556.600256,building index: loading tuples on disk,65776,56573,0,1018743,86.078,2015035392
557.379336,building index: loading tuples on disk,65776,56575,0,1018873,86.089,2019840000
558.1104,building index: loading tuples on disk,65776,56642,0,1019015,86.101,2019467264
558.866676,building index: loading tuples on disk,65776,56644,0,1019141,86.111,2019594240
559.605192,building index: loading tuples on disk,65776,56647,0,1019273,86.123,2020098048
560.343747,building index: loading tuples on disk,65776,56648,0,1019359,86.13,2019500032
561.095931,building index: loading tuples on disk,65776,56650,0,1019465,86.139,2019995648
561.843249,building index: loading tuples on disk,65776,56653,0,1019593,86.15,2019635200
562.592726,building index: loading tuples on disk,65776,56655,0,1019736,86.162,2009448448
563.446299,building index: loading tuples on disk,65776,56658,0,1019847,86.171,2009427968
564.179966,building index: loading tuples on disk,65776,56660,0,1019988,86.183,2009915392
564.922622,building index: loading tuples on disk,65776,56662,0,1020112,86.193,2009751552
565.780274,building index: loading tuples on disk,65776,56665,0,1020239,86.204,2009415680
566.525619,building index: loading tuples on disk,65776,56667,0,1020372,86.215,2010177536
567.273258,building index: loading tuples on disk,65776,56670,0,1020500,86.226,2010079232
568.036556,building index: loading tuples on disk,65776,56736,0,1020630,86.237,2011836416
568.783719,building index: loading tuples on disk,65776,56738,0,1020765,86.249,2011537408
569.527872,building index: loading tuples on disk,65776,56741,0,1020890,86.259,2011455488
570.28744,building index: loading tuples on disk,65776,56744,0,1021032,86.271,2013241344
571.023443,building index: loading tuples on disk,65776,56746,0,1021157,86.282,2016264192
571.950994,building index: loading tuples on disk,65776,56748,0,1021249,86.29,2013257728
572.705863,building index: loading tuples on disk,65776,56750,0,1021375,86.3,2013249536
573.463022,building index: loading tuples on disk,65776,56752,0,1021486,86.31,2013208576
574.29727,building index: loading tuples on disk,65776,56754,0,1021594,86.319,2013622272
575.093513,building index: loading tuples on disk,65776,56756,0,1021726,86.33,2013913088
575.826559,building index: loading tuples on disk,65776,56759,0,1021851,86.34,2013818880
576.571502,building index: loading tuples on disk,65776,56761,0,1021985,86.352,2013843456
577.307422,building index: loading tuples on disk,65776,56764,0,1022132,86.364,2014371840
578.044659,building index: loading tuples on disk,65776,56766,0,1022257,86.375,2013904896
578.7798,building index: loading tuples on disk,65776,56833,0,1022390,86.386,2017484800
579.515315,building index: loading tuples on disk,65776,56835,0,1022533,86.398,2017636352
580.302281,building index: loading tuples on disk,65776,56838,0,1022667,86.409,2017615872
581.037495,building index: loading tuples on disk,65776,56840,0,1022794,86.42,2017853440
581.780704,building index: loading tuples on disk,65776,56842,0,1022915,86.43,2017689600
582.551524,building index: loading tuples on disk,65776,56845,0,1023044,86.441,2017542144
583.31223,building index: loading tuples on disk,65776,56847,0,1023173,86.452,2017902592
584.259722,building index: loading tuples on disk,65776,56849,0,1023289,86.462,2017849344
585.007368,building index: loading tuples on disk,65776,56852,0,1023414,86.472,2018664448
585.752326,building index: loading tuples on disk,65776,56854,0,1023537,86.483,2018430976
586.745405,building index: loading tuples on disk,65776,56856,0,1023662,86.493,2018652160
587.516447,building index: loading tuples on disk,65776,56859,0,1023796,86.505,2018197504
588.255276,building index: loading tuples on disk,65776,56861,0,1023918,86.515,2018283520
589.004383,building index: loading tuples on disk,65776,56863,0,1024048,86.526,2018426880
589.749371,building index: loading tuples on disk,65776,56930,0,1024184,86.538,2018422784
590.477237,building index: loading tuples on disk,65776,56932,0,1024321,86.549,2018676736
591.217918,building index: loading tuples on disk,65776,56935,0,1024454,86.56,2019266560
591.955277,building index: loading tuples on disk,65776,56937,0,1024570,86.57,2019135488
592.711012,building index: loading tuples on disk,65776,56939,0,1024688,86.58,2019430400
593.48288,building index: loading tuples on disk,65776,56942,0,1024814,86.591,2019627008
594.22395,building index: loading tuples on disk,65776,56944,0,1024935,86.601,2019188736
594.992684,building index: loading tuples on disk,65776,56946,0,1025064,86.612,2020233216
595.874402,building index: loading tuples on disk,65776,56949,0,1025189,86.622,2020032512
596.619555,building index: loading tuples on disk,65776,56951,0,1025312,86.633,2019905536
597.35908,building index: loading tuples on disk,65776,56953,0,1025437,86.643,2019848192
598.097094,building index: loading tuples on disk,65776,56956,0,1025574,86.655,2020159488
598.836343,building index: loading tuples on disk,65776,56958,0,1025712,86.667,2020433920
599.575299,building index: loading tuples on disk,65776,57024,0,1025850,86.678,2024488960
600.309389,building index: loading tuples on disk,65776,57027,0,1025980,86.689,2024882176
601.047582,building index: loading tuples on disk,65776,57029,0,1026117,86.701,2024579072
601.794302,building index: loading tuples on disk,65776,57032,0,1026252,86.712,2024378368
602.545662,building index: loading tuples on disk,65776,57034,0,1026377,86.723,2025467904
603.306362,building index: loading tuples on disk,65776,57037,0,1026513,86.734,2025029632
604.043724,building index: loading tuples on disk,65776,57039,0,1026643,86.745,2025152512
604.783658,building index: loading tuples on disk,65776,57041,0,1026751,86.754,2025041920
605.616978,building index: loading tuples on disk,65776,57044,0,1026874,86.765,2025717760
606.359698,building index: loading tuples on disk,65776,57046,0,1027010,86.776,2025328640
607.108497,building index: loading tuples on disk,65776,57049,0,1027140,86.787,2025676800
607.857367,building index: loading tuples on disk,65776,57051,0,1027286,86.8,2013745152
608.791669,building index: loading tuples on disk,65776,57054,0,1027413,86.81,2013962240
609.573294,building index: loading tuples on disk,65776,57120,0,1027537,86.821,2014470144
610.301822,building index: loading tuples on disk,65776,57123,0,1027676,86.833,2014531584
611.035949,building index: loading tuples on disk,65776,57125,0,1027806,86.844,2014031872
611.772457,building index: loading tuples on disk,65776,57127,0,1027940,86.855,2014404608
612.506368,building index: loading tuples on disk,65776,57130,0,1028069,86.866,2014572544
613.319301,building index: loading tuples on disk,65776,57132,0,1028190,86.876,2015117312
614.187478,building index: loading tuples on disk,65776,57134,0,1028318,86.887,2015387648
615.057641,building index: loading tuples on disk,65776,57136,0,1028433,86.897,2015477760
616.034787,building index: loading tuples on disk,65776,57139,0,1028554,86.907,2015612928
616.928576,building index: loading tuples on disk,65776,57141,0,1028667,86.916,2016190464
618.619446,building index: loading tuples on disk,65776,57143,0,1028786,86.926,2016370688
621.053962,building index: loading tuples on disk,65776,57145,0,1028894,86.936,2016759808
621.813507,building index: loading tuples on disk,65776,57147,0,1029013,86.946,2016718848
622.564888,building index: loading tuples on disk,65776,57149,0,1029143,86.957,2016694272
623.294223,building index: loading tuples on disk,65776,57216,0,1029272,86.967,2019225600
624.043469,building index: loading tuples on disk,65776,57218,0,1029392,86.978,2019168256
624.794933,building index: loading tuples on disk,65776,57220,0,1029513,86.988,2019549184
625.552385,building index: loading tuples on disk,65776,57223,0,1029648,86.999,2019516416
626.338905,building index: loading tuples on disk,65776,57225,0,1029780,87.01,2019196928
627.083026,building index: loading tuples on disk,65776,57228,0,1029911,87.021,2019004416
627.818332,building index: loading tuples on disk,65776,57230,0,1030036,87.032,2019528704
628.570399,building index: loading tuples on disk,65776,57232,0,1030150,87.042,2019389440
629.357713,building index: loading tuples on disk,65776,57234,0,1030279,87.053,2019667968
630.10486,building index: loading tuples on disk,65776,57237,0,1030425,87.065,2019827712
631.157266,building index: loading tuples on disk,65776,57239,0,1030542,87.075,2023268352
631.967834,building index: loading tuples on disk,65776,57241,0,1030660,87.085,2023215104
632.744843,building index: loading tuples on disk,65776,57243,0,1030776,87.095,2023161856
633.495636,building index: loading tuples on disk,65776,57246,0,1030896,87.105,2023358464
634.268484,building index: loading tuples on disk,65776,57312,0,1031012,87.114,2023608320
635.029783,building index: loading tuples on disk,65776,57314,0,1031128,87.124,2023792640
635.781196,building index: loading tuples on disk,65776,57316,0,1031250,87.135,2023813120
636.584809,building index: loading tuples on disk,65776,57318,0,1031364,87.144,2023911424
637.332597,building index: loading tuples on disk,65776,57321,0,1031493,87.155,2023600128
638.073287,building index: loading tuples on disk,65776,57323,0,1031628,87.167,2023862272
638.817445,building index: loading tuples on disk,65776,57326,0,1031755,87.177,2023895040
639.56916,building index: loading tuples on disk,65776,57328,0,1031892,87.189,2024345600
640.318927,building index: loading tuples on disk,65776,57331,0,1032022,87.2,2024099840
641.074062,building index: loading tuples on disk,65776,57333,0,1032153,87.211,2024275968
641.80917,building index: loading tuples on disk,65776,57336,0,1032281,87.222,2024439808
642.627333,building index: loading tuples on disk,65776,57338,0,1032414,87.233,2024988672
643.364965,building index: loading tuples on disk,65776,57340,0,1032528,87.243,2024411136
644.857646,building index: loading tuples on disk,65776,57342,0,1032614,87.25,2028306432
645.969975,building index: loading tuples on disk,65776,57408,0,1032724,87.259,2024923136
646.73287,building index: loading tuples on disk,65776,57410,0,1032840,87.269,2024742912
647.474834,building index: loading tuples on disk,65776,57413,0,1032972,87.28,2025250816
648.207162,building index: loading tuples on disk,65776,57415,0,1033101,87.291,2025455616
648.952484,building index: loading tuples on disk,65776,57418,0,1033231,87.302,2025512960
649.684542,building index: loading tuples on disk,65776,57420,0,1033377,87.314,2024898560
651.313757,building index: loading tuples on disk,65776,57422,0,1033495,87.324,2018893824
653.765842,building index: loading tuples on disk,65776,57424,0,1033596,87.333,2020225024
656.396382,building index: loading tuples on disk,65776,57426,0,1033676,87.34,2020638720
657.340248,building index: loading tuples on disk,65776,57427,0,1033755,87.346,2020913152
658.157829,building index: loading tuples on disk,65776,57429,0,1033856,87.355,2020708352
658.927105,building index: loading tuples on disk,65776,57432,0,1033993,87.366,2020929536
659.717371,building index: loading tuples on disk,65776,57434,0,1034130,87.378,2020683776
660.475367,building index: loading tuples on disk,65776,57437,0,1034248,87.388,2020974592
661.234533,building index: loading tuples on disk,65776,57439,0,1034375,87.399,2020913152
661.978534,building index: loading tuples on disk,65776,57505,0,1034506,87.41,2024251392
662.718966,building index: loading tuples on disk,65776,57508,0,1034637,87.421,2024378368
664.205522,building index: loading tuples on disk,65776,57510,0,1034750,87.43,2024841216
665.065429,building index: loading tuples on disk,65776,57512,0,1034868,87.44,2024591360
665.805876,building index: loading tuples on disk,65776,57514,0,1034985,87.45,2024689664
666.571515,building index: loading tuples on disk,65776,57517,0,1035120,87.462,2024951808
667.32389,building index: loading tuples on disk,65776,57519,0,1035235,87.471,2025107456
668.109071,building index: loading tuples on disk,65776,57521,0,1035342,87.48,2024607744
668.861332,building index: loading tuples on disk,65776,57523,0,1035479,87.492,2024853504
669.604008,building index: loading tuples on disk,65776,57525,0,1035556,87.498,2027089920
670.567983,building index: loading tuples on disk,65776,57527,0,1035680,87.509,2024869888
671.33574,building index: loading tuples on disk,65776,57530,0,1035819,87.521,2025033728
672.089964,building index: loading tuples on disk,65776,57532,0,1035944,87.531,2025742336
672.834351,building index: loading tuples on disk,65776,57535,0,1036083,87.543,2025865216
673.582898,building index: loading tuples on disk,65776,57601,0,1036220,87.555,2025951232
674.336504,building index: loading tuples on disk,65776,57603,0,1036353,87.566,2026401792
675.082778,building index: loading tuples on disk,65776,57606,0,1036484,87.577,2026242048
675.814476,building index: loading tuples on disk,65776,57609,0,1036629,87.589,2025885696
676.549524,building index: loading tuples on disk,65776,57611,0,1036752,87.599,2025586688
677.312491,building index: loading tuples on disk,65776,57613,0,1036886,87.611,2025803776
678.050099,building index: loading tuples on disk,65776,57616,0,1037030,87.623,2033999872
678.837712,building index: loading tuples on disk,65776,57618,0,1037155,87.634,2030223360
679.587005,building index: loading tuples on disk,65776,57621,0,1037294,87.645,2030260224
680.329884,building index: loading tuples on disk,65776,57623,0,1037415,87.655,2030399488
681.194647,building index: loading tuples on disk,65776,57626,0,1037548,87.667,2030784512
681.936345,building index: loading tuples on disk,65776,57628,0,1037681,87.678,2031153152
682.676012,building index: loading tuples on disk,65776,57630,0,1037796,87.688,2031034368
683.470577,building index: loading tuples on disk,65776,57696,0,1037921,87.698,2031591424
684.218934,building index: loading tuples on disk,65776,57699,0,1038065,87.71,2031341568
684.959844,building index: loading tuples on disk,65776,57701,0,1038188,87.721,2031558656
685.710219,building index: loading tuples on disk,65776,57704,0,1038329,87.733,2031333376
686.458846,building index: loading tuples on disk,65776,57706,0,1038468,87.744,2031448064
687.262805,building index: loading tuples on disk,65776,57708,0,1038591,87.755,2031771648
688.017229,building index: loading tuples on disk,65776,57711,0,1038725,87.766,2031906816
688.832341,building index: loading tuples on disk,65776,57712,0,1038823,87.774,2032263168
689.619513,building index: loading tuples on disk,65776,57715,0,1038939,87.784,2032189440
690.371569,building index: loading tuples on disk,65776,57717,0,1039074,87.796,2032095232
691.497926,building index: loading tuples on disk,65776,57718,0,1039122,87.8,2031902720
692.850086,building index: loading tuples on disk,65776,57720,0,1039206,87.807,2031685632
693.732798,building index: loading tuples on disk,65776,57721,0,1039304,87.815,2032197632
694.625399,building index: loading tuples on disk,65776,57723,0,1039424,87.825,2032070656
695.431188,building index: loading tuples on disk,65776,57725,0,1039515,87.833,2032160768
696.421873,building index: loading tuples on disk,65776,57727,0,1039640,87.843,2032791552
697.217144,building index: loading tuples on disk,65776,57794,0,1039780,87.855,2036076544
698.298629,building index: loading tuples on disk,65776,57796,0,1039869,87.863,2023620608
699.302399,building index: loading tuples on disk,65776,57798,0,1039988,87.873,2023354368
700.191722,building index: loading tuples on disk,65776,57800,0,1040099,87.882,2023837696
701.221175,building index: loading tuples on disk,65776,57802,0,1040195,87.89,2024333312
702.138546,building index: loading tuples on disk,65776,57804,0,1040324,87.901,2023501824
702.877657,building index: loading tuples on disk,65776,57806,0,1040414,87.909,2023882752
703.856345,building index: loading tuples on disk,65776,57808,0,1040514,87.917,2024857600
704.690855,building index: loading tuples on disk,65776,57809,0,1040600,87.925,2025082880
705.786355,building index: loading tuples on disk,65776,57810,0,1040647,87.929,2024304640
707.517636,building index: loading tuples on disk,65776,57811,0,1040716,87.934,2024660992
708.538416,building index: loading tuples on disk,65776,57813,0,1040801,87.942,2028113920
709.757907,building index: loading tuples on disk,65776,57814,0,1040860,87.947,2024345600
711.737639,building index: loading tuples on disk,65776,57815,0,1040897,87.95,2024955904
713.420335,building index: loading tuples on disk,65776,57816,0,1040956,87.955,2026115072
714.868541,building index: loading tuples on disk,65776,57817,0,1041018,87.96,2026168320
716.050499,building index: loading tuples on disk,65776,57818,0,1041087,87.966,2026221568
717.210923,building index: loading tuples on disk,65776,57820,0,1041167,87.973,2025967616
718.030444,building index: loading tuples on disk,65776,57822,0,1041260,87.98,2030399488
718.864924,building index: loading tuples on disk,65776,57823,0,1041352,87.988,2029846528
719.740685,building index: loading tuples on disk,65776,57889,0,1041445,87.996,2029522944
720.626736,building index: loading tuples on disk,65776,57891,0,1041560,88.006,2029506560
721.555586,building index: loading tuples on disk,65776,57893,0,1041672,88.015,2029973504
722.4359,building index: loading tuples on disk,65776,57894,0,1041724,88.02,2030489600
724.017414,building index: loading tuples on disk,65776,57896,0,1041796,88.026,2030174208
725.107642,building index: loading tuples on disk,65776,57896,0,1041843,88.03,2030010368
726.174682,building index: loading tuples on disk,65776,57899,0,1041956,88.039,2030399488
726.971437,building index: loading tuples on disk,65776,57900,0,1042049,88.047,2030477312
728.101479,building index: loading tuples on disk,65776,57901,0,1042113,88.052,2030551040
729.571018,building index: loading tuples on disk,65776,57902,0,1042148,88.055,2030497792
731.775253,building index: loading tuples on disk,65776,57903,0,1042208,88.06,2030501888
732.92403,building index: loading tuples on disk,65776,57904,0,1042264,88.065,2030116864
734.01642,building index: loading tuples on disk,65776,57906,0,1042357,88.073,2030731264
734.985988,building index: loading tuples on disk,65776,57908,0,1042460,88.082,2030534656
736.065917,building index: loading tuples on disk,65776,57909,0,1042515,88.086,2030112768
737.524047,building index: loading tuples on disk,65776,57910,0,1042583,88.092,2030911488
738.549311,building index: loading tuples on disk,65776,57912,0,1042671,88.1,2030764032
739.312204,building index: loading tuples on disk,65776,57914,0,1042808,88.111,2031357952
740.040286,building index: loading tuples on disk,65776,57917,0,1042965,88.124,2031009792
740.733125,building index: loading tuples on disk,65776,57984,0,1043111,88.137,2035007488
741.422023,building index: loading tuples on disk,65776,57986,0,1043250,88.149,2035404800
742.126579,building index: loading tuples on disk,65776,57989,0,1043369,88.159,2035462144
743.076155,building index: loading tuples on disk,65776,57990,0,1043443,88.165,2027089920
746.927902,building index: loading tuples on disk,65776,57991,0,1043494,88.169,2030276608
748.178251,building index: loading tuples on disk,65776,57993,0,1043603,88.178,2027241472
748.951,building index: loading tuples on disk,65776,57995,0,1043741,88.19,2027134976
749.706162,building index: loading tuples on disk,65776,57998,0,1043866,88.201,2027720704
750.508668,building index: loading tuples on disk,65776,58000,0,1043969,88.209,2028249088
751.439212,building index: loading tuples on disk,65776,58001,0,1044031,88.215,2028138496
752.797782,building index: loading tuples on disk,65776,58002,0,1044081,88.219,2028290048
754.191584,building index: loading tuples on disk,65776,58003,0,1044146,88.224,2027839488
755.248499,building index: loading tuples on disk,65776,58005,0,1044242,88.232,2028285952
756.316108,building index: loading tuples on disk,65776,58007,0,1044339,88.241,2028199936
757.705778,building index: loading tuples on disk,65776,58008,0,1044417,88.247,2028597248
759.147978,building index: loading tuples on disk,65776,58010,0,1044492,88.253,2028249088
760.257608,building index: loading tuples on disk,65776,58010,0,1044531,88.257,2029248512
762.509049,building index: loading tuples on disk,65776,58011,0,1044575,88.26,2028736512
764.295563,building index: loading tuples on disk,65776,58012,0,1044633,88.265,2028896256
766.014273,building index: loading tuples on disk,65776,58013,0,1044690,88.27,2027921408
767.437211,building index: loading tuples on disk,65776,58014,0,1044752,88.275,2028482560
768.36279,building index: loading tuples on disk,65776,58080,0,1044824,88.282,2032029696
769.178744,building index: loading tuples on disk,65776,58082,0,1044947,88.292,2031828992
769.938697,building index: loading tuples on disk,65776,58084,0,1045048,88.3,2031890432
770.786002,building index: loading tuples on disk,65776,58085,0,1045133,88.308,2031931392
771.645426,building index: loading tuples on disk,65776,58087,0,1045240,88.317,2031902720
772.488724,building index: loading tuples on disk,65776,58089,0,1045361,88.327,2032066560
773.253254,building index: loading tuples on disk,65776,58092,0,1045482,88.337,2033094656
774.005967,building index: loading tuples on disk,65776,58094,0,1045629,88.35,2032857088
774.71414,building index: loading tuples on disk,65776,58097,0,1045798,88.364,2033545216
775.439943,building index: loading tuples on disk,65776,58100,0,1045916,88.374,2033680384
776.211635,building index: loading tuples on disk,65776,58102,0,1046015,88.382,2033512448
777.969528,building index: loading tuples on disk,65776,58103,0,1046098,88.389,2033647616
778.753296,building index: loading tuples on disk,65776,58105,0,1046210,88.399,2033332224
779.610776,building index: loading tuples on disk,65776,58106,0,1046256,88.403,2033139712
780.776375,building index: loading tuples on disk,65776,58108,0,1046344,88.41,2033184768
783.342918,building index: loading tuples on disk,65776,58108,0,1046374,88.412,2033455104
784.711529,building index: loading tuples on disk,65776,58109,0,1046434,88.418,2036871168
786.35651,building index: loading tuples on disk,65776,58110,0,1046474,88.421,2033872896
787.400601,building index: loading tuples on disk,65776,58111,0,1046541,88.427,2038714368
788.976661,building index: loading tuples on disk,65776,58177,0,1046657,88.436,2038177792
789.913411,building index: loading tuples on disk,65776,58179,0,1046770,88.446,2030030848
791.423327,building index: loading tuples on disk,65776,58180,0,1046818,88.45,2028195840
792.6527,building index: loading tuples on disk,65776,58181,0,1046890,88.456,2028343296
793.550517,building index: loading tuples on disk,65776,58184,0,1047004,88.466,2028728320
794.349269,building index: loading tuples on disk,65776,58186,0,1047124,88.476,2028802048
795.08655,building index: loading tuples on disk,65776,58188,0,1047259,88.487,2029215744
795.819597,building index: loading tuples on disk,65776,58190,0,1047368,88.496,2029092864
796.916409,building index: loading tuples on disk,65776,58192,0,1047441,88.503,2029178880
798.634195,building index: loading tuples on disk,65776,58194,0,1047564,88.513,2028933120
799.533086,building index: loading tuples on disk,65776,58196,0,1047667,88.522,2029158400
800.31521,building index: loading tuples on disk,65776,58198,0,1047766,88.53,2029617152
801.172936,building index: loading tuples on disk,65776,58199,0,1047810,88.534,2030125056
802.224996,building index: loading tuples on disk,65776,58200,0,1047865,88.538,2030632960
805.056292,building index: loading tuples on disk,65776,58201,0,1047956,88.546,2030624768
805.860918,building index: loading tuples on disk,65776,58204,0,1048071,88.556,2030817280
806.63823,building index: loading tuples on disk,65776,58206,0,1048212,88.568,2030841856
807.376875,building index: loading tuples on disk,65776,58274,0,1048389,88.583,2032201728
808.124967,building index: loading tuples on disk,65776,58276,0,1048535,88.595,2032136192
808.878765,building index: loading tuples on disk,65776,58278,0,1048631,88.603,2033541120
809.890624,building index: loading tuples on disk,65776,58279,0,1048678,88.607,2034266112
811.174646,building index: loading tuples on disk,65776,58280,0,1048759,88.614,2034327552
812.623404,building index: loading tuples on disk,65776,58282,0,1048819,88.619,2034040832
813.491256,building index: loading tuples on disk,65776,58283,0,1048918,88.627,2034151424
814.623358,building index: loading tuples on disk,65776,58285,0,1048994,88.634,2034782208
815.573364,building index: loading tuples on disk,65776,58287,0,1049139,88.646,2033999872
816.260208,building index: loading tuples on disk,65776,58290,0,1049297,88.659,2034225152
817.080634,building index: loading tuples on disk,65776,58293,0,1049433,88.671,2034696192
817.791983,building index: loading tuples on disk,65776,58295,0,1049532,88.679,2034774016
818.704342,building index: loading tuples on disk,65776,58297,0,1049647,88.689,2034802688
819.461298,building index: loading tuples on disk,65776,58300,0,1049801,88.702,2034614272
820.173476,building index: loading tuples on disk,65776,58303,0,1049990,88.718,2038611968
820.84493,building index: loading tuples on disk,65776,58370,0,1050162,88.733,2038333440
821.545961,building index: loading tuples on disk,65776,58374,0,1050351,88.749,2038218752
822.237079,building index: loading tuples on disk,65776,58377,0,1050541,88.765,2038140928
822.985786,building index: loading tuples on disk,65776,58380,0,1050688,88.777,2038534144
823.698607,building index: loading tuples on disk,65776,58383,0,1050827,88.789,2038161408
824.459807,building index: loading tuples on disk,65776,58385,0,1050925,88.797,2038820864
825.27698,building index: loading tuples on disk,65776,58387,0,1051031,88.806,2039029760
826.061632,building index: loading tuples on disk,65776,58390,0,1051220,88.822,2038878208
826.728682,building index: loading tuples on disk,65776,58394,0,1051414,88.838,2038693888
827.460536,building index: loading tuples on disk,65776,58396,0,1051535,88.849,2039058432
828.312547,building index: loading tuples on disk,65776,58399,0,1051678,88.861,2039164928
829.046508,building index: loading tuples on disk,65776,58465,0,1051818,88.872,2039242752
829.782695,building index: loading tuples on disk,65776,58467,0,1051921,88.881,2039672832
830.590229,building index: loading tuples on disk,65776,58468,0,1051975,88.886,2039189504
832.487044,building index: loading tuples on disk,65776,58469,0,1052016,88.889,2040872960
835.301478,building index: loading tuples on disk,65776,58469,0,1052043,88.891,2033094656
838.450404,building index: loading tuples on disk,65776,58470,0,1052088,88.895,2033385472
839.894535,building index: loading tuples on disk,65776,58471,0,1052118,88.898,2033631232
845.617518,building index: loading tuples on disk,65776,58472,0,1052159,88.901,2033258496
846.695655,building index: loading tuples on disk,65776,58473,0,1052209,88.905,2033364992
850.214389,building index: loading tuples on disk,65776,58473,0,1052232,88.907,2033217536
851.982957,building index: loading tuples on disk,65776,58474,0,1052294,88.913,2033381376
852.85554,building index: loading tuples on disk,65776,58476,0,1052386,88.92,2033545216
853.929259,building index: loading tuples on disk,65776,58478,0,1052483,88.929,2033815552
854.704683,building index: loading tuples on disk,65776,58481,0,1052628,88.941,2033762304
855.590263,building index: loading tuples on disk,65776,58482,0,1052671,88.945,2034339840
857.008994,building index: loading tuples on disk,65776,58482,0,1052707,88.948,2034208768
858.5075,building index: loading tuples on disk,65776,58483,0,1052747,88.951,2034475008
859.609815,building index: loading tuples on disk,65776,58485,0,1052834,88.958,2034708480
860.52906,building index: loading tuples on disk,65776,58486,0,1052898,88.964,2037866496
861.36559,building index: loading tuples on disk,65776,58488,0,1052992,88.972,2034663424
862.234148,building index: loading tuples on disk,65776,58490,0,1053101,88.981,2034933760
863.035772,building index: loading tuples on disk,65776,58492,0,1053230,88.992,2034700288
863.752945,building index: loading tuples on disk,65776,58494,0,1053320,88.999,2035003392
864.684528,building index: loading tuples on disk,65776,58560,0,1053437,89.009,2035761152
865.448644,building index: loading tuples on disk,65776,58563,0,1053575,89.021,2038329344
866.194203,building index: loading tuples on disk,65776,58567,0,1053795,89.04,2038706176
866.871024,building index: loading tuples on disk,65776,58569,0,1053913,89.049,2038620160
867.641972,building index: loading tuples on disk,65776,58573,0,1054125,89.067,2039328768
868.338704,building index: loading tuples on disk,65776,58576,0,1054306,89.083,2039451648
869.134212,building index: loading tuples on disk,65776,58578,0,1054371,89.088,2039009280
870.068088,building index: loading tuples on disk,65776,58579,0,1054455,89.095,2038996992
870.961875,building index: loading tuples on disk,65776,58581,0,1054548,89.103,2039287808
871.918387,building index: loading tuples on disk,65776,58582,0,1054619,89.109,2039209984
872.710374,building index: loading tuples on disk,65776,58584,0,1054751,89.12,2039205888
873.505584,building index: loading tuples on disk,65776,58586,0,1054852,89.129,2039521280
874.279179,building index: loading tuples on disk,65776,58588,0,1054958,89.138,2039418880
875.180021,building index: loading tuples on disk,65776,58590,0,1055054,89.146,2039455744
876.074061,building index: loading tuples on disk,65776,58656,0,1055135,89.153,2043723776
877.106627,building index: loading tuples on disk,65776,58657,0,1055232,89.161,2044162048
878.056374,building index: loading tuples on disk,65776,58659,0,1055330,89.169,2044112896
878.945313,building index: loading tuples on disk,65776,58661,0,1055421,89.177,2043949056
879.915527,building index: loading tuples on disk,65776,58662,0,1055499,89.183,2044063744
880.779939,building index: loading tuples on disk,65776,58665,0,1055612,89.193,2034958336
882.059144,building index: loading tuples on disk,65776,58666,0,1055691,89.2,2035712000
882.979799,building index: loading tuples on disk,65776,58668,0,1055786,89.208,2035236864
883.823958,building index: loading tuples on disk,65776,58670,0,1055876,89.215,2035367936
884.653704,building index: loading tuples on disk,65776,58672,0,1055989,89.225,2035372032
885.475085,building index: loading tuples on disk,65776,58674,0,1056124,89.236,2036400128
886.264196,building index: loading tuples on disk,65776,58677,0,1056243,89.246,2036563968
887.012454,building index: loading tuples on disk,65776,58679,0,1056357,89.256,2036559872
887.871174,building index: loading tuples on disk,65776,58681,0,1056462,89.265,2036494336
888.649912,building index: loading tuples on disk,65776,58683,0,1056580,89.275,2036801536
889.451976,building index: loading tuples on disk,65776,58685,0,1056704,89.285,2036838400
890.243652,building index: loading tuples on disk,65776,58687,0,1056834,89.296,2036510720
891.006479,building index: loading tuples on disk,65776,58753,0,1056927,89.304,2037821440
891.798758,building index: loading tuples on disk,65776,58755,0,1057043,89.314,2040696832
892.582622,building index: loading tuples on disk,65776,58758,0,1057165,89.324,2040041472
893.446552,building index: loading tuples on disk,65776,58759,0,1057237,89.33,2041397248
894.456167,building index: loading tuples on disk,65776,58761,0,1057346,89.34,2041671680
895.419185,building index: loading tuples on disk,65776,58763,0,1057468,89.35,2041843712
896.241908,building index: loading tuples on disk,65776,58765,0,1057584,89.36,2041786368
897.05002,building index: loading tuples on disk,65776,58768,0,1057708,89.37,2041749504
897.929693,building index: loading tuples on disk,65776,58770,0,1057808,89.379,2042269696
898.696936,building index: loading tuples on disk,65776,58772,0,1057933,89.389,2042241024
899.478402,building index: loading tuples on disk,65776,58774,0,1058051,89.399,2042220544
900.29161,building index: loading tuples on disk,65776,58776,0,1058168,89.409,2045431808
901.111543,building index: loading tuples on disk,65776,58779,0,1058285,89.419,2042134528
901.911168,building index: loading tuples on disk,65776,58781,0,1058403,89.429,2042830848
902.762727,building index: loading tuples on disk,65776,58848,0,1058548,89.441,2042884096
903.935952,building index: loading tuples on disk,65776,58850,0,1058658,89.45,2046771200
904.788962,building index: loading tuples on disk,65776,58851,0,1058754,89.459,2047180800
905.595386,building index: loading tuples on disk,65776,58854,0,1058908,89.472,2047139840
906.339846,building index: loading tuples on disk,65776,58857,0,1059045,89.483,2047483904
907.089617,building index: loading tuples on disk,65776,58860,0,1059211,89.497,2047619072
907.876202,building index: loading tuples on disk,65776,58862,0,1059336,89.508,2046877696
908.615834,building index: loading tuples on disk,65776,58864,0,1059465,89.519,2047537152
909.520258,building index: loading tuples on disk,65776,58866,0,1059549,89.526,2047410176
910.661151,building index: loading tuples on disk,65776,58867,0,1059631,89.533,2047332352
911.679884,building index: loading tuples on disk,65776,58869,0,1059736,89.541,2047598592
912.469049,building index: loading tuples on disk,65776,58871,0,1059840,89.55,2047881216
913.290899,building index: loading tuples on disk,65776,58874,0,1059951,89.56,2047750144
914.106411,building index: loading tuples on disk,65776,58876,0,1060086,89.571,2048065536
914.876694,building index: loading tuples on disk,65776,58878,0,1060218,89.582,2047631360
915.652213,building index: loading tuples on disk,65776,58945,0,1060346,89.593,2048626688
916.394567,building index: loading tuples on disk,65776,58947,0,1060453,89.602,2048499712
917.159083,building index: loading tuples on disk,65776,58949,0,1060555,89.611,2048372736
918.03767,building index: loading tuples on disk,65776,58950,0,1060656,89.619,2048720896
919.006972,building index: loading tuples on disk,65776,58952,0,1060756,89.628,2051948544
920.0718,building index: loading tuples on disk,65776,58954,0,1060834,89.634,2048569344
920.971568,building index: loading tuples on disk,65776,58954,0,1060854,89.636,2048774144
923.190478,building index: loading tuples on disk,65776,58955,0,1060903,89.64,2048626688
924.305077,building index: loading tuples on disk,65776,58957,0,1061010,89.649,2049146880
925.043959,building index: loading tuples on disk,65776,58959,0,1061091,89.656,2049011712
925.89328,building index: loading tuples on disk,65776,58961,0,1061221,89.667,2049069056
926.655446,building index: loading tuples on disk,65776,58963,0,1061342,89.677,2040213504
927.810575,building index: loading tuples on disk,65776,58965,0,1061448,89.686,2040578048
928.727141,building index: loading tuples on disk,65776,58967,0,1061538,89.694,2040651776
930.089675,building index: loading tuples on disk,65776,58968,0,1061587,89.698,2040664064
932.929396,building index: loading tuples on disk,65776,58969,0,1061646,89.703,2040844288
933.778818,building index: loading tuples on disk,65776,58970,0,1061745,89.711,2041266176
934.642581,building index: loading tuples on disk,65776,58972,0,1061824,89.718,2040999936
935.850542,building index: loading tuples on disk,65776,58973,0,1061895,89.724,2040717312
936.966759,building index: loading tuples on disk,65776,58975,0,1061974,89.731,2041122816
937.83642,building index: loading tuples on disk,65776,59040,0,1062079,89.739,2041192448
938.605072,building index: loading tuples on disk,65776,59043,0,1062199,89.75,2044096512
939.393646,building index: loading tuples on disk,65776,59046,0,1062373,89.764,2044035072
940.11615,building index: loading tuples on disk,65776,59048,0,1062494,89.775,2044186624
940.981235,building index: loading tuples on disk,65776,59049,0,1062562,89.78,2044841984
942.157402,building index: loading tuples on disk,65776,59051,0,1062631,89.786,2044547072
943.754038,building index: loading tuples on disk,65776,59052,0,1062703,89.792,2044862464
944.553038,building index: loading tuples on disk,65776,59054,0,1062843,89.804,2044633088
945.344217,building index: loading tuples on disk,65776,59057,0,1062977,89.815,2044661760
946.116053,building index: loading tuples on disk,65776,59059,0,1063098,89.826,2044878848
946.888523,building index: loading tuples on disk,65776,59062,0,1063239,89.837,2049196032
947.598074,building index: loading tuples on disk,65776,59065,0,1063405,89.851,2049245184
948.326391,building index: loading tuples on disk,65776,59068,0,1063585,89.867,2049380352
949.032108,building index: loading tuples on disk,65776,59071,0,1063722,89.878,2049318912
949.797905,building index: loading tuples on disk,65776,59137,0,1063817,89.886,2049658880
950.595489,building index: loading tuples on disk,65776,59139,0,1063950,89.898,2049904640
951.366508,building index: loading tuples on disk,65776,59141,0,1064070,89.908,2049998848
952.131025,building index: loading tuples on disk,65776,59143,0,1064171,89.916,2049835008
952.904068,building index: loading tuples on disk,65776,59145,0,1064268,89.924,2053087232
954.706001,building index: loading tuples on disk,65776,59146,0,1064316,89.928,2050727936
956.14769,building index: loading tuples on disk,65776,59147,0,1064389,89.935,2050670592
957.608079,building index: loading tuples on disk,65776,59148,0,1064434,89.938,2050625536
958.659176,building index: loading tuples on disk,65776,59150,0,1064531,89.947,2050510848
959.531196,building index: loading tuples on disk,65776,59152,0,1064639,89.956,2050850816
960.377735,building index: loading tuples on disk,65776,59154,0,1064737,89.964,2051047424
961.223997,building index: loading tuples on disk,65776,59156,0,1064841,89.973,2050547712
962.386468,building index: loading tuples on disk,65776,59156,0,1064876,89.976,2051166208
963.984585,building index: loading tuples on disk,65776,59158,0,1064950,89.982,2050805760
964.862944,building index: loading tuples on disk,65776,59160,0,1065050,89.99,2051346432
965.723003,building index: loading tuples on disk,65776,59162,0,1065176,90.001,2051096576
966.616173,building index: loading tuples on disk,65776,59163,0,1065261,90.008,2050781184
968.588255,building index: loading tuples on disk,65776,59165,0,1065332,90.014,2051325952
969.919725,building index: loading tuples on disk,65776,59166,0,1065428,90.022,2051035136
970.776769,building index: loading tuples on disk,65776,59233,0,1065563,90.034,2051399680
971.562771,building index: loading tuples on disk,65776,59236,0,1065723,90.047,2042310656
972.526851,building index: loading tuples on disk,65776,59238,0,1065849,90.058,2043109376
973.324283,building index: loading tuples on disk,65776,59241,0,1065975,90.069,2043035648
974.274613,building index: loading tuples on disk,65776,59243,0,1066085,90.078,2043252736
975.080337,building index: loading tuples on disk,65776,59245,0,1066209,90.088,2043117568
975.858553,building index: loading tuples on disk,65776,59247,0,1066301,90.096,2043285504
976.654819,building index: loading tuples on disk,65776,59248,0,1066392,90.104,2043531264
977.665884,building index: loading tuples on disk,65776,59250,0,1066474,90.111,2043604992
978.758302,building index: loading tuples on disk,65776,59251,0,1066526,90.115,2043334656
979.676332,building index: loading tuples on disk,65776,59253,0,1066641,90.125,2043981824
980.700218,building index: loading tuples on disk,65776,59254,0,1066713,90.131,2044178432
981.542385,building index: loading tuples on disk,65776,59256,0,1066825,90.14,2044112896
982.266405,building index: loading tuples on disk,65776,59258,0,1066932,90.15,2043674624
983.054919,building index: loading tuples on disk,65776,59260,0,1067051,90.16,2044162048
983.84012,building index: loading tuples on disk,65776,59263,0,1067165,90.169,2044846080
984.622342,building index: loading tuples on disk,65776,59329,0,1067279,90.179,2045300736
985.490819,building index: loading tuples on disk,65776,59331,0,1067383,90.188,2046377984
986.457576,building index: loading tuples on disk,65776,59332,0,1067473,90.195,2046185472
987.409204,building index: loading tuples on disk,65776,59335,0,1067620,90.208,2047811584
988.1811,building index: loading tuples on disk,65776,59337,0,1067730,90.217,2048000000
988.962365,building index: loading tuples on disk,65776,59338,0,1067778,90.221,2047934464
989.892242,building index: loading tuples on disk,65776,59340,0,1067902,90.231,2048249856
990.890358,building index: loading tuples on disk,65776,59342,0,1067996,90.239,2048204800
991.785462,building index: loading tuples on disk,65776,59344,0,1068083,90.247,2048962560
992.629861,building index: loading tuples on disk,65776,59346,0,1068231,90.259,2048774144
993.374778,building index: loading tuples on disk,65776,59348,0,1068345,90.269,2048618496
994.21087,building index: loading tuples on disk,65776,59350,0,1068442,90.277,2048483328
995.028315,building index: loading tuples on disk,65776,59352,0,1068562,90.287,2048155648
995.796688,building index: loading tuples on disk,65776,59354,0,1068678,90.297,2048651264
996.565678,building index: loading tuples on disk,65776,59358,0,1068857,90.312,2049089536
997.273951,building index: loading tuples on disk,65776,59426,0,1069073,90.33,2054275072
998.191395,building index: loading tuples on disk,65776,59427,0,1069146,90.337,2051596288
999.021282,building index: loading tuples on disk,65776,59429,0,1069230,90.344,2052263936
999.907514,building index: loading tuples on disk,65776,59430,0,1069317,90.351,2052456448
1000.736723,building index: loading tuples on disk,65776,59432,0,1069425,90.36,2052616192
1001.609749,building index: loading tuples on disk,65776,59433,0,1069494,90.366,2052501504
1004.135424,building index: loading tuples on disk,65776,59434,0,1069548,90.371,2052915200
1005.632288,building index: loading tuples on disk,65776,59436,0,1069645,90.379,2052329472
1006.620185,building index: loading tuples on disk,65776,59438,0,1069731,90.386,2052329472
1007.487185,building index: loading tuples on disk,65776,59439,0,1069802,90.392,2052935680
1008.584335,building index: loading tuples on disk,65776,59440,0,1069876,90.398,2052739072
1009.853202,building index: loading tuples on disk,65776,59442,0,1069966,90.406,2052698112
1010.72474,building index: loading tuples on disk,65776,59444,0,1070059,90.414,2052874240
1011.83226,building index: loading tuples on disk,65776,59445,0,1070127,90.419,2053038080
1012.880334,building index: loading tuples on disk,65776,59447,0,1070209,90.426,2054029312
1013.964401,building index: loading tuples on disk,65776,59448,0,1070284,90.433,2054041600
1015.128377,building index: loading tuples on disk,65776,59450,0,1070370,90.44,2047135744
1017.823314,building index: loading tuples on disk,65776,59451,0,1070434,90.445,2046902272
1018.728195,building index: loading tuples on disk,65776,59453,0,1070543,90.455,2046873600
1019.610155,building index: loading tuples on disk,65776,59454,0,1070618,90.461,2046640128
1020.470725,building index: loading tuples on disk,65776,59520,0,1070707,90.468,2046840832
1021.390011,building index: loading tuples on disk,65776,59522,0,1070804,90.477,2047541248
1022.406367,building index: loading tuples on disk,65776,59523,0,1070887,90.484,2047332352
1023.257882,building index: loading tuples on disk,65776,59525,0,1070984,90.492,2047496192
1024.052875,building index: loading tuples on disk,65776,59526,0,1071059,90.498,2047438848
1025.013673,building index: loading tuples on disk,65776,59528,0,1071126,90.504,2047500288
1025.889729,building index: loading tuples on disk,65776,59529,0,1071224,90.512,2048040960
1026.825622,building index: loading tuples on disk,65776,59531,0,1071323,90.521,2048565248
1027.715879,building index: loading tuples on disk,65776,59533,0,1071401,90.527,2048290816
1028.969851,building index: loading tuples on disk,65776,59534,0,1071451,90.531,2049028096
1030.679631,building index: loading tuples on disk,65776,59535,0,1071519,90.537,2048225280
1031.629657,building index: loading tuples on disk,65776,59537,0,1071611,90.545,2048393216
1032.470541,building index: loading tuples on disk,65776,59539,0,1071705,90.553,2048815104
1033.442689,building index: loading tuples on disk,65776,59540,0,1071791,90.56,2048843776
1034.324429,building index: loading tuples on disk,65776,59542,0,1071869,90.567,2049150976
1036.053103,building index: loading tuples on disk,65776,59543,0,1071945,90.573,2049355776
1036.949167,building index: loading tuples on disk,65776,59545,0,1072024,90.58,2049724416
1037.939153,building index: loading tuples on disk,65776,59546,0,1072123,90.588,2049777664
1038.804575,building index: loading tuples on disk,65776,59548,0,1072215,90.596,2049613824
1039.912192,building index: loading tuples on disk,65776,59550,0,1072297,90.603,2049306624
1040.937512,building index: loading tuples on disk,65776,59551,0,1072389,90.611,2049875968
1042.307337,building index: loading tuples on disk,65776,59617,0,1072470,90.617,2052640768
1043.577918,building index: loading tuples on disk,65776,59618,0,1072547,90.624,2051555328
1044.448803,building index: loading tuples on disk,65776,59620,0,1072650,90.633,2051690496
1045.28031,building index: loading tuples on disk,65776,59622,0,1072752,90.641,2051784704
1046.17325,building index: loading tuples on disk,65776,59624,0,1072832,90.648,2051555328
1047.128089,building index: loading tuples on disk,65776,59625,0,1072905,90.654,2051747840
1048.035134,building index: loading tuples on disk,65776,59626,0,1072969,90.66,2051760128
1048.985988,building index: loading tuples on disk,65776,59628,0,1073055,90.667,2052124672
1049.866816,building index: loading tuples on disk,65776,59629,0,1073135,90.674,2052190208
1050.812336,building index: loading tuples on disk,65776,59630,0,1073180,90.677,2052255744
1051.98218,building index: loading tuples on disk,65776,59631,0,1073260,90.684,2052231168
1052.929038,building index: loading tuples on disk,65776,59633,0,1073342,90.691,2052333568
1053.898398,building index: loading tuples on disk,65776,59634,0,1073413,90.697,2052345856
1055.020791,building index: loading tuples on disk,65776,59635,0,1073478,90.703,2052468736
1056.088899,building index: loading tuples on disk,65776,59637,0,1073560,90.71,2052132864
1057.002751,building index: loading tuples on disk,65776,59638,0,1073652,90.717,2055548928
1057.850493,building index: loading tuples on disk,65776,59640,0,1073747,90.725,2055847936
1058.682066,building index: loading tuples on disk,65776,59641,0,1073774,90.728,2055753728
1059.862046,building index: loading tuples on disk,65776,59641,0,1073807,90.73,2055544832
1061.679415,building index: loading tuples on disk,65776,59643,0,1073886,90.737,2048724992
1063.219452,building index: loading tuples on disk,65776,59644,0,1073918,90.74,2048385024
1064.936791,building index: loading tuples on disk,65776,59645,0,1074007,90.747,2048479232
1065.723704,building index: loading tuples on disk,65776,59712,0,1074146,90.759,2048937984
1066.567533,building index: loading tuples on disk,65776,59714,0,1074278,90.77,2049302528
1067.285581,building index: loading tuples on disk,65776,59717,0,1074425,90.783,2049368064
1068.037686,building index: loading tuples on disk,65776,59720,0,1074575,90.795,2049576960
1068.839638,building index: loading tuples on disk,65776,59723,0,1074747,90.81,2049601536
1069.539988,building index: loading tuples on disk,65776,59726,0,1074909,90.824,2051313664
1070.316809,building index: loading tuples on disk,65776,59729,0,1075068,90.837,2050703360
1071.031908,building index: loading tuples on disk,65776,59731,0,1075184,90.847,2054049792
1072.456061,building index: loading tuples on disk,65776,59733,0,1075300,90.857,2050674688
1073.254082,building index: loading tuples on disk,65776,59734,0,1075365,90.862,2053074944
1074.337582,building index: loading tuples on disk,65776,59736,0,1075424,90.867,2053058560
1075.275808,building index: loading tuples on disk,65776,59738,0,1075544,90.877,2052931584
1076.082053,building index: loading tuples on disk,65776,59739,0,1075620,90.884,2052714496
1076.868695,building index: loading tuples on disk,65776,59741,0,1075716,90.892,2052796416
1077.711908,building index: loading tuples on disk,65776,59743,0,1075835,90.902,2052960256
1078.648218,building index: loading tuples on disk,65776,59809,0,1075954,90.912,2054836224
1079.521846,building index: loading tuples on disk,65776,59811,0,1076053,90.92,2054422528
1080.395322,building index: loading tuples on disk,65776,59813,0,1076153,90.929,2054557696
1081.189856,building index: loading tuples on disk,65776,59815,0,1076254,90.937,2054938624
1081.957247,building index: loading tuples on disk,65776,59817,0,1076384,90.948,2054709248
1082.743092,building index: loading tuples on disk,65776,59820,0,1076519,90.96,2055118848
1083.551055,building index: loading tuples on disk,65776,59822,0,1076648,90.97,2055073792
1084.438508,building index: loading tuples on disk,65776,59825,0,1076768,90.981,2055593984
1085.213033,building index: loading tuples on disk,65776,59827,0,1076886,90.991,2054971392
1086.002063,building index: loading tuples on disk,65776,59829,0,1077005,91.001,2055430144
1086.762714,building index: loading tuples on disk,65776,59830,0,1077078,91.007,2058981376
1087.610785,building index: loading tuples on disk,65776,59832,0,1077194,91.017,2059173888
1088.378881,building index: loading tuples on disk,65776,59835,0,1077317,91.027,2058948608
1089.121791,building index: loading tuples on disk,65776,59837,0,1077445,91.038,2059132928
1090.049825,building index: loading tuples on disk,65776,59839,0,1077552,91.047,2059210752
1090.867272,building index: loading tuples on disk,65776,59906,0,1077686,91.058,2059296768
1091.764725,building index: loading tuples on disk,65776,59908,0,1077802,91.068,2059542528
1092.547338,building index: loading tuples on disk,65776,59910,0,1077924,91.078,2061070336
1093.317688,building index: loading tuples on disk,65776,59912,0,1078034,91.088,2059636736
1094.175556,building index: loading tuples on disk,65776,59914,0,1078141,91.097,2059563008
1095.003213,building index: loading tuples on disk,65776,59916,0,1078241,91.105,2059444224
1095.802776,building index: loading tuples on disk,65776,59918,0,1078367,91.116,2059878400
1096.625275,building index: loading tuples on disk,65776,59921,0,1078476,91.125,2059845632
1097.608558,building index: loading tuples on disk,65776,59922,0,1078567,91.133,2060029952
1098.356842,building index: loading tuples on disk,65776,59925,0,1078702,91.144,2059976704
1099.194472,building index: loading tuples on disk,65776,59927,0,1078821,91.154,2060300288
1099.993383,building index: loading tuples on disk,65776,59929,0,1078948,91.165,2060472320
1100.828079,building index: loading tuples on disk,65776,59932,0,1079078,91.176,2063818752
1101.683058,building index: loading tuples on disk,65776,59934,0,1079217,91.188,2060046336
1102.446367,building index: loading tuples on disk,65776,60002,0,1079444,91.207,2060316672
1103.147591,building index: loading tuples on disk,65776,60006,0,1079624,91.222,2060980224
1103.887597,building index: loading tuples on disk,65776,60010,0,1079850,91.241,2061193216
1104.570854,building index: loading tuples on disk,65776,60013,0,1080049,91.258,2061037568
1105.280862,building index: loading tuples on disk,65776,60017,0,1080226,91.273,2060988416
1106.031152,building index: loading tuples on disk,65776,60019,0,1080339,91.282,2061131776
1106.795544,building index: loading tuples on disk,65776,60021,0,1080469,91.293,2060865536
1107.547345,building index: loading tuples on disk,65776,60023,0,1080598,91.304,2054254592
1108.433471,building index: loading tuples on disk,65776,60026,0,1080722,91.315,2054324224
1109.15294,building index: loading tuples on disk,65776,60029,0,1080878,91.328,2057924608
1109.924429,building index: loading tuples on disk,65776,60031,0,1081018,91.34,2054922240
1110.857249,building index: loading tuples on disk,65776,60098,0,1081148,91.351,2054914048
1111.664868,building index: loading tuples on disk,65776,60100,0,1081263,91.36,2055237632
1112.425151,building index: loading tuples on disk,65776,60102,0,1081396,91.372,2055643136
1113.165109,building index: loading tuples on disk,65776,60105,0,1081531,91.383,2055933952
1113.96655,building index: loading tuples on disk,65776,60107,0,1081665,91.394,2055671808
1114.704222,building index: loading tuples on disk,65776,60110,0,1081841,91.409,2056491008
1115.409423,building index: loading tuples on disk,65776,60115,0,1082063,91.428,2058506240
1116.085517,building index: loading tuples on disk,65776,60118,0,1082262,91.445,2058539008
1116.768854,building index: loading tuples on disk,65776,60122,0,1082491,91.464,2058645504
1117.455763,building index: loading tuples on disk,65776,60127,0,1082729,91.484,2059112448
1118.18424,building index: loading tuples on disk,65776,60194,0,1082890,91.498,2058997760
1118.896727,building index: loading tuples on disk,65776,60198,0,1083082,91.514,2059231232
1119.602618,building index: loading tuples on disk,65776,60201,0,1083270,91.53,2059661312
1120.317471,building index: loading tuples on disk,65776,60205,0,1083480,91.548,2059808768
1121.017259,building index: loading tuples on disk,65776,60208,0,1083662,91.563,2060017664
1121.693965,building index: loading tuples on disk,65776,60211,0,1083829,91.577,2063200256
1122.512491,building index: loading tuples on disk,65776,60213,0,1083922,91.585,2062974976
1123.388505,building index: loading tuples on disk,65776,60215,0,1084018,91.593,2063503360
1124.172627,building index: loading tuples on disk,65776,60217,0,1084136,91.603,2063425536
1125.182587,building index: loading tuples on disk,65776,60219,0,1084259,91.614,2063745024
1125.935108,building index: loading tuples on disk,65776,60222,0,1084382,91.624,2063761408
1126.687536,building index: loading tuples on disk,65776,60288,0,1084507,91.634,2063495168
1127.542036,building index: loading tuples on disk,65776,60290,0,1084604,91.643,2063323136
1128.366682,building index: loading tuples on disk,65776,60292,0,1084726,91.653,2063622144
1129.441258,building index: loading tuples on disk,65776,60294,0,1084842,91.663,2063441920
1130.313928,building index: loading tuples on disk,65776,60296,0,1084969,91.674,2063396864
1131.059234,building index: loading tuples on disk,65776,60299,0,1085101,91.685,2063851520
1131.879084,building index: loading tuples on disk,65776,60301,0,1085226,91.695,2064056320
1132.657771,building index: loading tuples on disk,65776,60303,0,1085343,91.705,2063822848
1133.625346,building index: loading tuples on disk,65776,60305,0,1085440,91.713,2064588800
1134.621387,building index: loading tuples on disk,65776,60307,0,1085544,91.722,2065469440
1135.387092,building index: loading tuples on disk,65776,60310,0,1085676,91.733,2065063936
1136.121991,building index: loading tuples on disk,65776,60313,0,1085872,91.75,2065002496
1136.796729,building index: loading tuples on disk,65776,60317,0,1086058,91.766,2065264640
1137.470751,building index: loading tuples on disk,65776,60384,0,1086217,91.779,2065686528
1138.170506,building index: loading tuples on disk,65776,60386,0,1086341,91.789,2069393408
1138.95999,building index: loading tuples on disk,65776,60388,0,1086442,91.798,2065702912
1139.869522,building index: loading tuples on disk,65776,60390,0,1086524,91.805,2065960960
1140.790588,building index: loading tuples on disk,65776,60391,0,1086605,91.812,2065502208
1141.577902,building index: loading tuples on disk,65776,60393,0,1086718,91.821,2066022400
1142.361409,building index: loading tuples on disk,65776,60395,0,1086830,91.831,2066116608
1143.173548,building index: loading tuples on disk,65776,60398,0,1086947,91.841,2065506304
1143.973137,building index: loading tuples on disk,65776,60399,0,1087042,91.849,2066276352
1144.792599,building index: loading tuples on disk,65776,60401,0,1087156,91.858,2066075648
1145.590351,building index: loading tuples on disk,65776,60404,0,1087272,91.868,2070323200
1146.468912,building index: loading tuples on disk,65776,60405,0,1087365,91.876,2070528000
1147.236325,building index: loading tuples on disk,65776,60408,0,1087484,91.886,2070523904
1147.980804,building index: loading tuples on disk,65776,60410,0,1087610,91.897,2070855680
1148.719827,building index: loading tuples on disk,65776,60412,0,1087728,91.907,2070421504
1149.801986,building index: loading tuples on disk,65776,60414,0,1087821,91.915,2070618112
1150.748638,building index: loading tuples on disk,65776,60480,0,1087937,91.924,2071121920
1151.52747,building index: loading tuples on disk,65776,60482,0,1088059,91.935,2071429120
1152.273086,building index: loading tuples on disk,65776,60485,0,1088209,91.947,2059571200
1153.084184,building index: loading tuples on disk,65776,60488,0,1088374,91.961,2059726848
1153.851327,building index: loading tuples on disk,65776,60491,0,1088549,91.976,2059845632
1154.537522,building index: loading tuples on disk,65776,60495,0,1088772,91.995,2060455936
1155.214234,building index: loading tuples on disk,65776,60499,0,1088976,92.012,2060951552
1155.911282,building index: loading tuples on disk,65776,60501,0,1089101,92.023,2061369344
1156.715594,building index: loading tuples on disk,65776,60503,0,1089194,92.031,2061180928
1157.69593,building index: loading tuples on disk,65776,60504,0,1089242,92.035,2061193216
1158.781635,building index: loading tuples on disk,65776,60506,0,1089341,92.043,2061094912
1159.576437,building index: loading tuples on disk,65776,60508,0,1089457,92.053,2061537280
1160.514336,building index: loading tuples on disk,65776,60510,0,1089585,92.064,2061815808
1161.217605,building index: loading tuples on disk,65776,60577,0,1089738,92.076,2062323712
1162.191882,building index: loading tuples on disk,65776,60579,0,1089842,92.085,2064506880
1162.980549,building index: loading tuples on disk,65776,60581,0,1089947,92.094,2064224256
1163.767008,building index: loading tuples on disk,65776,60583,0,1090039,92.102,2065940480
1164.507643,building index: loading tuples on disk,65776,60585,0,1090175,92.113,2066071552
1165.260713,building index: loading tuples on disk,65776,60587,0,1090300,92.124,2066157568
1166.017119,building index: loading tuples on disk,65776,60590,0,1090438,92.136,2065920000
1166.763106,building index: loading tuples on disk,65776,60593,0,1090580,92.148,2066411520
1167.544494,building index: loading tuples on disk,65776,60595,0,1090700,92.158,2066276352
1168.395988,building index: loading tuples on disk,65776,60597,0,1090829,92.169,2066292736
1169.158931,building index: loading tuples on disk,65776,60600,0,1090978,92.181,2066460672
1169.895122,building index: loading tuples on disk,65776,60603,0,1091123,92.194,2066731008
1170.650839,building index: loading tuples on disk,65776,60605,0,1091246,92.204,2066489344
1171.407242,building index: loading tuples on disk,65776,60607,0,1091368,92.214,2067271680
1172.155944,building index: loading tuples on disk,65776,60674,0,1091508,92.226,2070827008
1172.900159,building index: loading tuples on disk,65776,60676,0,1091638,92.237,2071097344
1173.674304,building index: loading tuples on disk,65776,60678,0,1091750,92.246,2070945792
1174.44774,building index: loading tuples on disk,65776,60681,0,1091869,92.257,2071240704
1175.319142,building index: loading tuples on disk,65776,60683,0,1091999,92.268,2071216128
1176.045286,building index: loading tuples on disk,65776,60685,0,1092129,92.279,2071408640
1176.878915,building index: loading tuples on disk,65776,60687,0,1092240,92.288,2071285760
1177.659706,building index: loading tuples on disk,65776,60690,0,1092375,92.299,2071543808
1178.401552,building index: loading tuples on disk,65776,60692,0,1092499,92.31,2071642112
1179.161713,building index: loading tuples on disk,65776,60694,0,1092594,92.318,2071949312
1179.965551,building index: loading tuples on disk,65776,60696,0,1092712,92.328,2072158208
1180.821242,building index: loading tuples on disk,65776,60699,0,1092844,92.339,2071937024
1181.534112,building index: loading tuples on disk,65776,60701,0,1092980,92.35,2072031232
1182.349981,building index: loading tuples on disk,65776,60768,0,1093110,92.361,2072162304
1183.068137,building index: loading tuples on disk,65776,60770,0,1093246,92.373,2072330240
1183.803079,building index: loading tuples on disk,65776,60772,0,1093369,92.383,2072571904
1184.577269,building index: loading tuples on disk,65776,60774,0,1093451,92.39,2072649728
1185.389793,building index: loading tuples on disk,65776,60776,0,1093570,92.4,2072518656
1186.195614,building index: loading tuples on disk,65776,60779,0,1093707,92.412,2072825856
1186.974294,building index: loading tuples on disk,65776,60781,0,1093840,92.423,2072752128
1187.760544,building index: loading tuples on disk,65776,60784,0,1093985,92.435,2072719360
1188.539003,building index: loading tuples on disk,65776,60787,0,1094125,92.447,2073264128
1189.297482,building index: loading tuples on disk,65776,60789,0,1094262,92.459,2073092096
1190.018132,building index: loading tuples on disk,65776,60792,0,1094396,92.47,2073260032
1190.75243,building index: loading tuples on disk,65776,60794,0,1094535,92.482,2073604096
1191.541231,building index: loading tuples on disk,65776,60797,0,1094666,92.493,2073096192
1192.371933,building index: loading tuples on disk,65776,60799,0,1094777,92.502,2073169920
1193.123814,building index: loading tuples on disk,65776,60865,0,1094883,92.511,2073378816
1193.92024,building index: loading tuples on disk,65776,60867,0,1094981,92.519,2074288128
1194.697926,building index: loading tuples on disk,65776,60869,0,1095092,92.529,2074206208
1195.845483,building index: loading tuples on disk,65776,60871,0,1095197,92.538,2074341376
1196.603919,building index: loading tuples on disk,65776,60873,0,1095316,92.548,2074681344
1197.47475,building index: loading tuples on disk,65776,60875,0,1095432,92.558,2065702912
1198.314801,building index: loading tuples on disk,65776,60877,0,1095530,92.566,2065612800
1199.195771,building index: loading tuples on disk,65776,60879,0,1095641,92.575,2065772544
1199.992782,building index: loading tuples on disk,65776,60881,0,1095757,92.585,2065567744
1200.767292,building index: loading tuples on disk,65776,60883,0,1095893,92.597,2066550784
1201.532042,building index: loading tuples on disk,65776,60886,0,1096022,92.607,2066202624
1202.286512,building index: loading tuples on disk,65776,60889,0,1096172,92.62,2066722816
1203.094572,building index: loading tuples on disk,65776,60891,0,1096317,92.632,2066898944
1203.84413,building index: loading tuples on disk,65776,60894,0,1096444,92.643,2067054592
1204.601556,building index: loading tuples on disk,65776,60960,0,1096572,92.654,2066931712
1205.504443,building index: loading tuples on disk,65776,60962,0,1096668,92.662,2067832832
1206.38659,building index: loading tuples on disk,65776,60964,0,1096759,92.67,2070921216
1207.194783,building index: loading tuples on disk,65776,60966,0,1096884,92.68,2070904832
1208.035553,building index: loading tuples on disk,65776,60968,0,1096998,92.69,2070544384
1208.820383,building index: loading tuples on disk,65776,60970,0,1097114,92.7,2070585344
1209.656061,building index: loading tuples on disk,65776,60973,0,1097244,92.711,2071027712
1210.410705,building index: loading tuples on disk,65776,60975,0,1097375,92.722,2071175168
1211.169687,building index: loading tuples on disk,65776,60978,0,1097517,92.734,2070974464
1211.946078,building index: loading tuples on disk,65776,60980,0,1097647,92.745,2071724032
1212.743015,building index: loading tuples on disk,65776,60982,0,1097776,92.756,2071453696
1213.482738,building index: loading tuples on disk,65776,60985,0,1097930,92.769,2071810048
1214.287103,building index: loading tuples on disk,65776,60988,0,1098053,92.779,2071265280
1215.115189,building index: loading tuples on disk,65776,60989,0,1098151,92.787,2071101440
1215.86506,building index: loading tuples on disk,65776,60991,0,1098255,92.796,2074517504
1216.6881,building index: loading tuples on disk,65776,61057,0,1098356,92.805,2072059904
1217.525536,building index: loading tuples on disk,65776,61059,0,1098458,92.813,2076147712
1218.352845,building index: loading tuples on disk,65776,61061,0,1098563,92.822,2075844608
1219.112675,building index: loading tuples on disk,65776,61063,0,1098664,92.831,2075897856
1219.908693,building index: loading tuples on disk,65776,61066,0,1098793,92.842,2076045312
1220.737155,building index: loading tuples on disk,65776,61068,0,1098945,92.854,2076336128
1221.474593,building index: loading tuples on disk,65776,61071,0,1099100,92.868,2075963392
1222.177428,building index: loading tuples on disk,65776,61074,0,1099242,92.88,2076200960
1223.010787,building index: loading tuples on disk,65776,61076,0,1099361,92.89,2076680192
1223.782928,building index: loading tuples on disk,65776,61079,0,1099493,92.901,2076979200
1224.52845,building index: loading tuples on disk,65776,61080,0,1099594,92.909,2076749824
1225.373252,building index: loading tuples on disk,65776,61082,0,1099685,92.917,2077224960
1226.351282,building index: loading tuples on disk,65776,61083,0,1099748,92.922,2076807168
1227.324296,building index: loading tuples on disk,65776,61085,0,1099850,92.931,2076770304
1228.941984,building index: loading tuples on disk,65776,61087,0,1099934,92.938,2077577216
1229.696054,building index: loading tuples on disk,65776,61153,0,1100068,92.949,2077294592
1230.483078,building index: loading tuples on disk,65776,61155,0,1100164,92.957,2080292864
1231.228393,building index: loading tuples on disk,65776,61158,0,1100301,92.969,2077773824
1232.041969,building index: loading tuples on disk,65776,61160,0,1100436,92.98,2077069312
1232.778663,building index: loading tuples on disk,65776,61163,0,1100573,92.992,2077962240
1233.580622,building index: loading tuples on disk,65776,61165,0,1100702,93.003,2077687808
1234.348827,building index: loading tuples on disk,65776,61168,0,1100872,93.017,2077892608
1235.045269,building index: loading tuples on disk,65776,61172,0,1101078,93.035,2078359552
1235.757582,building index: loading tuples on disk,65776,61173,0,1101128,93.039,2078380032
1236.758383,building index: loading tuples on disk,65776,61175,0,1101272,93.051,2078605312
1237.658265,building index: loading tuples on disk,65776,61177,0,1101375,93.06,2078068736
1238.660339,building index: loading tuples on disk,65776,61178,0,1101443,93.065,2078318592
1239.749793,building index: loading tuples on disk,65776,61181,0,1101565,93.076,2078011392
1240.563678,building index: loading tuples on disk,65776,61183,0,1101695,93.087,2078240768
1241.339321,building index: loading tuples on disk,65776,61250,0,1101833,93.098,2078613504
1242.058059,building index: loading tuples on disk,65776,61252,0,1101980,93.111,2069639168
1243.060904,building index: loading tuples on disk,65776,61254,0,1102089,93.12,2070020096
1243.890762,building index: loading tuples on disk,65776,61256,0,1102171,93.127,2069716992
1244.875432,building index: loading tuples on disk,65776,61258,0,1102277,93.136,2070077440
1245.681542,building index: loading tuples on disk,65776,61261,0,1102417,93.148,2070245376
1246.418642,building index: loading tuples on disk,65776,61264,0,1102606,93.164,2070634496
1247.08789,building index: loading tuples on disk,65776,61267,0,1102758,93.177,2070790144
1247.899003,building index: loading tuples on disk,65776,61269,0,1102871,93.186,2071027712
1248.757873,building index: loading tuples on disk,65776,61271,0,1102947,93.193,2071265280
1249.622864,building index: loading tuples on disk,65776,61272,0,1103016,93.198,2071351296
1250.582832,building index: loading tuples on disk,65776,61273,0,1103070,93.203,2070982656
1251.580052,building index: loading tuples on disk,65776,61275,0,1103164,93.211,2071031808
1252.353794,building index: loading tuples on disk,65776,61277,0,1103302,93.223,2071592960
1253.149214,building index: loading tuples on disk,65776,61344,0,1103437,93.234,2071879680
1253.961596,building index: loading tuples on disk,65776,61346,0,1103531,93.242,2073006080
1254.784209,building index: loading tuples on disk,65776,61348,0,1103650,93.252,2073538560
1255.907303,building index: loading tuples on disk,65776,61350,0,1103756,93.261,2076454912
1256.760996,building index: loading tuples on disk,65776,61351,0,1103803,93.265,2076164096
1258.465948,building index: loading tuples on disk,65776,61351,0,1103835,93.268,2076676096
1260.22668,building index: loading tuples on disk,65776,61353,0,1103910,93.274,2076315648
1261.095661,building index: loading tuples on disk,65776,61355,0,1104051,93.286,2076479488
1261.873997,building index: loading tuples on disk,65776,61358,0,1104173,93.296,2076348416
1262.608818,building index: loading tuples on disk,65776,61361,0,1104347,93.311,2076540928
1263.340363,building index: loading tuples on disk,65776,61363,0,1104469,93.321,2076958720
1264.121299,building index: loading tuples on disk,65776,61366,0,1104618,93.334,2076794880
1264.867522,building index: loading tuples on disk,65776,61369,0,1104782,93.348,2077364224
1265.655173,building index: loading tuples on disk,65776,61371,0,1104934,93.36,2077614080
1266.409002,building index: loading tuples on disk,65776,61375,0,1105151,93.379,2077564928
1267.113149,building index: loading tuples on disk,65776,61442,0,1105319,93.393,2082648064
1267.833931,building index: loading tuples on disk,65776,61446,0,1105508,93.409,2082447360
1268.554569,building index: loading tuples on disk,65776,61448,0,1105640,93.42,2081890304
1269.39335,building index: loading tuples on disk,65776,61450,0,1105742,93.429,2082312192
1270.254275,building index: loading tuples on disk,65776,61452,0,1105860,93.439,2082119680
1271.215038,building index: loading tuples on disk,65776,61454,0,1105982,93.449,2081914880
1272.01878,building index: loading tuples on disk,65776,61457,0,1106148,93.463,2082123776
1272.77153,building index: loading tuples on disk,65776,61460,0,1106292,93.475,2082742272
1273.521744,building index: loading tuples on disk,65776,61462,0,1106416,93.486,2082521088
1274.255874,building index: loading tuples on disk,65776,61466,0,1106605,93.502,2082721792
1274.936842,building index: loading tuples on disk,65776,61470,0,1106815,93.519,2082885632
1275.708757,building index: loading tuples on disk,65776,61537,0,1106993,93.534,2083233792
1276.460033,building index: loading tuples on disk,65776,61540,0,1107163,93.549,2082836480
1277.196239,building index: loading tuples on disk,65776,61543,0,1107324,93.562,2083037184
1277.950041,building index: loading tuples on disk,65776,61546,0,1107486,93.576,2083340288
1278.711388,building index: loading tuples on disk,65776,61549,0,1107625,93.588,2083307520
1279.618135,building index: loading tuples on disk,65776,61552,0,1107778,93.601,2083524608
1280.546487,building index: loading tuples on disk,65776,61554,0,1107888,93.61,2083782656
1281.388871,building index: loading tuples on disk,65776,61556,0,1107999,93.619,2083782656
1282.363924,building index: loading tuples on disk,65776,61559,0,1108120,93.63,2083917824
1283.151584,building index: loading tuples on disk,65776,61561,0,1108234,93.639,2084118528
1284.010851,building index: loading tuples on disk,65776,61563,0,1108376,93.651,2083938304
1284.741899,building index: loading tuples on disk,65776,61567,0,1108547,93.666,2084581376
1285.470054,building index: loading tuples on disk,65776,61634,0,1108729,93.681,2084278272
1286.196602,building index: loading tuples on disk,65776,61638,0,1108915,93.697,2084515840
1286.953392,building index: loading tuples on disk,65776,61640,0,1109059,93.709,2084728832
1287.704115,building index: loading tuples on disk,65776,61643,0,1109203,93.721,2075774976
1288.554846,building index: loading tuples on disk,65776,61645,0,1109329,93.732,2075779072
1289.453153,building index: loading tuples on disk,65776,61647,0,1109422,93.74,2076061696
1290.388828,building index: loading tuples on disk,65776,61648,0,1109510,93.747,2075746304
1291.216619,building index: loading tuples on disk,65776,61650,0,1109602,93.755,2075688960
1292.031461,building index: loading tuples on disk,65776,61652,0,1109715,93.764,2076934144
1292.818035,building index: loading tuples on disk,65776,61655,0,1109841,93.775,2076639232
1293.635028,building index: loading tuples on disk,65776,61656,0,1109918,93.782,2076835840
1294.607207,building index: loading tuples on disk,65776,61658,0,1110042,93.792,2076946432
1295.61276,building index: loading tuples on disk,65776,61661,0,1110175,93.803,2077077504
1296.395286,building index: loading tuples on disk,65776,61663,0,1110320,93.816,2077097984
1297.125765,building index: loading tuples on disk,65776,61730,0,1110470,93.828,2077335552
1297.84939,building index: loading tuples on disk,65776,61733,0,1110617,93.841,2081124352
1298.630857,building index: loading tuples on disk,65776,61735,0,1110752,93.852,2081308672
1299.381266,building index: loading tuples on disk,65776,61738,0,1110913,93.866,2081222656
1300.224832,building index: loading tuples on disk,65776,61740,0,1111035,93.876,2081423360
1301.015454,building index: loading tuples on disk,65776,61743,0,1111157,93.886,2081468416
1301.826582,building index: loading tuples on disk,65776,61744,0,1111255,93.895,2081378304
1302.757281,building index: loading tuples on disk,65776,61746,0,1111366,93.904,2081787904
1303.567045,building index: loading tuples on disk,65776,61748,0,1111466,93.912,2081288192
1304.478309,building index: loading tuples on disk,65776,61750,0,1111581,93.922,2081378304
1305.226347,building index: loading tuples on disk,65776,61754,0,1111761,93.937,2081669120
1306.00252,building index: loading tuples on disk,65776,61756,0,1111904,93.949,2085543936
1306.822424,building index: loading tuples on disk,65776,61759,0,1112035,93.96,2081832960
1307.565753,building index: loading tuples on disk,65776,61825,0,1112172,93.972,2081988608
1308.31463,building index: loading tuples on disk,65776,61828,0,1112299,93.983,2085699584
1309.137082,building index: loading tuples on disk,65776,61829,0,1112381,93.99,2086023168
1309.88281,building index: loading tuples on disk,65776,61831,0,1112482,93.998,2086006784
1310.781549,building index: loading tuples on disk,65776,61834,0,1112619,94.01,2086572032
1311.581005,building index: loading tuples on disk,65776,61836,0,1112775,94.023,2086539264
1312.351324,building index: loading tuples on disk,65776,61839,0,1112941,94.037,2086547456
1313.114871,building index: loading tuples on disk,65776,61843,0,1113113,94.052,2086977536
1313.853272,building index: loading tuples on disk,65776,61846,0,1113306,94.068,2087542784
1314.569426,building index: loading tuples on disk,65776,61850,0,1113491,94.083,2087366656
1315.323789,building index: loading tuples on disk,65776,61853,0,1113648,94.097,2087575552
1316.120603,building index: loading tuples on disk,65776,61920,0,1113800,94.11,2088026112
1316.859099,building index: loading tuples on disk,65776,61922,0,1113939,94.121,2088304640
1317.58717,building index: loading tuples on disk,65776,61925,0,1114112,94.136,2088394752
1318.289477,building index: loading tuples on disk,65776,61929,0,1114334,94.155,2088538112
1318.969383,building index: loading tuples on disk,65776,61934,0,1114559,94.174,2088538112
1319.682898,building index: loading tuples on disk,65776,61937,0,1114747,94.19,2088730624
1320.394972,building index: loading tuples on disk,65776,61941,0,1114956,94.207,2088960000
1321.106142,building index: loading tuples on disk,65776,61944,0,1115109,94.22,2088968192
1321.90469,building index: loading tuples on disk,65776,61946,0,1115255,94.233,2089336832
1322.654099,building index: loading tuples on disk,65776,61949,0,1115387,94.244,2089275392
1323.381065,building index: loading tuples on disk,65776,62016,0,1115514,94.254,2089238528
1324.150954,building index: loading tuples on disk,65776,62017,0,1115606,94.262,2089148416
1324.915081,building index: loading tuples on disk,65776,62020,0,1115749,94.274,2089181184
1325.666643,building index: loading tuples on disk,65776,62024,0,1115951,94.291,2089115648
1326.488626,building index: loading tuples on disk,65776,62027,0,1116104,94.304,2089648128
1327.238986,building index: loading tuples on disk,65776,62031,0,1116323,94.323,2090123264
1327.949799,building index: loading tuples on disk,65776,62033,0,1116469,94.335,2090016768
1328.676311,building index: loading tuples on disk,65776,62037,0,1116654,94.351,2090192896
1329.445671,building index: loading tuples on disk,65776,62040,0,1116809,94.364,2090455040
1330.244506,building index: loading tuples on disk,65776,62041,0,1116910,94.372,2090213376
1331.13263,building index: loading tuples on disk,65776,62044,0,1117045,94.384,2090201088
1331.842047,building index: loading tuples on disk,65776,62047,0,1117250,94.401,2090237952
1332.534695,building index: loading tuples on disk,65776,62115,0,1117442,94.417,2081652736
1333.423535,building index: loading tuples on disk,65776,62118,0,1117629,94.433,2081665024
1334.122888,building index: loading tuples on disk,65776,62121,0,1117780,94.446,2082058240
1334.847866,building index: loading tuples on disk,65776,62123,0,1117912,94.457,2081792000
1335.580312,building index: loading tuples on disk,65776,62126,0,1118037,94.468,2081812480
1336.326085,building index: loading tuples on disk,65776,62128,0,1118182,94.48,2082189312
1337.15182,building index: loading tuples on disk,65776,62131,0,1118303,94.49,2082856960
1337.931705,building index: loading tuples on disk,65776,62133,0,1118450,94.502,2083061760
1338.666289,building index: loading tuples on disk,65776,62137,0,1118633,94.518,2083565568
1339.368653,building index: loading tuples on disk,65776,62140,0,1118790,94.531,2083966976
1340.198822,building index: loading tuples on disk,65776,62143,0,1118970,94.546,2083586048
1340.874123,building index: loading tuples on disk,65776,62211,0,1119180,94.564,2085474304
1341.704995,building index: loading tuples on disk,65776,62214,0,1119333,94.577,2085953536
1342.438468,building index: loading tuples on disk,65776,62217,0,1119510,94.592,2086023168
1343.145574,building index: loading tuples on disk,65776,62220,0,1119666,94.605,2086055936
1343.992858,building index: loading tuples on disk,65776,62222,0,1119776,94.615,2086625280
1344.773744,building index: loading tuples on disk,65776,62225,0,1119967,94.631,2086854656
1345.509512,building index: loading tuples on disk,65776,62227,0,1120069,94.639,2086731776
1346.369683,building index: loading tuples on disk,65776,62229,0,1120199,94.65,2087059456
1347.111437,building index: loading tuples on disk,65776,62232,0,1120333,94.662,2090348544
1347.838108,building index: loading tuples on disk,65776,62234,0,1120459,94.672,2090520576
1348.663729,building index: loading tuples on disk,65776,62236,0,1120578,94.682,2090217472
1349.469377,building index: loading tuples on disk,65776,62239,0,1120695,94.692,2091270144
1350.25935,building index: loading tuples on disk,65776,62305,0,1120821,94.703,2090921984
1351.08141,building index: loading tuples on disk,65776,62307,0,1120956,94.714,2091089920
1351.804456,building index: loading tuples on disk,65776,62311,0,1121136,94.729,2090827776
1352.564825,building index: loading tuples on disk,65776,62314,0,1121303,94.744,2090901504
1353.271446,building index: loading tuples on disk,65776,62317,0,1121488,94.759,2090475520
1353.964728,building index: loading tuples on disk,65776,62320,0,1121637,94.772,2091438080
1354.865141,building index: loading tuples on disk,65776,62322,0,1121759,94.782,2091520000
1355.732023,building index: loading tuples on disk,65776,62324,0,1121859,94.791,2093092864
1356.71839,building index: loading tuples on disk,65776,62326,0,1121972,94.8,2092482560
1357.84711,building index: loading tuples on disk,65776,62328,0,1122080,94.809,2091257856
1358.812988,building index: loading tuples on disk,65776,62330,0,1122192,94.819,2092261376
1359.579339,building index: loading tuples on disk,65776,62333,0,1122324,94.83,2092285952
1360.313142,building index: loading tuples on disk,65776,62335,0,1122482,94.843,2092294144
1361.09743,building index: loading tuples on disk,65776,62402,0,1122633,94.856,2091958272
1361.918239,building index: loading tuples on disk,65776,62405,0,1122807,94.871,2092183552
1362.639209,building index: loading tuples on disk,65776,62408,0,1122931,94.881,2092171264
1363.507422,building index: loading tuples on disk,65776,62410,0,1123049,94.891,2092535808
1364.280601,building index: loading tuples on disk,65776,62413,0,1123194,94.903,2096316416
1365.073985,building index: loading tuples on disk,65776,62415,0,1123318,94.914,2092642304
1365.828499,building index: loading tuples on disk,65776,62417,0,1123457,94.926,2092720128
1366.689057,building index: loading tuples on disk,65776,62420,0,1123611,94.939,2092916736
1367.429788,building index: loading tuples on disk,65776,62423,0,1123754,94.951,2098003968
1368.248653,building index: loading tuples on disk,65776,62425,0,1123873,94.961,2097713152
1369.003446,building index: loading tuples on disk,65776,62428,0,1124044,94.975,2097410048
1369.74831,building index: loading tuples on disk,65776,62431,0,1124170,94.986,2097545216
1370.740591,building index: loading tuples on disk,65776,62497,0,1124285,94.995,2097700864
1371.495839,building index: loading tuples on disk,65776,62500,0,1124443,95.009,2097401856
1372.284924,building index: loading tuples on disk,65776,62503,0,1124604,95.022,2097913856
1372.998608,building index: loading tuples on disk,65776,62505,0,1124742,95.034,2097926144
1373.841316,building index: loading tuples on disk,65776,62508,0,1124864,95.044,2098257920
1374.594038,building index: loading tuples on disk,65776,62510,0,1124976,95.054,2098491392
1375.395226,building index: loading tuples on disk,65776,62512,0,1125070,95.062,2099167232
1376.165452,building index: loading tuples on disk,65776,62514,0,1125190,95.072,2099081216
1376.979863,building index: loading tuples on disk,65776,62516,0,1125309,95.082,2098884608
1377.739614,building index: loading tuples on disk,65776,62518,0,1125432,95.092,2087522304
1378.612517,building index: loading tuples on disk,65776,62521,0,1125567,95.104,2087665664
1379.343153,building index: loading tuples on disk,65776,62524,0,1125757,95.12,2088022016
1380.040432,building index: loading tuples on disk,65776,62527,0,1125903,95.132,2088448000
1380.819704,building index: loading tuples on disk,65776,62594,0,1126067,95.146,2088636416
1381.577184,building index: loading tuples on disk,65776,62596,0,1126196,95.157,2088939520
1382.337052,building index: loading tuples on disk,65776,62599,0,1126336,95.169,2089238528
1383.07183,building index: loading tuples on disk,65776,62602,0,1126489,95.182,2089127936
1383.810374,building index: loading tuples on disk,65776,62605,0,1126686,95.198,2089906176
1384.506733,building index: loading tuples on disk,65776,62608,0,1126843,95.212,2089230336
1385.241573,building index: loading tuples on disk,65776,62610,0,1126967,95.222,2092191744
1386.099494,building index: loading tuples on disk,65776,62614,0,1127136,95.236,2092122112
1386.814107,building index: loading tuples on disk,65776,62616,0,1127279,95.248,2092298240
1387.551884,building index: loading tuples on disk,65776,62619,0,1127413,95.26,2092527616
1388.327737,building index: loading tuples on disk,65776,62621,0,1127543,95.271,2092032000
1389.064689,building index: loading tuples on disk,65776,62623,0,1127637,95.279,2092638208
1389.967259,building index: loading tuples on disk,65776,62689,0,1127759,95.289,2092609536
1390.781069,building index: loading tuples on disk,65776,62692,0,1127893,95.3,2093084672
1391.503668,building index: loading tuples on disk,65776,62695,0,1128049,95.314,2092417024
1392.253702,building index: loading tuples on disk,65776,62697,0,1128196,95.326,2092523520
1392.944672,building index: loading tuples on disk,65776,62700,0,1128357,95.34,2092670976
1393.722128,building index: loading tuples on disk,65776,62703,0,1128489,95.351,2092982272
1394.480013,building index: loading tuples on disk,65776,62705,0,1128635,95.363,2096414720
1395.200085,building index: loading tuples on disk,65776,62708,0,1128790,95.376,2096218112
1395.931426,building index: loading tuples on disk,65776,62711,0,1128906,95.386,2096119808
1396.66944,building index: loading tuples on disk,65776,62714,0,1129076,95.4,2096381952
1397.385935,building index: loading tuples on disk,65776,62717,0,1129245,95.415,2096648192
1398.098876,building index: loading tuples on disk,65776,62784,0,1129416,95.429,2097238016
1398.807957,building index: loading tuples on disk,65776,62788,0,1129600,95.445,2097324032
1399.55331,building index: loading tuples on disk,65776,62791,0,1129786,95.46,2097291264
1400.293838,building index: loading tuples on disk,65776,62794,0,1129933,95.473,2097201152
1401.019222,building index: loading tuples on disk,65776,62797,0,1130080,95.485,2096967680
1401.766982,building index: loading tuples on disk,65776,62799,0,1130223,95.497,2100293632
1402.538042,building index: loading tuples on disk,65776,62802,0,1130380,95.51,2097725440
1403.267389,building index: loading tuples on disk,65776,62805,0,1130537,95.524,2097782784
1403.980441,building index: loading tuples on disk,65776,62808,0,1130691,95.537,2097655808
1404.993417,building index: loading tuples on disk,65776,62810,0,1130813,95.547,2098225152
1405.775587,building index: loading tuples on disk,65776,62812,0,1130932,95.557,2098229248
1406.560729,building index: loading tuples on disk,65776,62815,0,1131038,95.566,2098278400
1407.376918,building index: loading tuples on disk,65776,62881,0,1131146,95.575,2098483200
1408.297812,building index: loading tuples on disk,65776,62883,0,1131257,95.585,2098077696
1409.053647,building index: loading tuples on disk,65776,62885,0,1131387,95.596,2098216960
1409.84167,building index: loading tuples on disk,65776,62888,0,1131520,95.607,2098757632
1410.575423,building index: loading tuples on disk,65776,62891,0,1131711,95.623,2098827264
1411.256161,building index: loading tuples on disk,65776,62894,0,1131874,95.637,2098606080
1411.969689,building index: loading tuples on disk,65776,62898,0,1132056,95.652,2099179520
1412.662698,building index: loading tuples on disk,65776,62900,0,1132205,95.665,2103410688
1413.386376,building index: loading tuples on disk,65776,62903,0,1132354,95.677,2103312384
1414.101563,building index: loading tuples on disk,65776,62906,0,1132513,95.691,2103246848
1414.860473,building index: loading tuples on disk,65776,62909,0,1132645,95.702,2103738368
1415.602848,building index: loading tuples on disk,65776,62911,0,1132780,95.713,2103709696
1416.436814,building index: loading tuples on disk,65776,62977,0,1132912,95.724,2104098816
1417.140727,building index: loading tuples on disk,65776,62980,0,1133083,95.739,2104213504
1417.837131,building index: loading tuples on disk,65776,62984,0,1133262,95.754,2104774656
1418.572965,building index: loading tuples on disk,65776,62987,0,1133438,95.769,2104262656
1419.281635,building index: loading tuples on disk,65776,62990,0,1133607,95.783,2104307712
1420.045073,building index: loading tuples on disk,65776,62993,0,1133774,95.797,2104606720
1420.805286,building index: loading tuples on disk,65776,62996,0,1133909,95.809,2104647680
1421.555919,building index: loading tuples on disk,65776,62998,0,1134043,95.82,2104504320
1422.281813,building index: loading tuples on disk,65776,63001,0,1134216,95.835,2104721408
1423.047575,building index: loading tuples on disk,65776,63005,0,1134393,95.85,2093674496
1423.964399,building index: loading tuples on disk,65776,63072,0,1134548,95.863,2093580288
1424.722196,building index: loading tuples on disk,65776,63075,0,1134711,95.876,2094268416
1425.400151,building index: loading tuples on disk,65776,63078,0,1134913,95.894,2094723072
1426.095112,building index: loading tuples on disk,65776,63082,0,1135111,95.91,2094510080
1426.851331,building index: loading tuples on disk,65776,63085,0,1135266,95.923,2095308800
1427.594914,building index: loading tuples on disk,65776,63088,0,1135445,95.938,2095448064
1428.316332,building index: loading tuples on disk,65776,63092,0,1135630,95.954,2095796224
1429.029561,building index: loading tuples on disk,65776,63095,0,1135790,95.968,2096746496
1429.814524,building index: loading tuples on disk,65776,63098,0,1135981,95.984,2096861184
1430.639354,building index: loading tuples on disk,65776,63101,0,1136126,95.996,2096709632
1431.395635,building index: loading tuples on disk,65776,63103,0,1136246,96.006,2097180672
1432.162051,building index: loading tuples on disk,65776,63170,0,1136389,96.018,2097184768
1432.90517,building index: loading tuples on disk,65776,63173,0,1136526,96.03,2098610176
1433.71526,building index: loading tuples on disk,65776,63175,0,1136635,96.039,2099617792
1434.534174,building index: loading tuples on disk,65776,63177,0,1136744,96.048,2099978240
1435.333305,building index: loading tuples on disk,65776,63179,0,1136858,96.058,2099994624
1436.134085,building index: loading tuples on disk,65776,63181,0,1136958,96.066,2099900416
1436.906992,building index: loading tuples on disk,65776,63184,0,1137101,96.078,2100416512
1437.670999,building index: loading tuples on disk,65776,63186,0,1137240,96.09,2100297728
1438.413257,building index: loading tuples on disk,65776,63188,0,1137368,96.101,2100248576
1439.167417,building index: loading tuples on disk,65776,63191,0,1137490,96.111,2104029184
1439.941692,building index: loading tuples on disk,65776,63193,0,1137605,96.121,2103644160
1440.737608,building index: loading tuples on disk,65776,63195,0,1137719,96.131,2103808000
1441.585908,building index: loading tuples on disk,65776,63197,0,1137814,96.139,2103635968
1442.439545,building index: loading tuples on disk,65776,63198,0,1137915,96.147,2103877632
1443.281745,building index: loading tuples on disk,65776,63264,0,1137974,96.152,2103844864
1444.079213,building index: loading tuples on disk,65776,63266,0,1138103,96.163,2104188928
1444.860102,building index: loading tuples on disk,65776,63269,0,1138258,96.176,2104324096
1445.569818,building index: loading tuples on disk,65776,63273,0,1138458,96.193,2104705024
1446.277068,building index: loading tuples on disk,65776,63276,0,1138639,96.208,2104045568
1446.975734,building index: loading tuples on disk,65776,63280,0,1138829,96.224,2104332288
1447.75405,building index: loading tuples on disk,65776,63283,0,1138991,96.238,2104778752
1448.532243,building index: loading tuples on disk,65776,63285,0,1139125,96.249,2104979456
1449.322062,building index: loading tuples on disk,65776,63288,0,1139254,96.26,2105098240
1450.049569,building index: loading tuples on disk,65776,63290,0,1139367,96.27,2105077760
1450.837135,building index: loading tuples on disk,65776,63292,0,1139492,96.28,2105098240
1451.662578,building index: loading tuples on disk,65776,63294,0,1139608,96.29,2105602048
1452.424714,building index: loading tuples on disk,65776,63360,0,1139728,96.3,2105475072
1453.267703,building index: loading tuples on disk,65776,63363,0,1139850,96.311,2105516032
1454.114436,building index: loading tuples on disk,65776,63364,0,1139943,96.319,2105819136
1454.953794,building index: loading tuples on disk,65776,63366,0,1140055,96.328,2105737216
1455.747931,building index: loading tuples on disk,65776,63369,0,1140176,96.338,2105720832
1456.546565,building index: loading tuples on disk,65776,63371,0,1140305,96.349,2105548800
1457.317247,building index: loading tuples on disk,65776,63374,0,1140460,96.362,2106187776
1458.085866,building index: loading tuples on disk,65776,63377,0,1140618,96.376,2106216448
1458.917715,building index: loading tuples on disk,65776,63379,0,1140750,96.387,2105634816
1459.66555,building index: loading tuples on disk,65776,63382,0,1140907,96.4,2110324736
1460.41562,building index: loading tuples on disk,65776,63385,0,1141067,96.413,2110468096
1461.219608,building index: loading tuples on disk,65776,63388,0,1141200,96.425,2110566400
1461.98039,building index: loading tuples on disk,65776,63390,0,1141316,96.435,2110869504
1462.836405,building index: loading tuples on disk,65776,63457,0,1141477,96.448,2110984192
1463.580185,building index: loading tuples on disk,65776,63460,0,1141639,96.462,2110988288
1464.312853,building index: loading tuples on disk,65776,63463,0,1141828,96.478,2111045632
1465.060354,building index: loading tuples on disk,65776,63467,0,1142029,96.495,2110976000
1465.812294,building index: loading tuples on disk,65776,63469,0,1142156,96.505,2111582208
1466.561033,building index: loading tuples on disk,65776,63472,0,1142290,96.517,2111393792
1467.371829,building index: loading tuples on disk,65776,63474,0,1142416,96.527,2108063744
1468.198259,building index: loading tuples on disk,65776,63476,0,1142542,96.538,2100969472
1469.043564,building index: loading tuples on disk,65776,63479,0,1142672,96.549,2101354496
1469.819459,building index: loading tuples on disk,65776,63481,0,1142812,96.561,2104463360
1470.60073,building index: loading tuples on disk,65776,63484,0,1142952,96.573,2101612544
1471.409018,building index: loading tuples on disk,65776,63487,0,1143094,96.585,2101211136
1472.174499,building index: loading tuples on disk,65776,63553,0,1143234,96.597,2101452800
1472.928786,building index: loading tuples on disk,65776,63556,0,1143364,96.608,2102718464
1473.73996,building index: loading tuples on disk,65776,63557,0,1143465,96.616,2105536512
1474.608193,building index: loading tuples on disk,65776,63559,0,1143548,96.623,2104954880
1475.403999,building index: loading tuples on disk,65776,63560,0,1143623,96.629,2105323520
1476.371928,building index: loading tuples on disk,65776,63562,0,1143732,96.639,2105368576
1477.125331,building index: loading tuples on disk,65776,63566,0,1143892,96.652,2105417728
1477.869167,building index: loading tuples on disk,65776,63570,0,1144114,96.671,2106036224
1478.546439,building index: loading tuples on disk,65776,63573,0,1144287,96.686,2106392576
1479.31859,building index: loading tuples on disk,65776,63576,0,1144433,96.698,2105860096
1480.067839,building index: loading tuples on disk,65776,63578,0,1144579,96.71,2106560512
1480.868178,building index: loading tuples on disk,65776,63581,0,1144728,96.723,2105729024
1481.607479,building index: loading tuples on disk,65776,63583,0,1144851,96.733,2106253312
1482.416938,building index: loading tuples on disk,65776,63650,0,1144990,96.745,2106753024
1483.143675,building index: loading tuples on disk,65776,63653,0,1145179,96.761,2110992384
1483.873781,building index: loading tuples on disk,65776,63656,0,1145307,96.772,2110828544
1484.606508,building index: loading tuples on disk,65776,63659,0,1145480,96.786,2111291392
1485.370171,building index: loading tuples on disk,65776,63662,0,1145625,96.799,2111012864
1486.158912,building index: loading tuples on disk,65776,63665,0,1145774,96.811,2110951424
1486.877643,building index: loading tuples on disk,65776,63667,0,1145920,96.824,2111082496
1487.612078,building index: loading tuples on disk,65776,63670,0,1146091,96.838,2111184896
1488.324557,building index: loading tuples on disk,65776,63673,0,1146244,96.851,2111311872
1489.037021,building index: loading tuples on disk,65776,63677,0,1146475,96.87,2111623168
1489.715851,building index: loading tuples on disk,65776,63745,0,1146683,96.888,2111811584
1490.454176,building index: loading tuples on disk,65776,63748,0,1146852,96.902,2111848448
1491.192934,building index: loading tuples on disk,65776,63752,0,1147062,96.92,2112540672
1491.880148,building index: loading tuples on disk,65776,63755,0,1147211,96.933,2112389120
1492.621608,building index: loading tuples on disk,65776,63758,0,1147373,96.946,2112151552
1493.365563,building index: loading tuples on disk,65776,63761,0,1147527,96.959,2112987136
1494.117094,building index: loading tuples on disk,65776,63764,0,1147668,96.971,2113552384
1494.846449,building index: loading tuples on disk,65776,63766,0,1147818,96.984,2112974848
1495.568781,building index: loading tuples on disk,65776,63769,0,1147969,96.997,2114142208
1496.317246,building index: loading tuples on disk,65776,63772,0,1148100,97.008,2113777664
1497.113299,building index: loading tuples on disk,65776,63773,0,1148179,97.014,2113486848
1497.889311,building index: loading tuples on disk,65776,63775,0,1148293,97.024,2113351680
1498.68801,building index: loading tuples on disk,65776,63825,0,1148409,97.034,2114256896
1499.456331,building index: loading tuples on disk,65776,63827,0,1148518,97.043,2113679360
1500.225869,building index: loading tuples on disk,65776,63829,0,1148602,97.05,2113634304
1501.057383,building index: loading tuples on disk,65776,63831,0,1148705,97.059,2114019328
1501.825734,building index: loading tuples on disk,65776,63834,0,1148854,97.071,2113650688
1502.561371,building index: loading tuples on disk,65776,63837,0,1149036,97.087,2113863680
1503.266536,building index: loading tuples on disk,65776,63873,0,1149231,97.103,2114449408
1503.982663,building index: loading tuples on disk,65776,63876,0,1149408,97.118,2114613248
1504.773539,building index: loading tuples on disk,65776,63879,0,1149584,97.133,2115014656
1505.549591,building index: loading tuples on disk,65776,63882,0,1149725,97.145,2114097152
1506.273501,building index: loading tuples on disk,65776,63885,0,1149896,97.159,2114961408
1506.977269,building index: loading tuples on disk,65776,63920,0,1150074,97.175,2115330048
1507.669955,building index: loading tuples on disk,65776,63923,0,1150244,97.189,2115641344
1508.39323,building index: loading tuples on disk,65776,63927,0,1150446,97.206,2115457024
1509.132075,building index: loading tuples on disk,65776,63930,0,1150623,97.221,2115272704
1509.867665,building index: loading tuples on disk,65776,63932,0,1150738,97.231,2115657728
1510.631613,building index: loading tuples on disk,65776,63935,0,1150852,97.24,2115792896
1511.426101,building index: loading tuples on disk,65776,63969,0,1150972,97.25,2115284992
1512.249042,building index: loading tuples on disk,65776,63971,0,1151078,97.259,2115584000
1513.113078,building index: loading tuples on disk,65776,63972,0,1151174,97.267,2107772928
1514.17445,building index: loading tuples on disk,65776,63974,0,1151232,97.272,2107781120
1515.170088,building index: loading tuples on disk,65776,63976,0,1151347,97.282,2108178432
1515.94302,building index: loading tuples on disk,65776,63978,0,1151494,97.294,2108051456
1516.659443,building index: loading tuples on disk,65776,63981,0,1151652,97.308,2108383232
1517.375361,building index: loading tuples on disk,65776,64016,0,1151809,97.321,2108116992
1518.262877,building index: loading tuples on disk,65776,64019,0,1151948,97.333,2108313600
1518.981228,building index: loading tuples on disk,65776,64021,0,1152083,97.344,2110353408
1519.692242,building index: loading tuples on disk,65776,64024,0,1152252,97.359,2111119360
1520.435155,building index: loading tuples on disk,65776,64027,0,1152408,97.372,2111176704
1521.169139,building index: loading tuples on disk,65776,64030,0,1152558,97.384,2111434752
1521.910519,building index: loading tuples on disk,65776,64065,0,1152729,97.399,2111201280
1522.600038,building index: loading tuples on disk,65776,64068,0,1152900,97.413,2110922752
1523.492297,building index: loading tuples on disk,65776,64071,0,1153070,97.428,2111479808
1524.170215,building index: loading tuples on disk,65776,64075,0,1153261,97.444,2112385024
1524.912879,building index: loading tuples on disk,65776,64078,0,1153403,97.456,2112036864
1525.71671,building index: loading tuples on disk,65776,64112,0,1153538,97.467,2112180224
1526.459298,building index: loading tuples on disk,65776,64115,0,1153679,97.479,2112757760
1527.249769,building index: loading tuples on disk,65776,64118,0,1153847,97.493,2112946176
1527.986306,building index: loading tuples on disk,65776,64120,0,1153978,97.504,2112720896
1528.745049,building index: loading tuples on disk,65776,64123,0,1154150,97.519,2112688128
1529.442347,building index: loading tuples on disk,65776,64126,0,1154291,97.531,2113110016
1530.184463,building index: loading tuples on disk,65776,64162,0,1154488,97.547,2112929792
1530.869837,building index: loading tuples on disk,65776,64165,0,1154688,97.564,2117378048
1531.615578,building index: loading tuples on disk,65776,64168,0,1154818,97.575,2117832704
1532.34667,building index: loading tuples on disk,65776,64170,0,1154937,97.585,2117742592
1533.173313,building index: loading tuples on disk,65776,64172,0,1155053,97.595,2117955584
1533.98798,building index: loading tuples on disk,65776,64174,0,1155162,97.604,2118311936
1534.759056,building index: loading tuples on disk,65776,64209,0,1155269,97.613,2118520832
1535.77477,building index: loading tuples on disk,65776,64211,0,1155377,97.623,2118340608
1536.627246,building index: loading tuples on disk,65776,64213,0,1155482,97.631,2118201344
1537.394128,building index: loading tuples on disk,65776,64215,0,1155616,97.643,2118217728
1538.134608,building index: loading tuples on disk,65776,64218,0,1155749,97.654,2118459392
1538.872112,building index: loading tuples on disk,65776,64220,0,1155880,97.665,2118787072
1539.604976,building index: loading tuples on disk,65776,64223,0,1156034,97.678,2118807552
1540.350214,building index: loading tuples on disk,65776,64258,0,1156188,97.691,2118348800
1541.127952,building index: loading tuples on disk,65776,64261,0,1156373,97.707,2118963200
1541.84309,building index: loading tuples on disk,65776,64264,0,1156520,97.719,2118344704
1542.686632,building index: loading tuples on disk,65776,64266,0,1156629,97.728,2119077888
1543.480007,building index: loading tuples on disk,65776,64268,0,1156732,97.737,2118860800
1544.296667,building index: loading tuples on disk,65776,64269,0,1156820,97.745,2119622656
1545.168903,building index: loading tuples on disk,65776,64271,0,1156896,97.751,2119434240
1546.333628,building index: loading tuples on disk,65776,64304,0,1156954,97.756,2119180288
1547.375775,building index: loading tuples on disk,65776,64305,0,1157038,97.763,2119200768
1548.247028,building index: loading tuples on disk,65776,64307,0,1157119,97.77,2119561216
1549.068422,building index: loading tuples on disk,65776,64309,0,1157218,97.778,2119340032
1549.981346,building index: loading tuples on disk,65776,64311,0,1157326,97.787,2119057408
1550.789868,building index: loading tuples on disk,65776,64313,0,1157437,97.797,2119659520
1551.585526,building index: loading tuples on disk,65776,64315,0,1157580,97.809,2119589888
1552.329375,building index: loading tuples on disk,65776,64318,0,1157730,97.821,2120036352
1553.052771,building index: loading tuples on disk,65776,64353,0,1157917,97.837,2120011776
1553.843102,building index: loading tuples on disk,65776,64356,0,1158054,97.849,2120749056
1554.558651,building index: loading tuples on disk,65776,64360,0,1158272,97.867,2120687616
1555.268627,building index: loading tuples on disk,65776,64364,0,1158472,97.884,2120646656
1556.001837,building index: loading tuples on disk,65776,64366,0,1158604,97.895,2121297920
1556.745311,building index: loading tuples on disk,65776,64402,0,1158793,97.911,2121023488
1557.431154,building index: loading tuples on disk,65776,64404,0,1158946,97.924,2121441280
1558.180504,building index: loading tuples on disk,65776,64407,0,1159078,97.935,2113417216
1559.07579,building index: loading tuples on disk,65776,64409,0,1159210,97.946,2113552384
1559.842805,building index: loading tuples on disk,65776,64412,0,1159358,97.959,2113462272
1560.624061,building index: loading tuples on disk,65776,64415,0,1159513,97.972,2114019328
1561.36044,building index: loading tuples on disk,65776,64451,0,1159718,97.989,2113458176
1562.041131,building index: loading tuples on disk,65776,64454,0,1159911,98.006,2115092480
1562.720183,building index: loading tuples on disk,65776,64458,0,1160095,98.021,2115989504
1563.393753,building index: loading tuples on disk,65776,64462,0,1160313,98.04,2115469312
1564.080648,building index: loading tuples on disk,65776,64497,0,1160464,98.052,2115014656
1564.835949,building index: loading tuples on disk,65776,64499,0,1160605,98.064,2115743744
1565.590721,building index: loading tuples on disk,65776,64501,0,1160707,98.073,2118008832
1566.459278,building index: loading tuples on disk,65776,64503,0,1160821,98.083,2118107136
1567.342389,building index: loading tuples on disk,65776,64505,0,1160917,98.091,2117656576
1568.118536,building index: loading tuples on disk,65776,64508,0,1161050,98.102,2117812224
1568.899593,building index: loading tuples on disk,65776,64510,0,1161157,98.111,2118037504
1569.776695,building index: loading tuples on disk,65776,64544,0,1161291,98.122,2118254592
1570.519127,building index: loading tuples on disk,65776,64546,0,1161415,98.133,2118709248
1571.344431,building index: loading tuples on disk,65776,64548,0,1161528,98.142,2118590464
1572.187277,building index: loading tuples on disk,65776,64551,0,1161680,98.155,2118496256
1572.941064,building index: loading tuples on disk,65776,64555,0,1161863,98.171,2119163904
1573.683144,building index: loading tuples on disk,65776,64557,0,1162009,98.183,2118430720
1574.421643,building index: loading tuples on disk,65776,64592,0,1162152,98.195,2119053312
1575.157359,building index: loading tuples on disk,65776,64595,0,1162324,98.21,2118733824
1575.885198,building index: loading tuples on disk,65776,64599,0,1162532,98.227,2123431936
1576.57023,building index: loading tuples on disk,65776,64603,0,1162741,98.245,2123767808
1577.302013,building index: loading tuples on disk,65776,64607,0,1162915,98.26,2127007744
1578.039755,building index: loading tuples on disk,65776,64641,0,1163056,98.271,2123718656
1578.76904,building index: loading tuples on disk,65776,64644,0,1163206,98.284,2123177984
1579.50129,building index: loading tuples on disk,65776,64647,0,1163346,98.296,2123591680
1580.324732,building index: loading tuples on disk,65776,64649,0,1163459,98.305,2124005376
1581.106354,building index: loading tuples on disk,65776,64651,0,1163577,98.315,2124132352
1581.999939,building index: loading tuples on disk,65776,64653,0,1163683,98.324,2124001280
1582.815769,building index: loading tuples on disk,65776,64655,0,1163788,98.333,2124312576
1583.698844,building index: loading tuples on disk,65776,64688,0,1163867,98.34,2124898304
1584.496877,building index: loading tuples on disk,65776,64690,0,1163948,98.347,2124869632
1585.413095,building index: loading tuples on disk,65776,64691,0,1164025,98.353,2124255232
1586.389835,building index: loading tuples on disk,65776,64693,0,1164120,98.361,2124443648
1587.257069,building index: loading tuples on disk,65776,64695,0,1164233,98.371,2124808192
1588.026734,building index: loading tuples on disk,65776,64697,0,1164349,98.381,2124939264
1588.786402,building index: loading tuples on disk,65776,64699,0,1164484,98.392,2125111296
1589.63521,building index: loading tuples on disk,65776,64702,0,1164603,98.402,2128400384
1590.474276,building index: loading tuples on disk,65776,64736,0,1164742,98.414,2124689408
1591.203578,building index: loading tuples on disk,65776,64739,0,1164916,98.429,2124886016
1591.954746,building index: loading tuples on disk,65776,64741,0,1165024,98.438,2125070336
1592.783427,building index: loading tuples on disk,65776,64743,0,1165136,98.447,2124967936
1593.621969,building index: loading tuples on disk,65776,64746,0,1165258,98.457,2125033472
1594.381924,building index: loading tuples on disk,65776,64747,0,1165358,98.466,2125324288
1595.302287,building index: loading tuples on disk,65776,64749,0,1165431,98.472,2125123584
1596.156994,building index: loading tuples on disk,65776,64750,0,1165504,98.478,2125750272
1597.229074,building index: loading tuples on disk,65776,64751,0,1165589,98.485,2125713408
1598.120777,building index: loading tuples on disk,65776,64785,0,1165666,98.492,2128846848
1599.0532,building index: loading tuples on disk,65776,64786,0,1165749,98.499,2125762560
1599.881272,building index: loading tuples on disk,65776,64789,0,1165864,98.509,2125676544
1600.736022,building index: loading tuples on disk,65776,64790,0,1165967,98.517,2126389248
1601.578472,building index: loading tuples on disk,65776,64793,0,1166085,98.527,2126139392
1602.320213,building index: loading tuples on disk,65776,64797,0,1166286,98.544,2126188544
1603.008986,building index: loading tuples on disk,65776,64817,0,1166498,98.562,2117844992
1603.819849,building index: loading tuples on disk,65776,64819,0,1166656,98.576,2118160384
1604.536113,building index: loading tuples on disk,65776,64822,0,1166795,98.587,2118336512
1605.298253,building index: loading tuples on disk,65776,64841,0,1166953,98.601,2118533120
1606.023079,building index: loading tuples on disk,65776,64844,0,1167104,98.613,2118721536
1606.770322,building index: loading tuples on disk,65776,64846,0,1167250,98.626,2120523776
1607.492579,building index: loading tuples on disk,65776,64866,0,1167432,98.641,2120720384
1608.184984,building index: loading tuples on disk,65776,64868,0,1167529,98.649,2120642560
1609.009512,building index: loading tuples on disk,65776,64870,0,1167638,98.659,2120404992
1609.747317,building index: loading tuples on disk,65776,64881,0,1167802,98.672,2121134080
1610.489132,building index: loading tuples on disk,65776,64884,0,1167958,98.686,2120495104
1611.255403,building index: loading tuples on disk,65776,64887,0,1168109,98.698,2120495104
1611.995501,building index: loading tuples on disk,65776,64913,0,1168243,98.71,2121048064
1612.693845,building index: loading tuples on disk,65776,64915,0,1168377,98.721,2123255808
1613.5094,building index: loading tuples on disk,65776,64918,0,1168520,98.733,2124431360
1614.25636,building index: loading tuples on disk,65776,64937,0,1168659,98.745,2124189696
1615.01238,building index: loading tuples on disk,65776,64939,0,1168783,98.755,2124513280
1615.892601,building index: loading tuples on disk,65776,64941,0,1168902,98.765,2125295616
1616.714039,building index: loading tuples on disk,65776,64943,0,1169002,98.774,2124832768
1617.620426,building index: loading tuples on disk,65776,64961,0,1169090,98.781,2124967936
1618.398883,building index: loading tuples on disk,65776,64964,0,1169232,98.793,2125299712
1619.156805,building index: loading tuples on disk,65776,64966,0,1169379,98.806,2124566528
1619.884573,building index: loading tuples on disk,65776,64986,0,1169557,98.821,2125008896
1620.563899,building index: loading tuples on disk,65776,64990,0,1169805,98.842,2125070336
1621.299501,building index: loading tuples on disk,65776,65010,0,1169986,98.857,2125484032
1622.015437,building index: loading tuples on disk,65776,65013,0,1170181,98.873,2126090240
1622.688194,building index: loading tuples on disk,65776,65033,0,1170388,98.891,2125504512
1623.397789,building index: loading tuples on disk,65776,65036,0,1170558,98.905,2127998976
1624.130848,building index: loading tuples on disk,65776,65039,0,1170730,98.92,2128003072
1624.864884,building index: loading tuples on disk,65776,65058,0,1170850,98.93,2128310272
1625.636665,building index: loading tuples on disk,65776,65060,0,1170989,98.942,2128281600
1626.390907,building index: loading tuples on disk,65776,65080,0,1171178,98.958,2129006592
1627.119928,building index: loading tuples on disk,65776,65082,0,1171313,98.969,2128613376
1627.837594,building index: loading tuples on disk,65776,65085,0,1171448,98.98,2128216064
1628.586648,building index: loading tuples on disk,65776,65104,0,1171629,98.996,2128338944
1629.32336,building index: loading tuples on disk,65776,65107,0,1171765,99.007,2129137664
1630.103356,building index: loading tuples on disk,65776,65110,0,1171917,99.02,2129231872
1630.835702,building index: loading tuples on disk,65776,65129,0,1172108,99.036,2128740352
1631.605468,building index: loading tuples on disk,65776,65133,0,1172289,99.052,2128928768
1632.329668,building index: loading tuples on disk,65776,65152,0,1172472,99.067,2129141760
1633.083872,building index: loading tuples on disk,65776,65156,0,1172678,99.084,2129485824
1633.758473,building index: loading tuples on disk,65776,65176,0,1172886,99.102,2129813504
1634.456727,building index: loading tuples on disk,65776,65179,0,1173059,99.117,2129747968
1635.171771,building index: loading tuples on disk,65776,65183,0,1173274,99.135,2129612800
1635.852096,building index: loading tuples on disk,65776,65202,0,1173461,99.151,2129309696
1636.596669,building index: loading tuples on disk,65776,65205,0,1173635,99.165,2130079744
1637.327907,building index: loading tuples on disk,65776,65225,0,1173806,99.18,2130710528
1638.056868,building index: loading tuples on disk,65776,65227,0,1173961,99.193,2130194432
1638.767573,building index: loading tuples on disk,65776,65231,0,1174165,99.21,2130948096
1639.621171,building index: loading tuples on disk,65776,65251,0,1174356,99.226,2130366464
1640.302337,building index: loading tuples on disk,65776,65255,0,1174571,99.244,2131017728
1640.991936,building index: loading tuples on disk,65776,65274,0,1174747,99.259,2130997248
1641.709071,building index: loading tuples on disk,65776,65278,0,1174961,99.277,2131312640
1642.400768,building index: loading tuples on disk,65776,65293,0,1175130,99.292,2131656704
1643.122466,building index: loading tuples on disk,65776,65295,0,1175262,99.303,2131341312
1643.902548,building index: loading tuples on disk,65776,65302,0,1175394,99.314,2131914752
1644.78437,building index: loading tuples on disk,65776,65312,0,1175507,99.323,2131599360
1645.510195,building index: loading tuples on disk,65776,65315,0,1175651,99.336,2132140032
1646.492158,building index: loading tuples on disk,65776,65325,0,1175768,99.346,2131484672
1647.203356,building index: loading tuples on disk,65776,65327,0,1175897,99.356,2131791872
1647.968047,building index: loading tuples on disk,65776,65338,0,1176035,99.368,2125316096
1648.812366,building index: loading tuples on disk,65776,65348,0,1176172,99.38,2125787136
1649.545693,building index: loading tuples on disk,65776,65351,0,1176303,99.391,2125836288
1650.488687,building index: loading tuples on disk,65776,65356,0,1176393,99.398,2126647296
1651.45725,building index: loading tuples on disk,65776,65358,0,1176483,99.406,2126766080
1652.347398,building index: loading tuples on disk,65776,65359,0,1176544,99.411,2127101952
1653.255497,building index: loading tuples on disk,65776,65373,0,1176644,99.42,2126954496
1654.101704,building index: loading tuples on disk,65776,65375,0,1176759,99.429,2127396864
1655.023893,building index: loading tuples on disk,65776,65381,0,1176860,99.438,2126725120
1656.009732,building index: loading tuples on disk,65776,65382,0,1176950,99.445,2127450112
1656.894537,building index: loading tuples on disk,65776,65392,0,1177037,99.453,2127159296
1657.708272,building index: loading tuples on disk,65776,65394,0,1177139,99.461,2126807040
1658.510867,building index: loading tuples on disk,65776,65412,0,1177221,99.468,2127605760
1659.628026,building index: loading tuples on disk,65776,65414,0,1177337,99.478,2127024128
1660.40376,building index: loading tuples on disk,65776,65420,0,1177464,99.489,2127175680
1661.247542,building index: loading tuples on disk,65776,65423,0,1177589,99.499,2128191488
1662.003517,building index: loading tuples on disk,65776,65437,0,1177712,99.51,2128502784
1662.753566,building index: loading tuples on disk,65776,65439,0,1177840,99.521,2128691200
1663.564823,building index: loading tuples on disk,65776,65458,0,1177985,99.533,2128936960
1664.329827,building index: loading tuples on disk,65776,65472,0,1178134,99.545,2129043456
1665.062666,building index: loading tuples on disk,65776,65475,0,1178276,99.557,2128994304
1665.831905,building index: loading tuples on disk,65776,65490,0,1178404,99.568,2129100800
1666.622856,building index: loading tuples on disk,65776,65504,0,1178512,99.577,2129440768
1667.466165,building index: loading tuples on disk,65776,65506,0,1178621,99.587,2129141760
1668.228121,building index: loading tuples on disk,65776,65520,0,1178765,99.599,2129457152
1669.052989,building index: loading tuples on disk,65776,65521,0,1178783,99.6,2129457152
1672.428195,building index: loading tuples on disk,65776,65522,0,1178851,99.606,2129477632
1673.566227,building index: loading tuples on disk,65776,65532,0,1178933,99.613,2130067456
1674.427766,building index: loading tuples on disk,65776,65533,0,1179027,99.621,2130509824
1675.203077,building index: loading tuples on disk,65776,65539,0,1179137,99.63,2130497536
1675.984291,building index: loading tuples on disk,65776,65545,0,1179245,99.639,2130468864
1676.841627,building index: loading tuples on disk,65776,65551,0,1179351,99.648,2130534400
1677.602362,building index: loading tuples on disk,65776,65557,0,1179468,99.658,2130907136
1678.357836,building index: loading tuples on disk,65776,65563,0,1179576,99.667,2130665472
1679.132135,building index: loading tuples on disk,65776,65571,0,1179681,99.676,2130485248
1680.074189,building index: loading tuples on disk,65776,65577,0,1179796,99.686,2130231296
1680.845118,building index: loading tuples on disk,65776,65586,0,1179908,99.695,2130522112
1681.747332,building index: loading tuples on disk,65776,65590,0,1180014,99.704,2130231296
1682.508569,building index: loading tuples on disk,65776,65594,0,1180127,99.714,2130931712
1683.289388,building index: loading tuples on disk,65776,65598,0,1180241,99.723,2130898944
1684.0402,building index: loading tuples on disk,65776,65604,0,1180346,99.732,2130948096
1684.815987,building index: loading tuples on disk,65776,65608,0,1180453,99.741,2131091456
1685.60193,building index: loading tuples on disk,65776,65614,0,1180575,99.752,2131206144
1686.351119,building index: loading tuples on disk,65776,65618,0,1180690,99.761,2131542016
1687.200111,building index: loading tuples on disk,65776,65624,0,1180786,99.769,2132029440
1687.995938,building index: loading tuples on disk,65776,65628,0,1180904,99.779,2131836928
1688.900814,building index: loading tuples on disk,65776,65630,0,1180990,99.787,2131378176
1695.079334,building index: loading tuples on disk,65776,65631,0,1181028,99.79,2128732160
1696.646779,building index: loading tuples on disk,65776,65631,0,1181077,99.794,2129104896
1697.575974,building index: loading tuples on disk,65776,65633,0,1181158,99.801,2129465344
1698.351332,building index: loading tuples on disk,65776,65635,0,1181272,99.811,2129297408
1699.124471,building index: loading tuples on disk,65776,65638,0,1181406,99.822,2129371136
1699.872822,building index: loading tuples on disk,65776,65640,0,1181512,99.831,2129559552
1700.72965,building index: loading tuples on disk,65776,65641,0,1181586,99.837,2129199104
1701.663472,building index: loading tuples on disk,65776,65643,0,1181681,99.845,2129543168
1702.484039,building index: loading tuples on disk,65776,65647,0,1181784,99.854,2129555456
1703.349832,building index: loading tuples on disk,65776,65649,0,1181883,99.862,2129395712
1704.204048,building index: loading tuples on disk,65776,65650,0,1181989,99.871,2130198528
1704.97541,building index: loading tuples on disk,65776,65653,0,1182105,99.881,2129940480
1705.823308,building index: loading tuples on disk,65776,65654,0,1182178,99.887,2128617472
1706.783995,building index: loading tuples on disk,65776,65656,0,1182242,99.893,2129010688
1707.579871,building index: loading tuples on disk,65776,65658,0,1182317,99.899,2129166336
1708.332966,building index: loading tuples on disk,65776,65661,0,1182393,99.905,2128687104
1709.237782,building index: loading tuples on disk,65776,65664,0,1182450,99.91,2128912384
1710.177868,building index: loading tuples on disk,65776,65666,0,1182527,99.917,2128891904
1710.969273,building index: loading tuples on disk,65776,65668,0,1182592,99.922,2129010688
1711.739022,building index: loading tuples on disk,65776,65670,0,1182651,99.927,2129006592
1712.572237,building index: loading tuples on disk,65776,65672,0,1182747,99.935,2129223680
1713.287226,building index: loading tuples on disk,65776,65676,0,1182813,99.941,2126970880
1714.081385,building index: loading tuples on disk,65776,65679,0,1182869,99.946,2127904768
1714.793515,building index: loading tuples on disk,65776,65683,0,1182917,99.95,2127659008
1715.625094,building index: loading tuples on disk,65776,65685,0,1182952,99.953,2127773696
1716.674794,building index: loading tuples on disk,65776,65687,0,1182989,99.956,2127949824
1717.456939,building index: loading tuples on disk,65776,65689,0,1183027,99.959,2127761408
1718.232939,building index: loading tuples on disk,65776,65692,0,1183068,99.962,2127732736
1718.989583,building index: loading tuples on disk,65776,65694,0,1183103,99.965,2127925248
1719.751832,building index: loading tuples on disk,65776,65696,0,1183147,99.969,2127773696
1720.469926,building index: loading tuples on disk,65776,65700,0,1183204,99.974,2127933440
1721.164807,building index: loading tuples on disk,65776,65704,0,1183275,99.98,2127839232
1721.859134,building index: loading tuples on disk,65776,65711,0,1183324,99.984,2128134144
1722.606304,building index: loading tuples on disk,65776,65713,0,1183366,99.987,2127732736
1723.346281,building index: loading tuples on disk,65776,65715,0,1183405,99.991,2127773696
1724.118913,building index: loading tuples on disk,65776,65736,0,1183450,99.995,2127679488
1724.86264,building index: loading tuples on disk,65776,65739,0,1183505,99.999,2128076800
1725.587695,building index: writing index pages to WAL,65776,65776,0,1183514,100.0,1122291712
1726.296906,building index: writing index pages to WAL,65776,65776,0,1183514,100.0,1323925504
1726.999754,building index: writing index pages to WAL,65776,65776,0,1183514,100.0,1480458240
1727.826407,building index: writing index pages to WAL,65776,65776,0,1183514,100.0,1608617984
1728.56894,building index: writing index pages to WAL,65776,65776,0,1183514,100.0,1736658944
1729.420004,building index: writing index pages to WAL,65776,65776,0,1183514,100.0,1846312960
