elapsed_seconds,phase,blocks_total,blocks_done,tuples_total,tuples_done,tuple_progress_percent,container_memory_bytes
0.005081,building index: loading tuples in memory,0,0,0,0,0.0,1878700032
0.654673,building index: loading tuples in memory,65776,214,0,4577,0.387,2916102144
1.360826,building index: loading tuples in memory,65776,471,0,8074,0.682,2916085760
2.100056,building index: loading tuples in memory,65776,675,0,12145,1.026,2916114432
2.877295,building index: loading tuples in memory,65776,874,0,15959,1.348,2916155392
3.568846,building index: loading tuples in memory,65776,1056,0,18840,1.592,2915876864
4.285916,building index: loading tuples in memory,65776,1263,0,23188,1.959,2916175872
4.99084,building index: loading tuples in memory,65776,1464,0,27090,2.289,1255358464
5.992771,building index: loading tuples in memory,65776,1646,0,30037,2.538,1259737088
6.768834,building index: loading tuples in memory,65776,1757,0,32560,2.751,1263144960
7.489236,building index: loading tuples in memory,65776,1931,0,35115,2.967,1267998720
8.23219,building index: loading tuples in memory,65776,2119,0,38339,3.239,1268297728
8.940845,building index: loading tuples in memory,65776,2324,0,42452,3.587,1273122816
9.598174,building index: loading tuples in memory,65776,2522,0,46140,3.899,1273393152
10.289312,building index: loading tuples in memory,65776,2716,0,49675,4.197,1277693952
10.98288,building index: loading tuples in memory,65776,2908,0,53058,4.483,1278504960
11.682481,building index: loading tuples in memory,65776,3084,0,55616,4.699,1279012864
12.409961,building index: loading tuples in memory,65776,3194,0,58071,4.907,1279758336
13.214427,building index: loading tuples in memory,65776,3369,0,60586,5.119,1283903488
13.986033,building index: loading tuples in memory,65776,3484,0,63307,5.349,1284423680
14.719661,building index: loading tuples in memory,65776,3663,0,66060,5.582,1285341184
15.408526,building index: loading tuples in memory,65776,3858,0,69692,5.889,1289437184
16.086039,building index: loading tuples in memory,65776,4040,0,72577,6.132,1289965568
16.800301,building index: loading tuples in memory,65776,4158,0,75508,6.38,1290469376
17.488672,building index: loading tuples in memory,65776,4419,0,79216,6.693,1295077376
18.188788,building index: loading tuples in memory,65776,4536,0,82011,6.929,1295630336
18.893604,building index: loading tuples in memory,65776,4705,0,84186,7.113,1295761408
19.678533,building index: loading tuples in memory,65776,4811,0,86401,7.3,1300750336
20.432454,building index: loading tuples in memory,65776,4923,0,88969,7.517,1301164032
21.165387,building index: loading tuples in memory,65776,5099,0,91556,7.736,1301843968
21.872223,building index: loading tuples in memory,65776,5298,0,95397,8.06,1302179840
22.530445,building index: loading tuples in memory,65776,5494,0,99098,8.373,1307009024
23.210136,building index: loading tuples in memory,65776,5691,0,102767,8.683,1307951104
23.876854,building index: loading tuples in memory,65776,5958,0,106718,9.017,1312444416
24.540817,building index: loading tuples in memory,65776,6149,0,110015,9.296,1313669120
25.254215,building index: loading tuples in memory,65776,6256,0,112312,9.49,1314033664
25.982426,building index: loading tuples in memory,65776,6361,0,114528,9.677,1319337984
26.714173,building index: loading tuples in memory,65776,6529,0,116687,9.859,1319292928
27.42679,building index: loading tuples in memory,65776,6636,0,118953,10.051,1319747584
28.140757,building index: loading tuples in memory,65776,6829,0,122473,10.348,1319915520
28.835474,building index: loading tuples in memory,65776,6996,0,126262,10.668,1324589056
29.519611,building index: loading tuples in memory,65776,7187,0,129553,10.946,1325371392
30.207929,building index: loading tuples in memory,65776,7386,0,133308,11.264,1329827840
30.873084,building index: loading tuples in memory,65776,7580,0,136808,11.559,1329901568
31.561482,building index: loading tuples in memory,65776,7754,0,139236,11.765,1331085312
32.277653,building index: loading tuples in memory,65776,7861,0,141471,11.953,1335885824
33.04628,building index: loading tuples in memory,65776,7966,0,143603,12.134,1336348672
33.784904,building index: loading tuples in memory,65776,8135,0,145855,12.324,1336643584
34.530249,building index: loading tuples in memory,65776,8253,0,148739,12.568,1336926208
35.225466,building index: loading tuples in memory,65776,8447,0,152253,12.864,1342251008
35.882696,building index: loading tuples in memory,65776,8629,0,155145,13.109,1341845504
36.570436,building index: loading tuples in memory,65776,8822,0,158631,13.403,1342488576
37.244337,building index: loading tuples in memory,65776,9020,0,162342,13.717,1347387392
37.919535,building index: loading tuples in memory,65776,9196,0,164971,13.939,1347612672
38.624378,building index: loading tuples in memory,65776,9300,0,167165,14.124,1348059136
39.361458,building index: loading tuples in memory,65776,9403,0,169274,14.303,1352667136
40.174083,building index: loading tuples in memory,65776,9550,0,171952,14.529,1353392128
40.901625,building index: loading tuples in memory,65776,9728,0,174661,14.758,1353846784
41.584663,building index: loading tuples in memory,65776,9923,0,178210,15.058,1354092544
42.274458,building index: loading tuples in memory,65776,10115,0,181657,15.349,1358778368
42.941768,building index: loading tuples in memory,65776,10306,0,185033,15.634,1358970880
43.603422,building index: loading tuples in memory,65776,10500,0,188538,15.93,1363615744
44.28959,building index: loading tuples in memory,65776,10688,0,191706,16.198,1364254720
45.102498,building index: loading tuples in memory,65776,10794,0,193958,16.388,1364729856
45.832535,building index: loading tuples in memory,65776,10894,0,195903,16.553,1365614592
46.574091,building index: loading tuples in memory,65776,11003,0,198284,16.754,1369878528
47.303092,building index: loading tuples in memory,65776,11176,0,200668,16.955,1371033600
48.016616,building index: loading tuples in memory,65776,11368,0,204039,17.24,1371299840
48.684862,building index: loading tuples in memory,65776,11564,0,207677,17.547,1376313344
49.369883,building index: loading tuples in memory,65776,11755,0,211004,17.829,1376313344
50.043621,building index: loading tuples in memory,65776,11951,0,214664,18.138,1376813056
50.70729,building index: loading tuples in memory,65776,12145,0,218136,18.431,1250021376
51.430589,building index: loading tuples in memory,65776,12289,0,220684,18.647,1254342656
52.145953,building index: loading tuples in memory,65776,12392,0,222761,18.822,1255006208
52.882278,building index: loading tuples in memory,65776,12490,0,224629,18.98,1262522368
53.600896,building index: loading tuples in memory,65776,12593,0,226751,19.159,1263583232
54.333641,building index: loading tuples in memory,65776,12772,0,229420,19.385,1263439872
55.015078,building index: loading tuples in memory,65776,12963,0,232834,19.673,1263853568
55.691098,building index: loading tuples in memory,65776,13152,0,236077,19.947,1268510720
56.382559,building index: loading tuples in memory,65776,13277,0,239375,20.226,1268707328
57.089941,building index: loading tuples in memory,65776,13469,0,242767,20.512,1273421824
57.774524,building index: loading tuples in memory,65776,13647,0,245449,20.739,1273520128
58.476277,building index: loading tuples in memory,65776,13746,0,247380,20.902,1274683392
59.20333,building index: loading tuples in memory,65776,13849,0,249479,21.08,1275113472
59.953534,building index: loading tuples in memory,65776,14025,0,252003,21.293,1279426560
60.682367,building index: loading tuples in memory,65776,14139,0,254687,21.52,1279954944
61.359968,building index: loading tuples in memory,65776,14328,0,257966,21.797,1280651264
62.032173,building index: loading tuples in memory,65776,14519,0,261347,22.082,1280663552
62.696366,building index: loading tuples in memory,65776,14710,0,264705,22.366,1286045696
63.355553,building index: loading tuples in memory,65776,14908,0,268515,22.688,1286017024
64.011743,building index: loading tuples in memory,65776,15093,0,271608,22.949,1290584064
64.723062,building index: loading tuples in memory,65776,15194,0,273583,23.116,1291374592
65.474033,building index: loading tuples in memory,65776,15288,0,275307,23.262,1292468224
66.307243,building index: loading tuples in memory,65776,15391,0,277411,23.44,1292509184
67.079684,building index: loading tuples in memory,65776,15568,0,280060,23.663,1296674816
67.766231,building index: loading tuples in memory,65776,15763,0,283687,23.97,1297321984
68.424328,building index: loading tuples in memory,65776,15959,0,287348,24.279,1298067456
69.091689,building index: loading tuples in memory,65776,16153,0,290816,24.572,1302704128
69.761962,building index: loading tuples in memory,65776,16347,0,294416,24.876,1302958080
70.432016,building index: loading tuples in memory,65776,16529,0,297328,25.122,1303031808
71.156224,building index: loading tuples in memory,65776,16636,0,299640,25.318,1308270592
71.912475,building index: loading tuples in memory,65776,16800,0,301659,25.488,1308839936
72.638578,building index: loading tuples in memory,65776,16903,0,303760,25.666,1308905472
73.360263,building index: loading tuples in memory,65776,17008,0,305903,25.847,1309655040
74.08768,building index: loading tuples in memory,65776,17194,0,309014,26.11,1313918976
74.757535,building index: loading tuples in memory,65776,17387,0,312505,26.405,1314836480
75.432056,building index: loading tuples in memory,65776,17574,0,315712,26.676,1315602432
76.111259,building index: loading tuples in memory,65776,17769,0,319360,26.984,1319768064
76.769727,building index: loading tuples in memory,65776,17961,0,322777,27.273,1320681472
77.458117,building index: loading tuples in memory,65776,18075,0,325522,27.505,1320603648
78.172229,building index: loading tuples in memory,65776,18243,0,327700,27.689,1325588480
78.944844,building index: loading tuples in memory,65776,18343,0,329640,27.853,1326112768
79.663952,building index: loading tuples in memory,65776,18443,0,331631,28.021,1326678016
80.364817,building index: loading tuples in memory,65776,18559,0,334438,28.258,1326866432
81.038492,building index: loading tuples in memory,65776,18747,0,337717,28.535,1331503104
81.703584,building index: loading tuples in memory,65776,18932,0,340832,28.798,1332277248
82.380464,building index: loading tuples in memory,65776,19119,0,344054,29.071,1332494336
83.042599,building index: loading tuples in memory,65776,19312,0,347594,29.37,1336758272
83.714373,building index: loading tuples in memory,65776,19492,0,350490,29.614,1336631296
84.402619,building index: loading tuples in memory,65776,19599,0,352888,29.817,1336647680
85.125035,building index: loading tuples in memory,65776,19699,0,354881,29.985,1341231104
85.870991,building index: loading tuples in memory,65776,19802,0,357042,30.168,1341681664
86.59826,building index: loading tuples in memory,65776,19971,0,359258,30.355,1341513728
87.328041,building index: loading tuples in memory,65776,20088,0,362142,30.599,1341390848
87.99468,building index: loading tuples in memory,65776,20278,0,365547,30.887,1345429504
88.674018,building index: loading tuples in memory,65776,20465,0,368704,31.153,1345433600
89.335789,building index: loading tuples in memory,65776,20658,0,372205,31.449,1349562368
90.001248,building index: loading tuples in memory,65776,20849,0,375615,31.737,1349808128
90.689483,building index: loading tuples in memory,65776,21026,0,378301,31.964,1349902336
91.391614,building index: loading tuples in memory,65776,21126,0,380277,32.131,1349660672
92.135893,building index: loading tuples in memory,65776,21229,0,382299,32.302,1354178560
92.913179,building index: loading tuples in memory,65776,21336,0,384606,32.497,1353527296
93.655043,building index: loading tuples in memory,65776,21513,0,387243,32.72,1353871360
94.340086,building index: loading tuples in memory,65776,21705,0,390632,33.006,1357971456
95.019577,building index: loading tuples in memory,65776,21892,0,393854,33.278,1357885440
95.704203,building index: loading tuples in memory,65776,22083,0,397163,33.558,1248960512
96.393679,building index: loading tuples in memory,65776,22272,0,400501,33.84,1252503552
97.089494,building index: loading tuples in memory,65776,22383,0,403055,34.056,1256964096
97.802681,building index: loading tuples in memory,65776,22484,0,405051,34.224,1256886272
98.541678,building index: loading tuples in memory,65776,22587,0,407209,34.407,1256603648
99.27478,building index: loading tuples in memory,65776,22759,0,409597,34.609,1261039616
99.982131,building index: loading tuples in memory,65776,22869,0,412049,34.816,1261125632
100.664534,building index: loading tuples in memory,65776,23058,0,415315,35.092,1260986368
101.319542,building index: loading tuples in memory,65776,23250,0,418747,35.382,1261219840
101.986157,building index: loading tuples in memory,65776,23434,0,421807,35.64,1265356800
102.649705,building index: loading tuples in memory,65776,23628,0,425301,35.935,1265254400
103.307261,building index: loading tuples in memory,65776,23818,0,428648,36.218,1269293056
104.007046,building index: loading tuples in memory,65776,23928,0,431077,36.423,1269444608
104.715433,building index: loading tuples in memory,65776,24029,0,433042,36.59,1268912128
105.463817,building index: loading tuples in memory,65776,24193,0,435033,36.758,1269395456
106.189784,building index: loading tuples in memory,65776,24297,0,437160,36.937,1273884672
106.913669,building index: loading tuples in memory,65776,24481,0,440127,37.188,1273348096
107.575666,building index: loading tuples in memory,65776,24672,0,443523,37.475,1273769984
108.252164,building index: loading tuples in memory,65776,24793,0,446652,37.739,1277915136
108.930242,building index: loading tuples in memory,65776,24988,0,450249,38.043,1278140416
109.582818,building index: loading tuples in memory,65776,25183,0,453838,38.347,1277956096
110.245379,building index: loading tuples in memory,65776,25362,0,456595,38.58,1281781760
110.934718,building index: loading tuples in memory,65776,25466,0,458694,38.757,1282179072
111.690607,building index: loading tuples in memory,65776,25566,0,460630,38.921,1281818624
112.533521,building index: loading tuples in memory,65776,25734,0,462815,39.105,1282269184
113.266346,building index: loading tuples in memory,65776,25847,0,465507,39.333,1287032832
113.948752,building index: loading tuples in memory,65776,26038,0,468858,39.616,1287102464
114.691676,building index: loading tuples in memory,65776,26221,0,471873,39.871,1286930432
115.378827,building index: loading tuples in memory,65776,26412,0,475242,40.155,1291661312
116.037538,building index: loading tuples in memory,65776,26602,0,478644,40.443,1291309056
116.723204,building index: loading tuples in memory,65776,26710,0,480979,40.64,1291337728
117.434377,building index: loading tuples in memory,65776,26880,0,483219,40.829,1290825728
118.153117,building index: loading tuples in memory,65776,26976,0,484969,40.977,1295224832
118.89747,building index: loading tuples in memory,65776,27082,0,487308,41.175,1295540224
119.613019,building index: loading tuples in memory,65776,27190,0,489685,41.376,1295220736
120.308012,building index: loading tuples in memory,65776,27378,0,492831,41.641,1299644416
120.986108,building index: loading tuples in memory,65776,27567,0,496114,41.919,1299361792
121.669639,building index: loading tuples in memory,65776,27754,0,499249,42.184,1299759104
122.339575,building index: loading tuples in memory,65776,27945,0,502604,42.467,1303879680
122.99691,building index: loading tuples in memory,65776,28132,0,505797,42.737,1303941120
123.687363,building index: loading tuples in memory,65776,28243,0,508320,42.95,1303535616
124.390255,building index: loading tuples in memory,65776,28341,0,510151,43.105,1304117248
125.11531,building index: loading tuples in memory,65776,28446,0,512335,43.289,1308311552
125.899767,building index: loading tuples in memory,65776,28612,0,514355,43.46,1307787264
126.634864,building index: loading tuples in memory,65776,28727,0,517106,43.692,1308041216
127.307101,building index: loading tuples in memory,65776,28917,0,520358,43.967,1311870976
127.985824,building index: loading tuples in memory,65776,29103,0,523509,44.233,1311993856
128.648685,building index: loading tuples in memory,65776,29292,0,526778,44.51,1312313344
129.30225,building index: loading tuples in memory,65776,29481,0,530115,44.792,1315926016
129.979225,building index: loading tuples in memory,65776,29590,0,532600,45.002,1316179968
130.715284,building index: loading tuples in memory,65776,29687,0,534399,45.154,1315762176
131.473624,building index: loading tuples in memory,65776,29783,0,536202,45.306,1316106240
132.20258,building index: loading tuples in memory,65776,29886,0,538333,45.486,1316102144
132.924754,building index: loading tuples in memory,65776,30058,0,540735,45.689,1320456192
133.589173,building index: loading tuples in memory,65776,30246,0,544050,45.969,1320419328
134.251535,building index: loading tuples in memory,65776,30435,0,547374,46.25,1320513536
134.927315,building index: loading tuples in memory,65776,30558,0,550532,46.517,1325002752
135.585276,building index: loading tuples in memory,65776,30750,0,553993,46.809,1324707840
136.254718,building index: loading tuples in memory,65776,30937,0,557193,47.08,1328791552
136.953101,building index: loading tuples in memory,65776,31107,0,559438,47.269,1328906240
137.681923,building index: loading tuples in memory,65776,31207,0,561371,47.433,1329188864
138.412705,building index: loading tuples in memory,65776,31314,0,563645,47.625,1329025024
139.142074,building index: loading tuples in memory,65776,31413,0,565495,47.781,1328644096
139.856873,building index: loading tuples in memory,65776,31591,0,568232,48.012,1333002240
140.52364,building index: loading tuples in memory,65776,31777,0,571360,48.277,1247023104
141.244672,building index: loading tuples in memory,65776,31892,0,574171,48.514,1255190528
141.913091,building index: loading tuples in memory,65776,32078,0,577302,48.779,1255137280
142.59131,building index: loading tuples in memory,65776,32258,0,580159,49.02,1255137280
143.311618,building index: loading tuples in memory,65776,32362,0,582291,49.2,1259417600
144.044238,building index: loading tuples in memory,65776,32464,0,584405,49.379,1259048960
144.82124,building index: loading tuples in memory,65776,32568,0,586464,49.553,1258921984
145.558147,building index: loading tuples in memory,65776,32738,0,588706,49.742,1259180032
146.277571,building index: loading tuples in memory,65776,32861,0,591784,50.002,1263591424
146.935279,building index: loading tuples in memory,65776,33049,0,594961,50.271,1263370240
147.613498,building index: loading tuples in memory,65776,33235,0,598106,50.536,1267572736
148.284159,building index: loading tuples in memory,65776,33427,0,601492,50.823,1267646464
148.943167,building index: loading tuples in memory,65776,33618,0,604920,51.112,1267884032
149.623496,building index: loading tuples in memory,65776,33794,0,607482,51.329,1267937280
150.337256,building index: loading tuples in memory,65776,33897,0,609580,51.506,1271881728
151.090244,building index: loading tuples in memory,65776,33994,0,611292,51.651,1271709696
151.851349,building index: loading tuples in memory,65776,34097,0,613360,51.825,1271955456
152.569169,building index: loading tuples in memory,65776,34272,0,615838,52.035,1272262656
153.260192,building index: loading tuples in memory,65776,34396,0,619066,52.307,1275957248
153.926327,building index: loading tuples in memory,65776,34584,0,622349,52.585,1275789312
154.59573,building index: loading tuples in memory,65776,34772,0,625591,52.859,1280356352
155.287025,building index: loading tuples in memory,65776,34963,0,628966,53.144,1280532480
155.98029,building index: loading tuples in memory,65776,35141,0,631619,53.368,1280319488
156.685626,building index: loading tuples in memory,65776,35242,0,633663,53.541,1280401408
157.445611,building index: loading tuples in memory,65776,35335,0,635198,53.671,1280147456
158.232719,building index: loading tuples in memory,65776,35440,0,637448,53.861,1284759552
158.938054,building index: loading tuples in memory,65776,35585,0,640037,54.079,1284562944
159.617638,building index: loading tuples in memory,65776,35738,0,643180,54.345,1284661248
160.278584,building index: loading tuples in memory,65776,35895,0,646446,54.621,1288900608
160.959117,building index: loading tuples in memory,65776,36112,0,649560,54.884,1288605696
161.617647,building index: loading tuples in memory,65776,36302,0,652908,55.167,1288441856
162.294163,building index: loading tuples in memory,65776,36485,0,655929,55.422,1293459456
162.990114,building index: loading tuples in memory,65776,36593,0,658262,55.619,1292726272
163.701457,building index: loading tuples in memory,65776,36689,0,660116,55.776,1293053952
164.460288,building index: loading tuples in memory,65776,36791,0,662164,55.949,1292353536
165.177285,building index: loading tuples in memory,65776,36892,0,664206,56.122,1297227776
165.887642,building index: loading tuples in memory,65776,37076,0,667212,56.376,1297326080
166.54935,building index: loading tuples in memory,65776,37266,0,670489,56.652,1296699392
167.213123,building index: loading tuples in memory,65776,37453,0,673686,56.923,1301295104
167.891613,building index: loading tuples in memory,65776,37641,0,676931,57.197,1301155840
168.556688,building index: loading tuples in memory,65776,37831,0,680289,57.48,1300836352
169.232,building index: loading tuples in memory,65776,37945,0,683071,57.715,1305845760
169.9833,building index: loading tuples in memory,65776,38044,0,684908,57.871,1305210880
170.74754,building index: loading tuples in memory,65776,38142,0,686694,58.022,1305210880
171.489752,building index: loading tuples in memory,65776,38310,0,688821,58.201,1305669632
172.208111,building index: loading tuples in memory,65776,38416,0,691123,58.396,1309421568
172.891228,building index: loading tuples in memory,65776,38602,0,694275,58.662,1309409280
173.55722,building index: loading tuples in memory,65776,38788,0,697385,58.925,1309773824
174.231765,building index: loading tuples in memory,65776,38907,0,700371,59.177,1313902592
174.921402,building index: loading tuples in memory,65776,39097,0,703687,59.457,1314082816
175.588479,building index: loading tuples in memory,65776,39279,0,706628,59.706,1314205696
176.298409,building index: loading tuples in memory,65776,39383,0,708839,59.893,1317994496
177.033043,building index: loading tuples in memory,65776,39482,0,710792,60.058,1318297600
177.76488,building index: loading tuples in memory,65776,39583,0,712753,60.223,1318092800
178.490375,building index: loading tuples in memory,65776,39750,0,714874,60.403,1318125568
179.190062,building index: loading tuples in memory,65776,39870,0,717911,60.659,1318043648
179.844271,building index: loading tuples in memory,65776,40056,0,721036,60.923,1322491904
180.531746,building index: loading tuples in memory,65776,40232,0,723511,61.132,1322659840
181.245941,building index: loading tuples in memory,65776,40418,0,726671,61.399,1322532864
181.905934,building index: loading tuples in memory,65776,40537,0,729563,61.644,1326612480
182.585609,building index: loading tuples in memory,65776,40707,0,731805,61.833,1326718976
183.289593,building index: loading tuples in memory,65776,40808,0,733827,62.004,1326501888
184.042581,building index: loading tuples in memory,65776,40906,0,735598,62.154,1328984064
185.011661,building index: loading tuples in memory,65776,41006,0,737626,62.325,1331093504
185.747893,building index: loading tuples in memory,65776,41188,0,740528,62.57,1246015488
186.438737,building index: loading tuples in memory,65776,41310,0,743696,62.838,1249206272
187.140014,building index: loading tuples in memory,65776,41494,0,746734,63.095,1253752832
187.81169,building index: loading tuples in memory,65776,41682,0,750032,63.373,1257582592
188.469126,building index: loading tuples in memory,65776,41870,0,753257,63.646,1258024960
189.159767,building index: loading tuples in memory,65776,41980,0,755751,63.857,1257381888
189.877504,building index: loading tuples in memory,65776,42146,0,757792,64.029,1261899776
190.627545,building index: loading tuples in memory,65776,42174,0,759299,64.156,1261715456
191.406743,building index: loading tuples in memory,65776,42266,0,760833,64.286,1261703168
192.155264,building index: loading tuples in memory,65776,42441,0,763368,64.5,1261682688
192.84179,building index: loading tuples in memory,65776,42627,0,766521,64.767,1265700864
193.511493,building index: loading tuples in memory,65776,42748,0,769599,65.027,1266323456
194.191138,building index: loading tuples in memory,65776,42935,0,772816,65.298,1266126848
194.852534,building index: loading tuples in memory,65776,43121,0,775961,65.564,1266114560
195.548617,building index: loading tuples in memory,65776,43296,0,778524,65.781,1270108160
196.246067,building index: loading tuples in memory,65776,43392,0,780246,65.926,1270099968
196.983707,building index: loading tuples in memory,65776,43490,0,782058,66.079,1270681600
197.725501,building index: loading tuples in memory,65776,43594,0,784194,66.26,1270370304
198.422508,building index: loading tuples in memory,65776,43703,0,786590,66.462,1274081280
199.109563,building index: loading tuples in memory,65776,43890,0,789779,66.732,1274490880
199.76713,building index: loading tuples in memory,65776,44076,0,792941,66.999,1274597376
200.433131,building index: loading tuples in memory,65776,44262,0,796040,67.261,1278373888
201.086954,building index: loading tuples in memory,65776,44452,0,799339,67.539,1278906368
201.737905,building index: loading tuples in memory,65776,44539,0,802273,67.787,1278664704
202.424347,building index: loading tuples in memory,65776,44742,0,804616,67.985,1278484480
203.121918,building index: loading tuples in memory,65776,44839,0,806393,68.135,1284018176
203.860859,building index: loading tuples in memory,65776,44938,0,808243,68.292,1283792896
204.579923,building index: loading tuples in memory,65776,45039,0,810230,68.46,1283571712
205.289927,building index: loading tuples in memory,65776,45154,0,812966,68.691,1283620864
205.952158,building index: loading tuples in memory,65776,45275,0,816122,68.958,1287294976
206.617368,building index: loading tuples in memory,65776,45495,0,819359,69.231,1287344128
207.288244,building index: loading tuples in memory,65776,45716,0,822658,69.51,1287507968
207.935344,building index: loading tuples in memory,65776,45906,0,826005,69.793,1287692288
208.591752,building index: loading tuples in memory,65776,46051,0,828712,70.021,1287421952
209.300406,building index: loading tuples in memory,65776,46183,0,830618,70.182,1287909376
210.027636,building index: loading tuples in memory,65776,46282,0,832489,70.34,1291698176
210.7812,building index: loading tuples in memory,65776,46384,0,834554,70.515,1291943936
211.496256,building index: loading tuples in memory,65776,46457,0,836818,70.706,1291907072
212.17987,building index: loading tuples in memory,65776,46673,0,839850,70.962,1292005376
212.855422,building index: loading tuples in memory,65776,46827,0,842982,71.227,1300287488
213.531594,building index: loading tuples in memory,65776,47040,0,845900,71.474,1300471808
214.232009,building index: loading tuples in memory,65776,47157,0,848777,71.717,1299963904
214.906515,building index: loading tuples in memory,65776,47299,0,851262,71.927,1304301568
215.626397,building index: loading tuples in memory,65776,47398,0,853178,72.089,1304432640
216.369142,building index: loading tuples in memory,65776,47499,0,855133,72.254,1305022464
217.138917,building index: loading tuples in memory,65776,47603,0,857339,72.44,1304502272
217.834821,building index: loading tuples in memory,65776,47704,0,859323,72.608,1304264704
218.542347,building index: loading tuples in memory,65776,47920,0,862378,72.866,1303793664
219.20854,building index: loading tuples in memory,65776,48110,0,865714,73.148,1304215552
219.874275,building index: loading tuples in memory,65776,48295,0,868829,73.411,1308602368
220.530722,building index: loading tuples in memory,65776,48484,0,872111,73.688,1308532736
221.188157,building index: loading tuples in memory,65776,48674,0,875429,73.969,1308688384
221.860839,building index: loading tuples in memory,65776,48784,0,877985,74.185,1312796672
222.575347,building index: loading tuples in memory,65776,48881,0,879730,74.332,1312710656
223.310599,building index: loading tuples in memory,65776,48978,0,881480,74.48,1312632832
224.044323,building index: loading tuples in memory,65776,49080,0,883496,74.65,1312940032
224.760211,building index: loading tuples in memory,65776,49255,0,886049,74.866,1312731136
225.424083,building index: loading tuples in memory,65776,49443,0,889267,75.138,1317126144
226.081845,building index: loading tuples in memory,65776,49565,0,892436,75.406,1317191680
226.744821,building index: loading tuples in memory,65776,49752,0,895565,75.67,1316990976
227.396456,building index: loading tuples in memory,65776,49942,0,898889,75.951,1317261312
228.048241,building index: loading tuples in memory,65776,50122,0,901766,76.194,1317359616
228.748143,building index: loading tuples in memory,65776,50225,0,903827,76.368,1317429248
229.491766,building index: loading tuples in memory,65776,50323,0,905671,76.524,1317945344
230.28199,building index: loading tuples in memory,65776,50426,0,907805,76.704,1318256640
231.015897,building index: loading tuples in memory,65776,50594,0,910027,76.892,1245388800
231.745079,building index: loading tuples in memory,65776,50718,0,913209,77.161,1245556736
232.448043,building index: loading tuples in memory,65776,50904,0,916297,77.422,1245282304
233.137447,building index: loading tuples in memory,65776,51087,0,919265,77.673,1245949952
233.799884,building index: loading tuples in memory,65776,51273,0,922391,77.937,1245708288
234.454891,building index: loading tuples in memory,65776,51391,0,925326,78.185,1246146560
235.148121,building index: loading tuples in memory,65776,51560,0,927602,78.377,1246203904
236.022073,building index: loading tuples in memory,65776,51660,0,929500,78.537,1246896128
236.844149,building index: loading tuples in memory,65776,51724,0,931231,78.684,1246220288
237.573165,building index: loading tuples in memory,65776,51860,0,933368,78.864,1246642176
238.264988,building index: loading tuples in memory,65776,52045,0,936436,79.123,1246806016
238.92601,building index: loading tuples in memory,65776,52231,0,939596,79.39,1247121408
239.59341,building index: loading tuples in memory,65776,52417,0,942751,79.657,1247469568
240.257038,building index: loading tuples in memory,65776,52540,0,945958,79.928,1247916032
240.917162,building index: loading tuples in memory,65776,52726,0,949097,80.193,1247879168
241.601264,building index: loading tuples in memory,65776,52901,0,951569,80.402,1248108544
242.314624,building index: loading tuples in memory,65776,53000,0,953393,80.556,1247907840
243.060819,building index: loading tuples in memory,65776,53094,0,955035,80.695,1248104448
243.787678,building index: loading tuples in memory,65776,53194,0,956958,80.857,1247744000
244.516613,building index: loading tuples in memory,65776,53304,0,959449,81.068,1248473088
245.181279,building index: loading tuples in memory,65776,53457,0,962500,81.326,1248190464
245.839984,building index: loading tuples in memory,65776,53672,0,965459,81.576,1248751616
246.585321,building index: loading tuples in memory,65776,53790,0,968354,81.82,1248534528
247.26423,building index: loading tuples in memory,65776,53942,0,971387,82.077,1248903168
247.943293,building index: loading tuples in memory,65776,54149,0,973920,82.291,1249259520
248.64376,building index: loading tuples in memory,65776,54185,0,975930,82.46,1249325056
249.37976,building index: loading tuples in memory,65776,54346,0,977658,82.606,1249275904
250.113444,building index: loading tuples in memory,65776,54446,0,979650,82.775,1249677312
250.85402,building index: loading tuples in memory,65776,54551,0,981788,82.955,1249439744
251.53217,building index: loading tuples in memory,65776,54734,0,984710,83.202,1249521664
252.189672,building index: loading tuples in memory,65776,54887,0,987799,83.463,1249325056
252.878965,building index: flushing in-memory graph,65776,54897,0,988275,83.503,1502294016
253.592092,building index: flushing in-memory graph,65776,54897,0,988275,83.503,1765388288
254.239676,building index: flushing in-memory graph,65776,54897,0,988275,83.503,1995624448
254.921909,building index: flushing in-memory graph,65776,54897,0,988275,83.503,1995894784
255.571188,building index: flushing in-memory graph,65776,54897,0,988275,83.503,1995927552
256.229704,building index: loading tuples on disk,65776,54897,0,988276,83.504,1996029952
256.917789,building index: loading tuples on disk,65776,54899,0,988414,83.515,1996103680
257.623248,building index: loading tuples on disk,65776,54903,0,988640,83.534,1996390400
258.307118,building index: loading tuples on disk,65776,54908,0,988868,83.554,1997025280
258.997522,building index: loading tuples on disk,65776,54911,0,989070,83.571,1996918784
259.708602,building index: loading tuples on disk,65776,55011,0,989276,83.588,1997279232
260.389827,building index: loading tuples on disk,65776,55015,0,989498,83.607,1998802944
261.06903,building index: loading tuples on disk,65776,55019,0,989681,83.622,1998753792
261.772981,building index: loading tuples on disk,65776,55021,0,989831,83.635,1998729216
262.525477,building index: loading tuples on disk,65776,55024,0,989972,83.647,1999413248
263.29366,building index: loading tuples on disk,65776,55026,0,990107,83.658,1999077376
264.039726,building index: loading tuples on disk,65776,55029,0,990260,83.671,1999142912
264.757353,building index: loading tuples on disk,65776,55033,0,990431,83.686,1999409152
265.437981,building index: loading tuples on disk,65776,55036,0,990636,83.703,2000375808
266.119115,building index: loading tuples on disk,65776,55073,0,990870,83.723,2000023552
266.787412,building index: loading tuples on disk,65776,55077,0,991108,83.743,2000089088
267.461296,building index: loading tuples on disk,65776,55081,0,991304,83.759,2005012480
268.188387,building index: loading tuples on disk,65776,55084,0,991449,83.772,2005647360
268.931327,building index: loading tuples on disk,65776,55086,0,991571,83.782,2005454848
269.714647,building index: loading tuples on disk,65776,55089,0,991714,83.794,2005811200
270.498947,building index: loading tuples on disk,65776,55092,0,991863,83.807,2005741568
271.230106,building index: loading tuples on disk,65776,55096,0,992083,83.825,2005991424
271.898085,building index: loading tuples on disk,65776,55100,0,992322,83.845,2006024192
272.574588,building index: loading tuples on disk,65776,55168,0,992548,83.864,2005872640
273.253036,building index: loading tuples on disk,65776,55173,0,992800,83.886,2006028288
273.938984,building index: loading tuples on disk,65776,55176,0,993002,83.903,2006626304
274.660399,building index: loading tuples on disk,65776,55179,0,993149,83.915,2006810624
275.394042,building index: loading tuples on disk,65776,55181,0,993270,83.925,1993265152
276.240896,building index: loading tuples on disk,65776,55184,0,993402,83.937,1996136448
277.054178,building index: loading tuples on disk,65776,55186,0,993545,83.949,1994473472
277.8315,building index: loading tuples on disk,65776,55190,0,993738,83.965,1994973184
278.518965,building index: loading tuples on disk,65776,55194,0,993939,83.982,1995448320
279.206265,building index: loading tuples on disk,65776,55198,0,994157,84.0,1995796480
279.946263,building index: loading tuples on disk,65776,55265,0,994347,84.016,1998290944
280.661779,building index: loading tuples on disk,65776,55268,0,994494,84.029,1998393344
281.400199,building index: loading tuples on disk,65776,55271,0,994628,84.04,1998319616
282.212216,building index: loading tuples on disk,65776,55273,0,994767,84.052,1998188544
282.953446,building index: loading tuples on disk,65776,55276,0,994919,84.065,1998237696
283.691386,building index: loading tuples on disk,65776,55279,0,995062,84.077,1998168064
284.411414,building index: loading tuples on disk,65776,55282,0,995260,84.094,1998802944
285.12027,building index: loading tuples on disk,65776,55286,0,995467,84.111,2003210240
285.807882,building index: loading tuples on disk,65776,55290,0,995684,84.129,2003308544
286.499405,building index: loading tuples on disk,65776,55294,0,995903,84.148,2003488768
287.199138,building index: loading tuples on disk,65776,55361,0,996062,84.161,2003406848
287.922993,building index: loading tuples on disk,65776,55364,0,996198,84.173,2003206144
288.696732,building index: loading tuples on disk,65776,55366,0,996332,84.184,2004205568
289.441175,building index: loading tuples on disk,65776,55369,0,996468,84.196,2004013056
290.172022,building index: loading tuples on disk,65776,55371,0,996611,84.208,2003873792
290.909723,building index: loading tuples on disk,65776,55375,0,996821,84.226,2004504576
291.596916,building index: loading tuples on disk,65776,55380,0,997038,84.244,2004787200
292.270555,building index: loading tuples on disk,65776,55383,0,997254,84.262,2004926464
292.960054,building index: loading tuples on disk,65776,55388,0,997486,84.282,2005753856
293.642789,building index: loading tuples on disk,65776,55391,0,997666,84.297,2005934080
294.361326,building index: loading tuples on disk,65776,55458,0,997806,84.309,2006138880
295.168483,building index: loading tuples on disk,65776,55460,0,997918,84.318,2006306816
295.951847,building index: loading tuples on disk,65776,55462,0,998044,84.329,2006949888
296.750548,building index: loading tuples on disk,65776,55465,0,998178,84.34,2006482944
297.49787,building index: loading tuples on disk,65776,55468,0,998367,84.356,2006650880
298.206027,building index: loading tuples on disk,65776,55472,0,998571,84.373,2006806528
298.893921,building index: loading tuples on disk,65776,55476,0,998791,84.392,2007515136
299.586718,building index: loading tuples on disk,65776,55480,0,999015,84.411,2007064576
300.285887,building index: loading tuples on disk,65776,55483,0,999170,84.424,2007457792
301.027178,building index: loading tuples on disk,65776,55486,0,999317,84.436,2007666688
301.776068,building index: loading tuples on disk,65776,55552,0,999442,84.447,2007789568
302.535281,building index: loading tuples on disk,65776,55554,0,999563,84.457,2007703552
303.29586,building index: loading tuples on disk,65776,55557,0,999711,84.47,2007953408
304.025665,building index: loading tuples on disk,65776,55560,0,999899,84.486,2007715840
304.697609,building index: loading tuples on disk,65776,55564,0,1000093,84.502,2007781376
305.415277,building index: loading tuples on disk,65776,55568,0,1000302,84.52,2008358912
306.184096,building index: loading tuples on disk,65776,55572,0,1000496,84.536,2008465408
306.885381,building index: loading tuples on disk,65776,55574,0,1000652,84.549,2008567808
307.612789,building index: loading tuples on disk,65776,55577,0,1000782,84.56,2008522752
308.360455,building index: loading tuples on disk,65776,55579,0,1000903,84.57,2008707072
309.122792,building index: loading tuples on disk,65776,55582,0,1001039,84.582,2008354816
309.881161,building index: loading tuples on disk,65776,55648,0,1001186,84.594,2009231360
310.624986,building index: loading tuples on disk,65776,55652,0,1001352,84.608,2009276416
311.343075,building index: loading tuples on disk,65776,55655,0,1001545,84.625,2013347840
312.10075,building index: loading tuples on disk,65776,55658,0,1001720,84.639,2013499392
312.809375,building index: loading tuples on disk,65776,55662,0,1001918,84.656,2013401088
313.521026,building index: loading tuples on disk,65776,55665,0,1002053,84.668,2013937664
314.259252,building index: loading tuples on disk,65776,55667,0,1002186,84.679,2013908992
315.026367,building index: loading tuples on disk,65776,55669,0,1002291,84.688,2013982720
315.827297,building index: loading tuples on disk,65776,55671,0,1002414,84.698,2014035968
316.587494,building index: loading tuples on disk,65776,55674,0,1002553,84.71,2014445568
317.357251,building index: loading tuples on disk,65776,55677,0,1002733,84.725,2014523392
318.064759,building index: loading tuples on disk,65776,55745,0,1002933,84.742,2014363648
318.772958,building index: loading tuples on disk,65776,55748,0,1003119,84.758,2014572544
319.470532,building index: loading tuples on disk,65776,55753,0,1003331,84.776,2014609408
320.163497,building index: loading tuples on disk,65776,55756,0,1003503,84.79,2015092736
320.89364,building index: loading tuples on disk,65776,55758,0,1003633,84.801,1994969088
321.770796,building index: loading tuples on disk,65776,55760,0,1003751,84.811,1995329536
322.522827,building index: loading tuples on disk,65776,55762,0,1003877,84.822,1995743232
323.272536,building index: loading tuples on disk,65776,55765,0,1004026,84.834,1995972608
324.00223,building index: loading tuples on disk,65776,55769,0,1004217,84.85,1997242368
324.702464,building index: loading tuples on disk,65776,55773,0,1004413,84.867,1997099008
325.412669,building index: loading tuples on disk,65776,55840,0,1004581,84.881,1996603392
326.147373,building index: loading tuples on disk,65776,55843,0,1004773,84.897,1999601664
326.860065,building index: loading tuples on disk,65776,55846,0,1004929,84.911,1999638528
327.594411,building index: loading tuples on disk,65776,55848,0,1005046,84.92,1999532032
328.391632,building index: loading tuples on disk,65776,55851,0,1005173,84.931,1999884288
329.130461,building index: loading tuples on disk,65776,55853,0,1005299,84.942,1999982592
329.914188,building index: loading tuples on disk,65776,55856,0,1005464,84.956,1999929344
330.634827,building index: loading tuples on disk,65776,55860,0,1005649,84.971,2000084992
331.335159,building index: loading tuples on disk,65776,55863,0,1005827,84.986,2004291584
332.047677,building index: loading tuples on disk,65776,55867,0,1006032,85.004,2004267008
332.742525,building index: loading tuples on disk,65776,55870,0,1006198,85.018,2004762624
333.456225,building index: loading tuples on disk,65776,55936,0,1006336,85.029,2004914176
334.216793,building index: loading tuples on disk,65776,55939,0,1006458,85.04,2004992000
334.984046,building index: loading tuples on disk,65776,55941,0,1006588,85.051,2005151744
335.732952,building index: loading tuples on disk,65776,55943,0,1006704,85.061,2004791296
336.49792,building index: loading tuples on disk,65776,55946,0,1006866,85.074,2005180416
337.288755,building index: loading tuples on disk,65776,55950,0,1007059,85.091,2005303296
338.006089,building index: loading tuples on disk,65776,55952,0,1007193,85.102,2005233664
338.771982,building index: loading tuples on disk,65776,55955,0,1007372,85.117,2005868544
339.480765,building index: loading tuples on disk,65776,55959,0,1007553,85.132,2006020096
340.20165,building index: loading tuples on disk,65776,55962,0,1007706,85.145,2005803008
340.932608,building index: loading tuples on disk,65776,55964,0,1007835,85.156,2006020096
341.705809,building index: loading tuples on disk,65776,55967,0,1007955,85.166,2005991424
342.467184,building index: loading tuples on disk,65776,56033,0,1008086,85.177,2006175744
343.193454,building index: loading tuples on disk,65776,56036,0,1008267,85.193,2006491136
343.879374,building index: loading tuples on disk,65776,56040,0,1008476,85.21,2006855680
344.57926,building index: loading tuples on disk,65776,56044,0,1008675,85.227,2007162880
345.279755,building index: loading tuples on disk,65776,56048,0,1008911,85.247,2007019520
345.969601,building index: loading tuples on disk,65776,56052,0,1009091,85.262,2007007232
346.693006,building index: loading tuples on disk,65776,56054,0,1009216,85.273,2007179264
347.522596,building index: loading tuples on disk,65776,56056,0,1009331,85.283,2007306240
348.319516,building index: loading tuples on disk,65776,56058,0,1009454,85.293,2007384064
349.079656,building index: loading tuples on disk,65776,56061,0,1009604,85.306,2007330816
349.818956,building index: loading tuples on disk,65776,56129,0,1009799,85.322,2007375872
350.518727,building index: loading tuples on disk,65776,56133,0,1010012,85.34,2007842816
351.213533,building index: loading tuples on disk,65776,56136,0,1010194,85.355,2007744512
351.922642,building index: loading tuples on disk,65776,56140,0,1010387,85.372,2007707648
352.651112,building index: loading tuples on disk,65776,56143,0,1010539,85.385,2008309760
353.372598,building index: loading tuples on disk,65776,56145,0,1010673,85.396,2008764416
354.122882,building index: loading tuples on disk,65776,56147,0,1010797,85.406,2011914240
355.127712,building index: loading tuples on disk,65776,56150,0,1010932,85.418,2008715264
355.87114,building index: loading tuples on disk,65776,56153,0,1011091,85.431,2008825856
356.593413,building index: loading tuples on disk,65776,56157,0,1011297,85.449,2009006080
357.285576,building index: loading tuples on disk,65776,56224,0,1011496,85.465,2009620480
358.012354,building index: loading tuples on disk,65776,56228,0,1011685,85.481,2009575424
358.722579,building index: loading tuples on disk,65776,56231,0,1011850,85.495,2013814784
359.456294,building index: loading tuples on disk,65776,56234,0,1011991,85.507,2014052352
360.249791,building index: loading tuples on disk,65776,56236,0,1012117,85.518,2014126080
361.045902,building index: loading tuples on disk,65776,56238,0,1012243,85.529,2014339072
361.785596,building index: loading tuples on disk,65776,56241,0,1012385,85.541,2014195712
362.531143,building index: loading tuples on disk,65776,56244,0,1012547,85.554,2014212096
363.231276,building index: loading tuples on disk,65776,56248,0,1012774,85.573,2014404608
363.914515,building index: loading tuples on disk,65776,56252,0,1012979,85.591,2015154176
364.613329,building index: loading tuples on disk,65776,56320,0,1013181,85.608,2014842880
365.29724,building index: loading tuples on disk,65776,56324,0,1013410,85.627,2014953472
366.067425,building index: loading tuples on disk,65776,56326,0,1013545,85.639,2001342464
366.842934,building index: loading tuples on disk,65776,56329,0,1013661,85.648,2002132992
367.622443,building index: loading tuples on disk,65776,56331,0,1013790,85.659,2002444288
368.364975,building index: loading tuples on disk,65776,56333,0,1013927,85.671,2002247680
369.141555,building index: loading tuples on disk,65776,56336,0,1014091,85.685,2002280448
369.867334,building index: loading tuples on disk,65776,56341,0,1014318,85.704,2002882560
370.538985,building index: loading tuples on disk,65776,56344,0,1014528,85.722,2004013056
371.246235,building index: loading tuples on disk,65776,56348,0,1014727,85.738,2004066304
371.934761,building index: loading tuples on disk,65776,56416,0,1014924,85.755,2004561920
372.644072,building index: loading tuples on disk,65776,56419,0,1015070,85.767,2004348928
373.420458,building index: loading tuples on disk,65776,56421,0,1015195,85.778,2007101440
374.193024,building index: loading tuples on disk,65776,56423,0,1015318,85.788,2007298048
374.937367,building index: loading tuples on disk,65776,56426,0,1015446,85.799,2007805952
375.705875,building index: loading tuples on disk,65776,56428,0,1015604,85.813,2007412736
376.437112,building index: loading tuples on disk,65776,56432,0,1015791,85.828,2007379968
377.117454,building index: loading tuples on disk,65776,56435,0,1015984,85.845,2007715840
377.802273,building index: loading tuples on disk,65776,56439,0,1016190,85.862,2008031232
378.478492,building index: loading tuples on disk,65776,56443,0,1016391,85.879,2012069888
379.189113,building index: loading tuples on disk,65776,56446,0,1016543,85.892,2012442624
379.925281,building index: loading tuples on disk,65776,56512,0,1016673,85.903,2012467200
380.701619,building index: loading tuples on disk,65776,56514,0,1016803,85.914,2013147136
381.439171,building index: loading tuples on disk,65776,56517,0,1016924,85.924,2012450816
382.184467,building index: loading tuples on disk,65776,56520,0,1017066,85.936,2012618752
382.905738,building index: loading tuples on disk,65776,56523,0,1017259,85.952,2013847552
383.590759,building index: loading tuples on disk,65776,56527,0,1017446,85.968,2013511680
384.27967,building index: loading tuples on disk,65776,56531,0,1017657,85.986,2013700096
384.989138,building index: loading tuples on disk,65776,56534,0,1017868,86.004,2013757440
385.685088,building index: loading tuples on disk,65776,56538,0,1018031,86.018,2014011392
386.392729,building index: loading tuples on disk,65776,56540,0,1018159,86.028,2014482432
387.166738,building index: loading tuples on disk,65776,56542,0,1018283,86.039,2014359552
387.991648,building index: loading tuples on disk,65776,56609,0,1018412,86.05,2014117888
388.903396,building index: loading tuples on disk,65776,56611,0,1018567,86.063,2014228480
389.628345,building index: loading tuples on disk,65776,56616,0,1018786,86.081,2014609408
390.313936,building index: loading tuples on disk,65776,56619,0,1018987,86.098,2014547968
391.053191,building index: loading tuples on disk,65776,56623,0,1019159,86.113,2014978048
391.793182,building index: loading tuples on disk,65776,56625,0,1019323,86.127,2015059968
392.507441,building index: loading tuples on disk,65776,56628,0,1019468,86.139,2014822400
393.255018,building index: loading tuples on disk,65776,56630,0,1019600,86.15,2015010816
394.054968,building index: loading tuples on disk,65776,56633,0,1019741,86.162,2015240192
394.783668,building index: loading tuples on disk,65776,56636,0,1019884,86.174,2015244288
395.505946,building index: loading tuples on disk,65776,56639,0,1020050,86.188,2014773248
396.208697,building index: loading tuples on disk,65776,56707,0,1020280,86.208,2015334400
396.891608,building index: loading tuples on disk,65776,56711,0,1020478,86.224,2015481856
397.659581,building index: loading tuples on disk,65776,56715,0,1020701,86.243,2016129024
398.359042,building index: loading tuples on disk,65776,56719,0,1020888,86.259,2016870400
399.089923,building index: loading tuples on disk,65776,56721,0,1021029,86.271,2016370688
399.864043,building index: loading tuples on disk,65776,56723,0,1021146,86.281,2016374784
400.632738,building index: loading tuples on disk,65776,56726,0,1021272,86.292,2016505856
401.373108,building index: loading tuples on disk,65776,56728,0,1021406,86.303,2016272384
402.106738,building index: loading tuples on disk,65776,56731,0,1021562,86.316,2016788480
402.830894,building index: loading tuples on disk,65776,56735,0,1021780,86.334,2016718848
403.522333,building index: loading tuples on disk,65776,56803,0,1021990,86.352,2017136640
404.210081,building index: loading tuples on disk,65776,56807,0,1022211,86.371,2016628736
404.901735,building index: loading tuples on disk,65776,56811,0,1022416,86.388,2016817152
405.610736,building index: loading tuples on disk,65776,56814,0,1022569,86.401,2017382400
406.371042,building index: loading tuples on disk,65776,56816,0,1022684,86.411,2017349632
407.147352,building index: loading tuples on disk,65776,56818,0,1022807,86.421,2017652736
407.888834,building index: loading tuples on disk,65776,56821,0,1022937,86.432,2022006784
408.622399,building index: loading tuples on disk,65776,56824,0,1023101,86.446,2021785600
409.334745,building index: loading tuples on disk,65776,56828,0,1023310,86.464,2022039552
410.034862,building index: loading tuples on disk,65776,56831,0,1023497,86.48,2022244352
410.78086,building index: loading tuples on disk,65776,56899,0,1023692,86.496,2009665536
411.494587,building index: loading tuples on disk,65776,56902,0,1023889,86.513,2010025984
412.212231,building index: loading tuples on disk,65776,56905,0,1024032,86.525,2010447872
412.975469,building index: loading tuples on disk,65776,56907,0,1024164,86.536,2010894336
413.715424,building index: loading tuples on disk,65776,56909,0,1024284,86.546,2011402240
414.503473,building index: loading tuples on disk,65776,56911,0,1024383,86.554,2011209728
415.276917,building index: loading tuples on disk,65776,56914,0,1024546,86.568,2011000832
416.000251,building index: loading tuples on disk,65776,56918,0,1024760,86.586,2011996160
416.683722,building index: loading tuples on disk,65776,56922,0,1024952,86.602,2012725248
417.458941,building index: loading tuples on disk,65776,56926,0,1025167,86.621,2013011968
418.142669,building index: loading tuples on disk,65776,56993,0,1025339,86.635,2013933568
418.933073,building index: loading tuples on disk,65776,56996,0,1025491,86.648,2013229056
419.681626,building index: loading tuples on disk,65776,56998,0,1025613,86.658,2016256000
420.448477,building index: loading tuples on disk,65776,57001,0,1025743,86.669,2016428032
421.217027,building index: loading tuples on disk,65776,57003,0,1025888,86.682,2016505856
421.973976,building index: loading tuples on disk,65776,57007,0,1026060,86.696,2016473088
422.672258,building index: loading tuples on disk,65776,57010,0,1026248,86.712,2016841728
423.364296,building index: loading tuples on disk,65776,57014,0,1026460,86.73,2016755712
424.043672,building index: loading tuples on disk,65776,57018,0,1026679,86.748,2021101568
424.728917,building index: loading tuples on disk,65776,57022,0,1026867,86.764,2021109760
425.435649,building index: loading tuples on disk,65776,57088,0,1027008,86.776,2021687296
426.329797,building index: loading tuples on disk,65776,57091,0,1027134,86.787,2021699584
427.180645,building index: loading tuples on disk,65776,57093,0,1027264,86.798,2021355520
427.924806,building index: loading tuples on disk,65776,57096,0,1027414,86.81,2021519360
428.646242,building index: loading tuples on disk,65776,57099,0,1027598,86.826,2022088704
429.347212,building index: loading tuples on disk,65776,57103,0,1027800,86.843,2022248448
430.029265,building index: loading tuples on disk,65776,57107,0,1027993,86.859,2022326272
430.728828,building index: loading tuples on disk,65776,57110,0,1028201,86.877,2022637568
431.434236,building index: loading tuples on disk,65776,57113,0,1028364,86.891,2022555648
432.14876,building index: loading tuples on disk,65776,57116,0,1028498,86.902,2022580224
432.949839,building index: loading tuples on disk,65776,57118,0,1028611,86.912,2022539264
433.712042,building index: loading tuples on disk,65776,57184,0,1028742,86.923,2022522880
434.447304,building index: loading tuples on disk,65776,57187,0,1028888,86.935,2022502400
435.187877,building index: loading tuples on disk,65776,57191,0,1029097,86.953,2022715392
435.866024,building index: loading tuples on disk,65776,57195,0,1029322,86.972,2022973440
436.543048,building index: loading tuples on disk,65776,57198,0,1029516,86.988,2023149568
437.237776,building index: loading tuples on disk,65776,57202,0,1029706,87.004,2023587840
437.947237,building index: loading tuples on disk,65776,57204,0,1029847,87.016,2023800832
438.684194,building index: loading tuples on disk,65776,57207,0,1029982,87.027,2023903232
439.431826,building index: loading tuples on disk,65776,57209,0,1030115,87.039,2023710720
440.168365,building index: loading tuples on disk,65776,57212,0,1030259,87.051,2024128512
440.891717,building index: loading tuples on disk,65776,57215,0,1030400,87.063,2023948288
441.655512,building index: loading tuples on disk,65776,57283,0,1030588,87.079,2024251392
442.416809,building index: loading tuples on disk,65776,57286,0,1030795,87.096,2024132608
443.126592,building index: loading tuples on disk,65776,57290,0,1030982,87.112,2024255488
443.868318,building index: loading tuples on disk,65776,57294,0,1031209,87.131,2024521728
444.563819,building index: loading tuples on disk,65776,57297,0,1031372,87.145,2024878080
445.28876,building index: loading tuples on disk,65776,57299,0,1031496,87.155,2024976384
446.047472,building index: loading tuples on disk,65776,57302,0,1031615,87.165,2024701952
446.812159,building index: loading tuples on disk,65776,57304,0,1031750,87.177,2024861696
447.547635,building index: loading tuples on disk,65776,57307,0,1031891,87.189,2024927232
448.270164,building index: loading tuples on disk,65776,57310,0,1032065,87.203,2024988672
448.978217,building index: loading tuples on disk,65776,57378,0,1032283,87.222,2025066496
449.678445,building index: loading tuples on disk,65776,57382,0,1032496,87.24,2025324544
450.375505,building index: loading tuples on disk,65776,57386,0,1032716,87.258,2026049536
451.071017,building index: loading tuples on disk,65776,57389,0,1032893,87.273,2025848832
451.787621,building index: loading tuples on disk,65776,57392,0,1033030,87.285,2025488384
452.530493,building index: loading tuples on disk,65776,57394,0,1033155,87.296,2025607168
453.278237,building index: loading tuples on disk,65776,57396,0,1033287,87.307,2026307584
454.018883,building index: loading tuples on disk,65776,57399,0,1033418,87.318,2030317568
454.748748,building index: loading tuples on disk,65776,57403,0,1033599,87.333,2030338048
455.449521,building index: loading tuples on disk,65776,57407,0,1033811,87.351,2033999872
456.187213,building index: loading tuples on disk,65776,57474,0,1033991,87.366,2017112064
456.907994,building index: loading tuples on disk,65776,57478,0,1034221,87.386,2017447936
457.606014,building index: loading tuples on disk,65776,57482,0,1034403,87.401,2017914880
458.36777,building index: loading tuples on disk,65776,57484,0,1034533,87.412,2017579008
459.111718,building index: loading tuples on disk,65776,57486,0,1034658,87.423,2017923072
459.870021,building index: loading tuples on disk,65776,57489,0,1034795,87.434,2018033664
460.600491,building index: loading tuples on disk,65776,57491,0,1034908,87.444,2017656832
461.341165,building index: loading tuples on disk,65776,57494,0,1035080,87.458,2019078144
462.030768,building index: loading tuples on disk,65776,57498,0,1035290,87.476,2019766272
462.731516,building index: loading tuples on disk,65776,57502,0,1035493,87.493,2019729408
463.43574,building index: loading tuples on disk,65776,57569,0,1035688,87.51,2020253696
464.160002,building index: loading tuples on disk,65776,57572,0,1035842,87.523,2020597760
464.909826,building index: loading tuples on disk,65776,57575,0,1035980,87.534,2022825984
465.650008,building index: loading tuples on disk,65776,57578,0,1036113,87.545,2022436864
466.400544,building index: loading tuples on disk,65776,57580,0,1036247,87.557,2022760448
467.147703,building index: loading tuples on disk,65776,57583,0,1036401,87.57,2023018496
467.892541,building index: loading tuples on disk,65776,57587,0,1036608,87.587,2023256064
468.572141,building index: loading tuples on disk,65776,57591,0,1036815,87.605,2023129088
469.259415,building index: loading tuples on disk,65776,57595,0,1037030,87.623,2027487232
469.94143,building index: loading tuples on disk,65776,57599,0,1037264,87.643,2028040192
470.62711,building index: loading tuples on disk,65776,57666,0,1037448,87.658,2028548096
471.353765,building index: loading tuples on disk,65776,57668,0,1037553,87.667,2028273664
472.155699,building index: loading tuples on disk,65776,57670,0,1037653,87.676,2028498944
472.945228,building index: loading tuples on disk,65776,57672,0,1037770,87.685,2029711360
473.735504,building index: loading tuples on disk,65776,57675,0,1037915,87.698,2029621248
474.469552,building index: loading tuples on disk,65776,57679,0,1038115,87.715,2029760512
475.155227,building index: loading tuples on disk,65776,57683,0,1038337,87.733,2030088192
475.842456,building index: loading tuples on disk,65776,57687,0,1038555,87.752,2030632960
476.530642,building index: loading tuples on disk,65776,57691,0,1038773,87.77,2029842432
477.211239,building index: loading tuples on disk,65776,57694,0,1038951,87.785,2030563328
477.934846,building index: loading tuples on disk,65776,57729,0,1039107,87.798,2029748224
478.760831,building index: loading tuples on disk,65776,57731,0,1039228,87.809,2030383104
479.568676,building index: loading tuples on disk,65776,57734,0,1039361,87.82,2030776320
480.305879,building index: loading tuples on disk,65776,57736,0,1039498,87.831,2030804992
481.051965,building index: loading tuples on disk,65776,57739,0,1039665,87.846,2031276032
481.743553,building index: loading tuples on disk,65776,57743,0,1039868,87.863,2030755840
482.428962,building index: loading tuples on disk,65776,57747,0,1040083,87.881,2031136768
483.127079,building index: loading tuples on disk,65776,57751,0,1040295,87.899,2031443968
483.840564,building index: loading tuples on disk,65776,57754,0,1040472,87.914,2031685632
484.563551,building index: loading tuples on disk,65776,57757,0,1040612,87.926,2031738880
485.366175,building index: loading tuples on disk,65776,57759,0,1040710,87.934,2031853568
486.242572,building index: loading tuples on disk,65776,57826,0,1040851,87.946,2031566848
486.982243,building index: loading tuples on disk,65776,57828,0,1040994,87.958,2031763456
487.710422,building index: loading tuples on disk,65776,57832,0,1041190,87.974,2032009216
488.38702,building index: loading tuples on disk,65776,57836,0,1041405,87.993,2032140288
489.096642,building index: loading tuples on disk,65776,57840,0,1041615,88.01,2032676864
489.77884,building index: loading tuples on disk,65776,57844,0,1041836,88.029,2032898048
490.470975,building index: loading tuples on disk,65776,57847,0,1042005,88.043,2033102848
491.20934,building index: loading tuples on disk,65776,57849,0,1042126,88.054,2032431104
492.018776,building index: loading tuples on disk,65776,57851,0,1042248,88.064,2032590848
492.786782,building index: loading tuples on disk,65776,57854,0,1042371,88.074,2033053696
493.591358,building index: loading tuples on disk,65776,57920,0,1042525,88.087,2033090560
494.316275,building index: loading tuples on disk,65776,57924,0,1042735,88.105,2033295360
495.01218,building index: loading tuples on disk,65776,57928,0,1042948,88.123,2033238016
495.696577,building index: loading tuples on disk,65776,57932,0,1043134,88.139,2033270784
496.388432,building index: loading tuples on disk,65776,57936,0,1043355,88.157,2033750016
497.085206,building index: loading tuples on disk,65776,57939,0,1043530,88.172,2033221632
497.827509,building index: loading tuples on disk,65776,57941,0,1043659,88.183,2034180096
498.571994,building index: loading tuples on disk,65776,57944,0,1043787,88.194,2038145024
499.347804,building index: loading tuples on disk,65776,57946,0,1043909,88.204,2038505472
500.105301,building index: loading tuples on disk,65776,57949,0,1044051,88.216,2038272000
500.838895,building index: loading tuples on disk,65776,58016,0,1044248,88.233,2025099264
501.549498,building index: loading tuples on disk,65776,58020,0,1044442,88.249,2025533440
502.246023,building index: loading tuples on disk,65776,58023,0,1044612,88.264,2025934848
502.959359,building index: loading tuples on disk,65776,58026,0,1044797,88.279,2026074112
503.672194,building index: loading tuples on disk,65776,58029,0,1044935,88.291,2026127360
504.406007,building index: loading tuples on disk,65776,58031,0,1045056,88.301,2026135552
505.221069,building index: loading tuples on disk,65776,58033,0,1045172,88.311,2026483712
505.997721,building index: loading tuples on disk,65776,58036,0,1045315,88.323,2026733568
506.72834,building index: loading tuples on disk,65776,58039,0,1045469,88.336,2027012096
507.494755,building index: loading tuples on disk,65776,58042,0,1045671,88.353,2027974656
508.175859,building index: loading tuples on disk,65776,58046,0,1045879,88.371,2028445696
508.876031,building index: loading tuples on disk,65776,58114,0,1046102,88.389,2028154880
509.576719,building index: loading tuples on disk,65776,58118,0,1046313,88.407,2031386624
510.270035,building index: loading tuples on disk,65776,58121,0,1046479,88.421,2030989312
510.987539,building index: loading tuples on disk,65776,58124,0,1046616,88.433,2031476736
511.759239,building index: loading tuples on disk,65776,58126,0,1046724,88.442,2031538176
512.626838,building index: loading tuples on disk,65776,58128,0,1046838,88.452,2031710208
513.366384,building index: loading tuples on disk,65776,58131,0,1046970,88.463,2031947776
514.161674,building index: loading tuples on disk,65776,58134,0,1047171,88.48,2031706112
514.859079,building index: loading tuples on disk,65776,58138,0,1047365,88.496,2036334592
515.554258,building index: loading tuples on disk,65776,58142,0,1047574,88.514,2036207616
516.311283,building index: loading tuples on disk,65776,58210,0,1047775,88.531,2036748288
517.005267,building index: loading tuples on disk,65776,58213,0,1047937,88.545,2036797440
517.749262,building index: loading tuples on disk,65776,58215,0,1048062,88.555,2036629504
518.505141,building index: loading tuples on disk,65776,58217,0,1048189,88.566,2036989952
519.237044,building index: loading tuples on disk,65776,58220,0,1048325,88.577,2036838400
519.979558,building index: loading tuples on disk,65776,58223,0,1048476,88.59,2037153792
520.705527,building index: loading tuples on disk,65776,58227,0,1048686,88.608,2036641792
521.381541,building index: loading tuples on disk,65776,58230,0,1048867,88.623,2037653504
522.089417,building index: loading tuples on disk,65776,58233,0,1049055,88.639,2037370880
522.772269,building index: loading tuples on disk,65776,58237,0,1049266,88.657,2037334016
523.476361,building index: loading tuples on disk,65776,58305,0,1049431,88.671,2038005760
524.205342,building index: loading tuples on disk,65776,58307,0,1049549,88.681,2037903360
524.982213,building index: loading tuples on disk,65776,58309,0,1049683,88.692,2037796864
525.709393,building index: loading tuples on disk,65776,58312,0,1049814,88.703,2038272000
526.438515,building index: loading tuples on disk,65776,58314,0,1049962,88.716,2038157312
527.163175,building index: loading tuples on disk,65776,58319,0,1050190,88.735,2038026240
527.840059,building index: loading tuples on disk,65776,58323,0,1050392,88.752,2037993472
528.530115,building index: loading tuples on disk,65776,58326,0,1050601,88.77,2038550528
529.213452,building index: loading tuples on disk,65776,58330,0,1050822,88.788,2038808576
529.908692,building index: loading tuples on disk,65776,58334,0,1050991,88.803,2038583296
530.624965,building index: loading tuples on disk,65776,58432,0,1051123,88.814,2038759424
531.372823,building index: loading tuples on disk,65776,58434,0,1051247,88.824,2039164928
532.176224,building index: loading tuples on disk,65776,58437,0,1051369,88.835,2038812672
533.103074,building index: loading tuples on disk,65776,58440,0,1051527,88.848,2039480320
533.812277,building index: loading tuples on disk,65776,58443,0,1051750,88.867,2039717888
534.488626,building index: loading tuples on disk,65776,58447,0,1051942,88.883,2039742464
535.18531,building index: loading tuples on disk,65776,58451,0,1052161,88.901,2040528896
535.876695,building index: loading tuples on disk,65776,58455,0,1052366,88.919,2040606720
536.591684,building index: loading tuples on disk,65776,58457,0,1052503,88.93,2040565760
537.404654,building index: loading tuples on disk,65776,58460,0,1052642,88.942,2040766464
538.164025,building index: loading tuples on disk,65776,58462,0,1052778,88.954,2040426496
538.964023,building index: loading tuples on disk,65776,58497,0,1052918,88.965,2041114624
539.696736,building index: loading tuples on disk,65776,58500,0,1053079,88.979,2041065472
540.41339,building index: loading tuples on disk,65776,58504,0,1053313,88.999,2041581568
541.107717,building index: loading tuples on disk,65776,58508,0,1053519,89.016,2041020416
541.78482,building index: loading tuples on disk,65776,58512,0,1053739,89.035,2041634816
542.463311,building index: loading tuples on disk,65776,58516,0,1053961,89.054,2042175488
543.199067,building index: loading tuples on disk,65776,58519,0,1054100,89.065,2045833216
543.929345,building index: loading tuples on disk,65776,58521,0,1054229,89.076,2046046208
544.710699,building index: loading tuples on disk,65776,58523,0,1054341,89.086,2045984768
545.496742,building index: loading tuples on disk,65776,58525,0,1054462,89.096,2046029824
546.330722,building index: loading tuples on disk,65776,58593,0,1054628,89.11,2032209920
547.053611,building index: loading tuples on disk,65776,58597,0,1054842,89.128,2032492544
547.73757,building index: loading tuples on disk,65776,58600,0,1055043,89.145,2032783360
548.432182,building index: loading tuples on disk,65776,58605,0,1055273,89.164,2033364992
549.112364,building index: loading tuples on disk,65776,58609,0,1055479,89.182,2033352704
549.826878,building index: loading tuples on disk,65776,58612,0,1055643,89.196,2033561600
550.542099,building index: loading tuples on disk,65776,58614,0,1055766,89.206,2033856512
551.313328,building index: loading tuples on disk,65776,58616,0,1055885,89.216,2033770496
552.066528,building index: loading tuples on disk,65776,58619,0,1056020,89.228,2034462720
552.854549,building index: loading tuples on disk,65776,58621,0,1056170,89.24,2038530048
553.574878,building index: loading tuples on disk,65776,58689,0,1056376,89.258,2035032064
554.258624,building index: loading tuples on disk,65776,58693,0,1056583,89.275,2035335168
554.949825,building index: loading tuples on disk,65776,58697,0,1056821,89.295,2038763520
555.62167,building index: loading tuples on disk,65776,58701,0,1057042,89.314,2038804480
556.320521,building index: loading tuples on disk,65776,58705,0,1057202,89.327,2038378496
557.043919,building index: loading tuples on disk,65776,58707,0,1057320,89.337,2039046144
557.858833,building index: loading tuples on disk,65776,58709,0,1057449,89.348,2039042048
558.608458,building index: loading tuples on disk,65776,58711,0,1057580,89.359,2038751232
559.357909,building index: loading tuples on disk,65776,58714,0,1057732,89.372,2042871808
560.148017,building index: loading tuples on disk,65776,58718,0,1057950,89.391,2043154432
560.842655,building index: loading tuples on disk,65776,58786,0,1058153,89.408,2043613184
561.544053,building index: loading tuples on disk,65776,58790,0,1058370,89.426,2043498496
562.224396,building index: loading tuples on disk,65776,58794,0,1058568,89.443,2043756544
562.94125,building index: loading tuples on disk,65776,58797,0,1058719,89.456,2044952576
563.682205,building index: loading tuples on disk,65776,58799,0,1058839,89.466,2044735488
564.435022,building index: loading tuples on disk,65776,58801,0,1058955,89.475,2044444672
565.200696,building index: loading tuples on disk,65776,58803,0,1059087,89.487,2048417792
566.000399,building index: loading tuples on disk,65776,58806,0,1059236,89.499,2044911616
566.721235,building index: loading tuples on disk,65776,58810,0,1059424,89.515,2045300736
567.413252,building index: loading tuples on disk,65776,58813,0,1059621,89.532,2045116416
568.115067,building index: loading tuples on disk,65776,58881,0,1059804,89.547,2045218816
568.805581,building index: loading tuples on disk,65776,58884,0,1059993,89.563,2046115840
569.525772,building index: loading tuples on disk,65776,58887,0,1060140,89.576,2045870080
570.274086,building index: loading tuples on disk,65776,58889,0,1060270,89.587,2045984768
571.01989,building index: loading tuples on disk,65776,58892,0,1060397,89.597,2045964288
571.753243,building index: loading tuples on disk,65776,58894,0,1060518,89.608,2046136320
572.488609,building index: loading tuples on disk,65776,58897,0,1060671,89.62,2045894656
573.215595,building index: loading tuples on disk,65776,58901,0,1060903,89.64,2046296064
573.909321,building index: loading tuples on disk,65776,58904,0,1061079,89.655,2046660608
574.596914,building index: loading tuples on disk,65776,58909,0,1061286,89.672,2046705664
575.277766,building index: loading tuples on disk,65776,58977,0,1061499,89.69,2046386176
575.977063,building index: loading tuples on disk,65776,58979,0,1061652,89.703,2046816256
576.749107,building index: loading tuples on disk,65776,58982,0,1061789,89.715,2047180800
577.527207,building index: loading tuples on disk,65776,58984,0,1061912,89.725,2047049728
578.27854,building index: loading tuples on disk,65776,58987,0,1062036,89.736,2046640128
579.036011,building index: loading tuples on disk,65776,58989,0,1062188,89.749,2047246336
579.759563,building index: loading tuples on disk,65776,58994,0,1062412,89.768,2047082496
580.444831,building index: loading tuples on disk,65776,58997,0,1062606,89.784,2047197184
581.125354,building index: loading tuples on disk,65776,59001,0,1062833,89.803,2047512576
581.809468,building index: loading tuples on disk,65776,59005,0,1063051,89.822,2048520192
582.496501,building index: loading tuples on disk,65776,59072,0,1063210,89.835,2047762432
583.221421,building index: loading tuples on disk,65776,59075,0,1063345,89.846,2048499712
584.053051,building index: loading tuples on disk,65776,59077,0,1063464,89.856,2048155648
584.837204,building index: loading tuples on disk,65776,59079,0,1063598,89.868,2048319488
585.560052,building index: loading tuples on disk,65776,59082,0,1063746,89.88,2048552960
586.28203,building index: loading tuples on disk,65776,59086,0,1063953,89.898,2048532480
586.968022,building index: loading tuples on disk,65776,59090,0,1064141,89.914,2048131072
587.675413,building index: loading tuples on disk,65776,59093,0,1064319,89.929,2048303104
588.390503,building index: loading tuples on disk,65776,59097,0,1064517,89.945,2053644288
589.092153,building index: loading tuples on disk,65776,59100,0,1064676,89.959,2053189632
589.818707,building index: loading tuples on disk,65776,59102,0,1064805,89.97,2053414912
590.560463,building index: loading tuples on disk,65776,59168,0,1064931,89.98,2053283840
591.348664,building index: loading tuples on disk,65776,59171,0,1065073,89.992,2040905728
592.09657,building index: loading tuples on disk,65776,59174,0,1065235,90.006,2040856576
592.813881,building index: loading tuples on disk,65776,59178,0,1065461,90.025,2040844288
593.479402,building index: loading tuples on disk,65776,59182,0,1065667,90.043,2041823232
594.154774,building index: loading tuples on disk,65776,59186,0,1065877,90.06,2042064896
594.83976,building index: loading tuples on disk,65776,59190,0,1066086,90.078,2043195392
595.54192,building index: loading tuples on disk,65776,59193,0,1066239,90.091,2043191296
596.26937,building index: loading tuples on disk,65776,59195,0,1066378,90.103,2043928576
597.193428,building index: loading tuples on disk,65776,59197,0,1066496,90.113,2044190720
598.013009,building index: loading tuples on disk,65776,59264,0,1066624,90.123,2044768256
598.780407,building index: loading tuples on disk,65776,59267,0,1066776,90.136,2043920384
599.525071,building index: loading tuples on disk,65776,59270,0,1066965,90.152,2047107072
600.254942,building index: loading tuples on disk,65776,59273,0,1067130,90.166,2047397888
601.032452,building index: loading tuples on disk,65776,59276,0,1067283,90.179,2047070208
601.764332,building index: loading tuples on disk,65776,59278,0,1067412,90.19,2047406080
602.49985,building index: loading tuples on disk,65776,59281,0,1067561,90.203,2051395584
603.316961,building index: loading tuples on disk,65776,59283,0,1067692,90.214,2047262720
604.09476,building index: loading tuples on disk,65776,59286,0,1067822,90.225,2047508480
604.924441,building index: loading tuples on disk,65776,59288,0,1067952,90.236,2047631360
605.655172,building index: loading tuples on disk,65776,59292,0,1068125,90.25,2052149248
606.361154,building index: loading tuples on disk,65776,59295,0,1068337,90.268,2052055040
607.061072,building index: loading tuples on disk,65776,59363,0,1068550,90.286,2052403200
607.752933,building index: loading tuples on disk,65776,59367,0,1068766,90.304,2053046272
608.434866,building index: loading tuples on disk,65776,59371,0,1068959,90.321,2052796416
609.158749,building index: loading tuples on disk,65776,59373,0,1069094,90.332,2053095424
609.896731,building index: loading tuples on disk,65776,59376,0,1069225,90.343,2052861952
610.653588,building index: loading tuples on disk,65776,59378,0,1069349,90.354,2053070848
611.418985,building index: loading tuples on disk,65776,59381,0,1069474,90.364,2053332992
612.154209,building index: loading tuples on disk,65776,59384,0,1069666,90.381,2052956160
612.853273,building index: loading tuples on disk,65776,59389,0,1069886,90.399,2053529600
613.536637,building index: loading tuples on disk,65776,59456,0,1070085,90.416,2053369856
614.219747,building index: loading tuples on disk,65776,59461,0,1070322,90.436,2053070848
614.9005,building index: loading tuples on disk,65776,59465,0,1070538,90.454,2053341184
615.599101,building index: loading tuples on disk,65776,59468,0,1070686,90.467,2053894144
616.334614,building index: loading tuples on disk,65776,59470,0,1070806,90.477,2054397952
617.13591,building index: loading tuples on disk,65776,59472,0,1070931,90.487,2054246400
617.921999,building index: loading tuples on disk,65776,59475,0,1071065,90.499,2054295552
618.66383,building index: loading tuples on disk,65776,59477,0,1071218,90.512,2054164480
619.383553,building index: loading tuples on disk,65776,59481,0,1071439,90.53,2054627328
620.068735,building index: loading tuples on disk,65776,59485,0,1071651,90.548,2054905856
620.743536,building index: loading tuples on disk,65776,59554,0,1071877,90.567,2055053312
621.414462,building index: loading tuples on disk,65776,59557,0,1072075,90.584,2055188480
622.134058,building index: loading tuples on disk,65776,59560,0,1072217,90.596,2055426048
622.897806,building index: loading tuples on disk,65776,59562,0,1072342,90.607,2055520256
623.648652,building index: loading tuples on disk,65776,59565,0,1072457,90.616,2055114752
624.391637,building index: loading tuples on disk,65776,59567,0,1072589,90.627,2055725056
625.139679,building index: loading tuples on disk,65776,59570,0,1072753,90.641,2055659520
625.858228,building index: loading tuples on disk,65776,59574,0,1072972,90.66,2055880704
626.543118,building index: loading tuples on disk,65776,59578,0,1073182,90.678,2056101888
627.222717,building index: loading tuples on disk,65776,59582,0,1073405,90.696,2056392704
627.904904,building index: loading tuples on disk,65776,59650,0,1073598,90.713,2056245248
628.615437,building index: loading tuples on disk,65776,59653,0,1073741,90.725,2056384512
629.341801,building index: loading tuples on disk,65776,59655,0,1073868,90.736,2056585216
630.161306,building index: loading tuples on disk,65776,59658,0,1073993,90.746,2056441856
630.913593,building index: loading tuples on disk,65776,59660,0,1074116,90.757,2056531968
631.672657,building index: loading tuples on disk,65776,59663,0,1074276,90.77,2056765440
632.400241,building index: loading tuples on disk,65776,59667,0,1074505,90.789,2056773632
633.085472,building index: loading tuples on disk,65776,59670,0,1074719,90.807,2061139968
633.775774,building index: loading tuples on disk,65776,59675,0,1074955,90.827,2061373440
634.463596,building index: loading tuples on disk,65776,59679,0,1075163,90.845,2061635584
635.17161,building index: loading tuples on disk,65776,59745,0,1075297,90.856,2061819904
635.934407,building index: loading tuples on disk,65776,59747,0,1075398,90.865,2047619072
636.746512,building index: loading tuples on disk,65776,59749,0,1075519,90.875,2047590400
637.491247,building index: loading tuples on disk,65776,59752,0,1075652,90.886,2048061440
638.240037,building index: loading tuples on disk,65776,59755,0,1075808,90.899,2048344064
638.941076,building index: loading tuples on disk,65776,59758,0,1076005,90.916,2049036288
639.627436,building index: loading tuples on disk,65776,59762,0,1076192,90.932,2048999424
640.336973,building index: loading tuples on disk,65776,59766,0,1076413,90.951,2049130496
641.007559,building index: loading tuples on disk,65776,59770,0,1076624,90.968,2049433600
641.713936,building index: loading tuples on disk,65776,59773,0,1076778,90.981,2049761280
642.456987,building index: loading tuples on disk,65776,59775,0,1076889,90.991,2050523136
643.220407,building index: loading tuples on disk,65776,59841,0,1077018,91.002,2050486272
643.973674,building index: loading tuples on disk,65776,59844,0,1077152,91.013,2050531328
644.75441,building index: loading tuples on disk,65776,59846,0,1077308,91.026,2053332992
645.469501,building index: loading tuples on disk,65776,59850,0,1077530,91.045,2053545984
646.160236,building index: loading tuples on disk,65776,59854,0,1077731,91.062,2053697536
646.857346,building index: loading tuples on disk,65776,59859,0,1077967,91.082,2053570560
647.528402,building index: loading tuples on disk,65776,59862,0,1078181,91.1,2054246400
648.22126,building index: loading tuples on disk,65776,59865,0,1078340,91.113,2054443008
648.965337,building index: loading tuples on disk,65776,59868,0,1078465,91.124,2054451200
649.737475,building index: loading tuples on disk,65776,59870,0,1078589,91.134,2059067392
650.479015,building index: loading tuples on disk,65776,59936,0,1078714,91.145,2058551296
651.236248,building index: loading tuples on disk,65776,59939,0,1078867,91.158,2059112448
651.964169,building index: loading tuples on disk,65776,59943,0,1079077,91.176,2058883072
652.65369,building index: loading tuples on disk,65776,59946,0,1079264,91.191,2059296768
653.386622,building index: loading tuples on disk,65776,59950,0,1079454,91.208,2060509184
654.074448,building index: loading tuples on disk,65776,59954,0,1079653,91.224,2060636160
654.787838,building index: loading tuples on disk,65776,59956,0,1079794,91.236,2060140544
655.512873,building index: loading tuples on disk,65776,59959,0,1079920,91.247,2060931072
656.269505,building index: loading tuples on disk,65776,59961,0,1080052,91.258,2060636160
657.016655,building index: loading tuples on disk,65776,59964,0,1080183,91.269,2061008896
657.751814,building index: loading tuples on disk,65776,59966,0,1080333,91.282,2061180928
658.466582,building index: loading tuples on disk,65776,60034,0,1080552,91.3,2061701120
659.151144,building index: loading tuples on disk,65776,60038,0,1080747,91.317,2061344768
659.846662,building index: loading tuples on disk,65776,60041,0,1080935,91.333,2061447168
660.520134,building index: loading tuples on disk,65776,60045,0,1081133,91.349,2062012416
661.211157,building index: loading tuples on disk,65776,60048,0,1081285,91.362,2062000128
661.935947,building index: loading tuples on disk,65776,60051,0,1081419,91.374,2062168064
662.747037,building index: loading tuples on disk,65776,60053,0,1081518,91.382,2062270464
663.552627,building index: loading tuples on disk,65776,60055,0,1081650,91.393,2062155776
664.297574,building index: loading tuples on disk,65776,60058,0,1081806,91.406,2062131200
665.017266,building index: loading tuples on disk,65776,60062,0,1082033,91.425,2062196736
665.703674,building index: loading tuples on disk,65776,60129,0,1082220,91.441,2062798848
666.492302,building index: loading tuples on disk,65776,60133,0,1082413,91.458,2062852096
667.187825,building index: loading tuples on disk,65776,60136,0,1082601,91.473,2063122432
667.895805,building index: loading tuples on disk,65776,60139,0,1082749,91.486,2063151104
668.629518,building index: loading tuples on disk,65776,60141,0,1082855,91.495,2063462400
669.386123,building index: loading tuples on disk,65776,60143,0,1082975,91.505,2063028224
670.123799,building index: loading tuples on disk,65776,60146,0,1083108,91.516,2063392768
670.912841,building index: loading tuples on disk,65776,60149,0,1083255,91.529,2063724544
671.646047,building index: loading tuples on disk,65776,60152,0,1083436,91.544,2063257600
672.328773,building index: loading tuples on disk,65776,60155,0,1083626,91.56,2064035840
673.037726,building index: loading tuples on disk,65776,60159,0,1083824,91.577,2063851520
673.72833,building index: loading tuples on disk,65776,60227,0,1084033,91.594,2064429056
674.428521,building index: loading tuples on disk,65776,60230,0,1084186,91.607,2063986688
675.15443,building index: loading tuples on disk,65776,60232,0,1084305,91.617,2063855616
675.919804,building index: loading tuples on disk,65776,60234,0,1084436,91.628,2064408576
676.680715,building index: loading tuples on disk,65776,60237,0,1084574,91.64,2064269312
677.415262,building index: loading tuples on disk,65776,60240,0,1084721,91.653,2064551936
678.146097,building index: loading tuples on disk,65776,60243,0,1084931,91.67,2064920576
678.831555,building index: loading tuples on disk,65776,60247,0,1085135,91.688,2068914176
679.510761,building index: loading tuples on disk,65776,60252,0,1085362,91.707,2069016576
680.179377,building index: loading tuples on disk,65776,60320,0,1085589,91.726,2068860928
680.870132,building index: loading tuples on disk,65776,60323,0,1085745,91.739,2055307264
681.616314,building index: loading tuples on disk,65776,60325,0,1085883,91.751,2056044544
682.437397,building index: loading tuples on disk,65776,60327,0,1085997,91.76,2056318976
683.182244,building index: loading tuples on disk,65776,60330,0,1086126,91.771,2056880128
683.944384,building index: loading tuples on disk,65776,60332,0,1086264,91.783,2056810496
684.663006,building index: loading tuples on disk,65776,60335,0,1086450,91.799,2056740864
685.34295,building index: loading tuples on disk,65776,60339,0,1086652,91.816,2056982528
686.029319,building index: loading tuples on disk,65776,60343,0,1086869,91.834,2057785344
686.699309,building index: loading tuples on disk,65776,60347,0,1087092,91.853,2057932800
687.382077,building index: loading tuples on disk,65776,60350,0,1087273,91.868,2059468800
688.102682,building index: loading tuples on disk,65776,60417,0,1087405,91.879,2058858496
688.896015,building index: loading tuples on disk,65776,60419,0,1087533,91.89,2059378688
689.670592,building index: loading tuples on disk,65776,60422,0,1087661,91.901,2062053376
690.446027,building index: loading tuples on disk,65776,60424,0,1087813,91.914,2062450688
691.185903,building index: loading tuples on disk,65776,60428,0,1088002,91.93,2062139392
691.870558,building index: loading tuples on disk,65776,60432,0,1088201,91.947,2062798848
692.560926,building index: loading tuples on disk,65776,60436,0,1088407,91.964,2062454784
693.241573,building index: loading tuples on disk,65776,60440,0,1088628,91.983,2062794752
693.926066,building index: loading tuples on disk,65776,60443,0,1088793,91.997,2062655488
694.670413,building index: loading tuples on disk,65776,60445,0,1088928,92.008,2062565376
695.434588,building index: loading tuples on disk,65776,60447,0,1089046,92.018,2067259392
696.209537,building index: loading tuples on disk,65776,60513,0,1089162,92.028,2067591168
697.028164,building index: loading tuples on disk,65776,60516,0,1089298,92.039,2067763200
697.767503,building index: loading tuples on disk,65776,60520,0,1089520,92.058,2067947520
698.453637,building index: loading tuples on disk,65776,60524,0,1089717,92.075,2067824640
699.14183,building index: loading tuples on disk,65776,60527,0,1089916,92.092,2068107264
699.829087,building index: loading tuples on disk,65776,60531,0,1090136,92.11,2067714048
700.511856,building index: loading tuples on disk,65776,60534,0,1090297,92.124,2068123648
701.233498,building index: loading tuples on disk,65776,60537,0,1090431,92.135,2068426752
702.019235,building index: loading tuples on disk,65776,60539,0,1090549,92.145,2068168704
702.820948,building index: loading tuples on disk,65776,60541,0,1090684,92.156,2067955712
703.625512,building index: loading tuples on disk,65776,60608,0,1090828,92.169,2068221952
704.354291,building index: loading tuples on disk,65776,60612,0,1091055,92.188,2068615168
705.025381,building index: loading tuples on disk,65776,60616,0,1091261,92.205,2068541440
705.704045,building index: loading tuples on disk,65776,60620,0,1091484,92.224,2069766144
706.386911,building index: loading tuples on disk,65776,60624,0,1091689,92.241,2068815872
707.095909,building index: loading tuples on disk,65776,60627,0,1091860,92.256,2069209088
707.80918,building index: loading tuples on disk,65776,60630,0,1091990,92.267,2069630976
708.569645,building index: loading tuples on disk,65776,60632,0,1092105,92.276,2069069824
709.33769,building index: loading tuples on disk,65776,60634,0,1092237,92.288,2069479424
710.074006,building index: loading tuples on disk,65776,60637,0,1092386,92.3,2069778432
710.792465,building index: loading tuples on disk,65776,60704,0,1092575,92.316,2069897216
711.472298,building index: loading tuples on disk,65776,60708,0,1092779,92.333,2070200320
712.162469,building index: loading tuples on disk,65776,60712,0,1092981,92.35,2070360064
712.849001,building index: loading tuples on disk,65776,60716,0,1093194,92.368,2070495232
713.537462,building index: loading tuples on disk,65776,60719,0,1093363,92.383,2071060480
714.266619,building index: loading tuples on disk,65776,60721,0,1093498,92.394,2071556096
715.144839,building index: loading tuples on disk,65776,60724,0,1093633,92.406,2071146496
715.916424,building index: loading tuples on disk,65776,60727,0,1093767,92.417,2071547904
716.647932,building index: loading tuples on disk,65776,60729,0,1093913,92.429,2071379968
717.369411,building index: loading tuples on disk,65776,60733,0,1094106,92.446,2071650304
718.086624,building index: loading tuples on disk,65776,60801,0,1094302,92.462,2071760896
718.777981,building index: loading tuples on disk,65776,60804,0,1094510,92.48,2071281664
719.469227,building index: loading tuples on disk,65776,60808,0,1094724,92.498,2072367104
720.152199,building index: loading tuples on disk,65776,60812,0,1094904,92.513,2072305664
720.864588,building index: loading tuples on disk,65776,60814,0,1095033,92.524,2072064000
721.612665,building index: loading tuples on disk,65776,60816,0,1095155,92.534,2071904256
722.361035,building index: loading tuples on disk,65776,60819,0,1095269,92.544,2072236032
723.119256,building index: loading tuples on disk,65776,60821,0,1095407,92.555,2072080384
723.865866,building index: loading tuples on disk,65776,60825,0,1095597,92.572,2076737536
724.541154,building index: loading tuples on disk,65776,60829,0,1095803,92.589,2080116736
725.222817,building index: loading tuples on disk,65776,60897,0,1096020,92.607,2077212672
725.946669,building index: loading tuples on disk,65776,60900,0,1096210,92.623,2063093760
726.679745,building index: loading tuples on disk,65776,60903,0,1096363,92.636,2063949824
727.415486,building index: loading tuples on disk,65776,60905,0,1096475,92.646,2064125952
728.181286,building index: loading tuples on disk,65776,60907,0,1096598,92.656,2064502784
728.929774,building index: loading tuples on disk,65776,60910,0,1096723,92.667,2064252928
729.682286,building index: loading tuples on disk,65776,60913,0,1096876,92.68,2064736256
730.414042,building index: loading tuples on disk,65776,60917,0,1097093,92.698,2064322560
731.09743,building index: loading tuples on disk,65776,60921,0,1097302,92.716,2065534976
731.855016,building index: loading tuples on disk,65776,60924,0,1097508,92.733,2065223680
732.560518,building index: loading tuples on disk,65776,60992,0,1097722,92.751,2065965056
733.266621,building index: loading tuples on disk,65776,60995,0,1097865,92.763,2066030592
734.042279,building index: loading tuples on disk,65776,60997,0,1097997,92.774,2065874944
734.855405,building index: loading tuples on disk,65776,60999,0,1098113,92.784,2069123072
735.651834,building index: loading tuples on disk,65776,61002,0,1098226,92.794,2069774336
736.402189,building index: loading tuples on disk,65776,61004,0,1098370,92.806,2070110208
737.127858,building index: loading tuples on disk,65776,61008,0,1098548,92.821,2069721088
737.832894,building index: loading tuples on disk,65776,61011,0,1098708,92.834,2069811200
738.593922,building index: loading tuples on disk,65776,61014,0,1098876,92.849,2069786624
739.299421,building index: loading tuples on disk,65776,61018,0,1099090,92.867,2069422080
740.021484,building index: loading tuples on disk,65776,61021,0,1099249,92.88,2070355968
740.746267,building index: loading tuples on disk,65776,61023,0,1099387,92.892,2074288128
741.492262,building index: loading tuples on disk,65776,61089,0,1099505,92.902,2074079232
742.285431,building index: loading tuples on disk,65776,61092,0,1099627,92.912,2074345472
743.03847,building index: loading tuples on disk,65776,61094,0,1099772,92.924,2075459584
743.777497,building index: loading tuples on disk,65776,61098,0,1099945,92.939,2075582464
744.473535,building index: loading tuples on disk,65776,61102,0,1100148,92.956,2075144192
745.163173,building index: loading tuples on disk,65776,61106,0,1100369,92.975,2075361280
745.831354,building index: loading tuples on disk,65776,61110,0,1100580,92.993,2076028928
746.532834,building index: loading tuples on disk,65776,61113,0,1100742,93.006,2076172288
747.252816,building index: loading tuples on disk,65776,61115,0,1100866,93.017,2076495872
748.010478,building index: loading tuples on disk,65776,61117,0,1100980,93.026,2076139520
748.774949,building index: loading tuples on disk,65776,61184,0,1101109,93.037,2076143616
749.517295,building index: loading tuples on disk,65776,61187,0,1101253,93.049,2076327936
750.25061,building index: loading tuples on disk,65776,61190,0,1101424,93.064,2076258304
750.916512,building index: loading tuples on disk,65776,61193,0,1101617,93.08,2076594176
751.604405,building index: loading tuples on disk,65776,61198,0,1101841,93.099,2076803072
752.282021,building index: loading tuples on disk,65776,61202,0,1102049,93.117,2076680192
752.974434,building index: loading tuples on disk,65776,61205,0,1102214,93.131,2077032448
753.712249,building index: loading tuples on disk,65776,61207,0,1102341,93.141,2076897280
754.594039,building index: loading tuples on disk,65776,61209,0,1102462,93.152,2077163520
755.329398,building index: loading tuples on disk,65776,61212,0,1102599,93.163,2077151232
756.074769,building index: loading tuples on disk,65776,61214,0,1102723,93.174,2077335552
756.829087,building index: loading tuples on disk,65776,61281,0,1102891,93.188,2077728768
757.518793,building index: loading tuples on disk,65776,61284,0,1103070,93.203,2077814784
758.237597,building index: loading tuples on disk,65776,61288,0,1103251,93.218,2078253056
758.971155,building index: loading tuples on disk,65776,61292,0,1103458,93.236,2078478336
759.676131,building index: loading tuples on disk,65776,61295,0,1103618,93.249,2077573120
760.404547,building index: loading tuples on disk,65776,61297,0,1103744,93.26,2078281728
761.141268,building index: loading tuples on disk,65776,61299,0,1103877,93.271,2078162944
761.891761,building index: loading tuples on disk,65776,61302,0,1104013,93.283,2078367744
762.635034,building index: loading tuples on disk,65776,61305,0,1104155,93.295,2078564352
763.355232,building index: loading tuples on disk,65776,61309,0,1104379,93.314,2078875648
764.029485,building index: loading tuples on disk,65776,61376,0,1104574,93.33,2078515200
764.735434,building index: loading tuples on disk,65776,61380,0,1104759,93.346,2078859264
765.414346,building index: loading tuples on disk,65776,61384,0,1104982,93.365,2079313920
766.10396,building index: loading tuples on disk,65776,61387,0,1105151,93.379,2079002624
766.83982,building index: loading tuples on disk,65776,61390,0,1105287,93.39,2079461376
767.591214,building index: loading tuples on disk,65776,61392,0,1105408,93.401,2079088640
768.332261,building index: loading tuples on disk,65776,61395,0,1105546,93.412,2079608832
769.095754,building index: loading tuples on disk,65776,61397,0,1105691,93.424,2079539200
769.816717,building index: loading tuples on disk,65776,61401,0,1105897,93.442,2083901440
770.507125,building index: loading tuples on disk,65776,61405,0,1106089,93.458,2084405248
771.207367,building index: loading tuples on disk,65776,61472,0,1106281,93.474,2071453696
771.93144,building index: loading tuples on disk,65776,61477,0,1106500,93.493,2072182784
772.623957,building index: loading tuples on disk,65776,61480,0,1106664,93.507,2071973888
773.368801,building index: loading tuples on disk,65776,61482,0,1106799,93.518,2072784896
774.10994,building index: loading tuples on disk,65776,61485,0,1106920,93.528,2072911872
774.91215,building index: loading tuples on disk,65776,61487,0,1107031,93.538,2073223168
775.663294,building index: loading tuples on disk,65776,61489,0,1107142,93.547,2073661440
776.400601,building index: loading tuples on disk,65776,61492,0,1107322,93.562,2073686016
777.115258,building index: loading tuples on disk,65776,61495,0,1107512,93.578,2073939968
777.811451,building index: loading tuples on disk,65776,61499,0,1107718,93.596,2074759168
778.548651,building index: loading tuples on disk,65776,61503,0,1107917,93.612,2074836992
779.243939,building index: loading tuples on disk,65776,61570,0,1108079,93.626,2075721728
779.966087,building index: loading tuples on disk,65776,61573,0,1108221,93.638,2078707712
780.745639,building index: loading tuples on disk,65776,61575,0,1108328,93.647,2076831744
781.5689,building index: loading tuples on disk,65776,61577,0,1108450,93.658,2076819456
782.345939,building index: loading tuples on disk,65776,61580,0,1108599,93.67,2077679616
783.069384,building index: loading tuples on disk,65776,61583,0,1108782,93.686,2077151232
783.765382,building index: loading tuples on disk,65776,61587,0,1108967,93.701,2077208576
784.450671,building index: loading tuples on disk,65776,61591,0,1109184,93.72,2077003776
785.170591,building index: loading tuples on disk,65776,61594,0,1109367,93.735,2077474816
785.922395,building index: loading tuples on disk,65776,61596,0,1109493,93.746,2080624640
786.679077,building index: loading tuples on disk,65776,61599,0,1109617,93.756,2080907264
787.443717,building index: loading tuples on disk,65776,61665,0,1109727,93.765,2080878592
788.184068,building index: loading tuples on disk,65776,61667,0,1109864,93.777,2081038336
788.959427,building index: loading tuples on disk,65776,61669,0,1109981,93.787,2081304576
789.705081,building index: loading tuples on disk,65776,61673,0,1110173,93.803,2081284096
790.381349,building index: loading tuples on disk,65776,61676,0,1110369,93.82,2081107968
791.076387,building index: loading tuples on disk,65776,61680,0,1110546,93.835,2081648640
791.765197,building index: loading tuples on disk,65776,61683,0,1110758,93.853,2081558528
792.465444,building index: loading tuples on disk,65776,61686,0,1110921,93.866,2081800192
793.195577,building index: loading tuples on disk,65776,61689,0,1111048,93.877,2082136064
793.981898,building index: loading tuples on disk,65776,61691,0,1111171,93.887,2082217984
794.783133,building index: loading tuples on disk,65776,61693,0,1111278,93.896,2082168832
795.585591,building index: loading tuples on disk,65776,61695,0,1111407,93.907,2081845248
796.304991,building index: loading tuples on disk,65776,61763,0,1111617,93.925,2082553856
796.978864,building index: loading tuples on disk,65776,61767,0,1111812,93.942,2081992704
797.66633,building index: loading tuples on disk,65776,61771,0,1112041,93.961,2082635776
798.347874,building index: loading tuples on disk,65776,61775,0,1112252,93.979,2083184640
799.043875,building index: loading tuples on disk,65776,61778,0,1112415,93.993,2083450880
799.762218,building index: loading tuples on disk,65776,61780,0,1112540,94.003,2083221504
800.520223,building index: loading tuples on disk,65776,61783,0,1112670,94.014,2085347328
801.270193,building index: loading tuples on disk,65776,61785,0,1112806,94.026,2083262464
802.010698,building index: loading tuples on disk,65776,61788,0,1112947,94.038,2087505920
802.736944,building index: loading tuples on disk,65776,61791,0,1113135,94.053,2087555072
803.406997,building index: loading tuples on disk,65776,61859,0,1113331,94.07,2087661568
804.090577,building index: loading tuples on disk,65776,61863,0,1113545,94.088,2087915520
804.751137,building index: loading tuples on disk,65776,61867,0,1113760,94.106,2088198144
805.444216,building index: loading tuples on disk,65776,61870,0,1113931,94.121,2088271872
806.214494,building index: loading tuples on disk,65776,61872,0,1114049,94.131,2088361984
806.991054,building index: loading tuples on disk,65776,61875,0,1114172,94.141,2088566784
807.766931,building index: loading tuples on disk,65776,61877,0,1114308,94.152,2088669184
808.531322,building index: loading tuples on disk,65776,61880,0,1114450,94.164,2088460288
809.262169,building index: loading tuples on disk,65776,61884,0,1114646,94.181,2088517632
809.941974,building index: loading tuples on disk,65776,61887,0,1114847,94.198,2088960000
810.648294,building index: loading tuples on disk,65776,61955,0,1115039,94.214,2088849408
811.355581,building index: loading tuples on disk,65776,61959,0,1115253,94.232,2089648128
812.056757,building index: loading tuples on disk,65776,61962,0,1115418,94.246,2089504768
812.770604,building index: loading tuples on disk,65776,61964,0,1115551,94.258,2089631744
813.5147,building index: loading tuples on disk,65776,61967,0,1115676,94.268,2089746432
814.266676,building index: loading tuples on disk,65776,61969,0,1115800,94.279,2089848832
815.019807,building index: loading tuples on disk,65776,61972,0,1115940,94.29,2090131456
815.749758,building index: loading tuples on disk,65776,61975,0,1116108,94.305,2090115072
816.545552,building index: loading tuples on disk,65776,61978,0,1116279,94.319,2078474240
817.255468,building index: loading tuples on disk,65776,61982,0,1116483,94.336,2078740480
817.929049,building index: loading tuples on disk,65776,62050,0,1116703,94.355,2078883840
818.614533,building index: loading tuples on disk,65776,62053,0,1116871,94.369,2078904320
819.344199,building index: loading tuples on disk,65776,62055,0,1117006,94.38,2079350784
820.10421,building index: loading tuples on disk,65776,62057,0,1117104,94.389,2079027200
820.978828,building index: loading tuples on disk,65776,62059,0,1117228,94.399,2079752192
821.727855,building index: loading tuples on disk,65776,62062,0,1117386,94.413,2079662080
822.451902,building index: loading tuples on disk,65776,62066,0,1117613,94.432,2080280576
823.119235,building index: loading tuples on disk,65776,62070,0,1117812,94.449,2085101568
823.8103,building index: loading tuples on disk,65776,62074,0,1118021,94.466,2082463744
824.495406,building index: loading tuples on disk,65776,62077,0,1118179,94.48,2083020800
825.249609,building index: loading tuples on disk,65776,62079,0,1118321,94.492,2082811904
826.015206,building index: loading tuples on disk,65776,62146,0,1118450,94.502,2082467840
826.766601,building index: loading tuples on disk,65776,62148,0,1118576,94.513,2083418112
827.500332,building index: loading tuples on disk,65776,62151,0,1118726,94.526,2083373056
828.223158,building index: loading tuples on disk,65776,62154,0,1118883,94.539,2083217408
828.937341,building index: loading tuples on disk,65776,62158,0,1119104,94.558,2083373056
829.617475,building index: loading tuples on disk,65776,62161,0,1119287,94.573,2083434496
830.331149,building index: loading tuples on disk,65776,62164,0,1119447,94.587,2083778560
831.05806,building index: loading tuples on disk,65776,62167,0,1119607,94.6,2087256064
831.785928,building index: loading tuples on disk,65776,62170,0,1119741,94.612,2087174144
832.537294,building index: loading tuples on disk,65776,62172,0,1119874,94.623,2087071744
833.302896,building index: loading tuples on disk,65776,62175,0,1120016,94.635,2089725952
834.084055,building index: loading tuples on disk,65776,62241,0,1120159,94.647,2088689664
834.851649,building index: loading tuples on disk,65776,62244,0,1120312,94.66,2088722432
835.577707,building index: loading tuples on disk,65776,62248,0,1120517,94.677,2088783872
836.261129,building index: loading tuples on disk,65776,62252,0,1120718,94.694,2088542208
836.954292,building index: loading tuples on disk,65776,62255,0,1120902,94.71,2088710144
837.640036,building index: loading tuples on disk,65776,62259,0,1121107,94.727,2089435136
838.334797,building index: loading tuples on disk,65776,62262,0,1121269,94.741,2089373696
839.037073,building index: loading tuples on disk,65776,62264,0,1121394,94.751,2089345024
839.784031,building index: loading tuples on disk,65776,62267,0,1121514,94.761,2089385984
840.522758,building index: loading tuples on disk,65776,62269,0,1121646,94.773,2089902080
841.257828,building index: loading tuples on disk,65776,62336,0,1121789,94.785,2089816064
841.98463,building index: loading tuples on disk,65776,62339,0,1121979,94.801,2089730048
842.670303,building index: loading tuples on disk,65776,62343,0,1122178,94.817,2090655744
843.356634,building index: loading tuples on disk,65776,62347,0,1122380,94.835,2090659840
844.035743,building index: loading tuples on disk,65776,62351,0,1122611,94.854,2090598400
844.710246,building index: loading tuples on disk,65776,62354,0,1122760,94.867,2090729472
845.423983,building index: loading tuples on disk,65776,62356,0,1122894,94.878,2090446848
846.253637,building index: loading tuples on disk,65776,62358,0,1123008,94.888,2094837760
847.00798,building index: loading tuples on disk,65776,62361,0,1123138,94.899,2094698496
847.80369,building index: loading tuples on disk,65776,62363,0,1123261,94.909,2095071232
848.532627,building index: loading tuples on disk,65776,62366,0,1123433,94.924,2095538176
849.236376,building index: loading tuples on disk,65776,62434,0,1123640,94.941,2095763456
849.92659,building index: loading tuples on disk,65776,62438,0,1123851,94.959,2095419392
850.603733,building index: loading tuples on disk,65776,62441,0,1124054,94.976,2095390720
851.293886,building index: loading tuples on disk,65776,62445,0,1124227,94.991,2095501312
852.052729,building index: loading tuples on disk,65776,62447,0,1124357,95.002,2095824896
852.935323,building index: loading tuples on disk,65776,62449,0,1124482,95.012,2095845376
853.696163,building index: loading tuples on disk,65776,62452,0,1124608,95.023,2095783936
854.433148,building index: loading tuples on disk,65776,62455,0,1124759,95.036,2096431104
855.164974,building index: loading tuples on disk,65776,62458,0,1124960,95.053,2096435200
855.831916,building index: loading tuples on disk,65776,62462,0,1125163,95.07,2096508928
856.515109,building index: loading tuples on disk,65776,62530,0,1125378,95.088,2096091136
857.211603,building index: loading tuples on disk,65776,62534,0,1125606,95.107,2097131520
857.893048,building index: loading tuples on disk,65776,62538,0,1125774,95.121,2097074176
858.613506,building index: loading tuples on disk,65776,62540,0,1125909,95.133,2096762880
859.370981,building index: loading tuples on disk,65776,62543,0,1126042,95.144,2097127424
860.178787,building index: loading tuples on disk,65776,62545,0,1126176,95.155,2097328128
860.925558,building index: loading tuples on disk,65776,62548,0,1126318,95.167,2097676288
861.645222,building index: loading tuples on disk,65776,62552,0,1126545,95.186,2087116800
862.362164,building index: loading tuples on disk,65776,62556,0,1126753,95.204,2086912000
863.033974,building index: loading tuples on disk,65776,62559,0,1126944,95.22,2087747584
863.716671,building index: loading tuples on disk,65776,62628,0,1127181,95.24,2087833600
864.391496,building index: loading tuples on disk,65776,62631,0,1127372,95.256,2090500096
865.131842,building index: loading tuples on disk,65776,62634,0,1127511,95.268,2090799104
865.878856,building index: loading tuples on disk,65776,62636,0,1127632,95.278,2091114496
866.673225,building index: loading tuples on disk,65776,62638,0,1127753,95.289,2091356160
867.438554,building index: loading tuples on disk,65776,62641,0,1127894,95.3,2091196416
868.169569,building index: loading tuples on disk,65776,62644,0,1128073,95.316,2091020288
868.863661,building index: loading tuples on disk,65776,62648,0,1128255,95.331,2091610112
869.563079,building index: loading tuples on disk,65776,62651,0,1128446,95.347,2095837184
870.244025,building index: loading tuples on disk,65776,62655,0,1128668,95.366,2095865856
870.911015,building index: loading tuples on disk,65776,62723,0,1128846,95.381,2096148480
871.63169,building index: loading tuples on disk,65776,62725,0,1128993,95.393,2096640000
872.376674,building index: loading tuples on disk,65776,62728,0,1129109,95.403,2096627712
873.177831,building index: loading tuples on disk,65776,62730,0,1129240,95.414,2096242688
873.917635,building index: loading tuples on disk,65776,62733,0,1129383,95.426,2096607232
874.670152,building index: loading tuples on disk,65776,62736,0,1129571,95.442,2096508928
875.340959,building index: loading tuples on disk,65776,62740,0,1129785,95.46,2096680960
876.03741,building index: loading tuples on disk,65776,62744,0,1129986,95.477,2096971776
876.739261,building index: loading tuples on disk,65776,62748,0,1130202,95.495,2097487872
877.417772,building index: loading tuples on disk,65776,62816,0,1130388,95.511,2097496064
878.123788,building index: loading tuples on disk,65776,62818,0,1130534,95.524,2097262592
878.878807,building index: loading tuples on disk,65776,62820,0,1130654,95.534,2097348608
879.652206,building index: loading tuples on disk,65776,62823,0,1130785,95.545,2097803264
880.382959,building index: loading tuples on disk,65776,62825,0,1130918,95.556,2097897472
881.107591,building index: loading tuples on disk,65776,62829,0,1131091,95.571,2097684480
881.825908,building index: loading tuples on disk,65776,62832,0,1131286,95.587,2097934336
882.511696,building index: loading tuples on disk,65776,62836,0,1131490,95.604,2098126848
883.209419,building index: loading tuples on disk,65776,62839,0,1131679,95.62,2098032640
883.91695,building index: loading tuples on disk,65776,62842,0,1131835,95.633,2098647040
884.632986,building index: loading tuples on disk,65776,62845,0,1131974,95.645,2098581504
885.368424,building index: loading tuples on disk,65776,62847,0,1132099,95.656,2098089984
886.105572,building index: loading tuples on disk,65776,62913,0,1132226,95.666,2098688000
886.853438,building index: loading tuples on disk,65776,62915,0,1132356,95.677,2098970624
887.586899,building index: loading tuples on disk,65776,62919,0,1132529,95.692,2098667520
888.291069,building index: loading tuples on disk,65776,62922,0,1132705,95.707,2099019776
888.989481,building index: loading tuples on disk,65776,62925,0,1132884,95.722,2099564544
889.710692,building index: loading tuples on disk,65776,62929,0,1133080,95.739,2098982912
890.398311,building index: loading tuples on disk,65776,62933,0,1133285,95.756,2099314688
891.100928,building index: loading tuples on disk,65776,62935,0,1133433,95.768,2099707904
891.825652,building index: loading tuples on disk,65776,62938,0,1133561,95.779,2099994624
892.557435,building index: loading tuples on disk,65776,62940,0,1133688,95.79,2099666944
893.312705,building index: loading tuples on disk,65776,62943,0,1133817,95.801,2100613120
894.048064,building index: loading tuples on disk,65776,63010,0,1133979,95.815,2100015104
894.765654,building index: loading tuples on disk,65776,63013,0,1134184,95.832,2100584448
895.452335,building index: loading tuples on disk,65776,63017,0,1134386,95.849,2100756480
896.147095,building index: loading tuples on disk,65776,63021,0,1134612,95.868,2105085952
896.813418,building index: loading tuples on disk,65776,63026,0,1134826,95.886,2105262080
897.524391,building index: loading tuples on disk,65776,63028,0,1134974,95.899,2105569280
898.265466,building index: loading tuples on disk,65776,63031,0,1135104,95.91,2105171968
899.021186,building index: loading tuples on disk,65776,63033,0,1135223,95.92,2105540608
899.757654,building index: loading tuples on disk,65776,63035,0,1135358,95.931,2105905152
900.503863,building index: loading tuples on disk,65776,63038,0,1135520,95.945,2106056704
901.224119,building index: loading tuples on disk,65776,63106,0,1135723,95.962,2106458112
901.909604,building index: loading tuples on disk,65776,63110,0,1135908,95.978,2106126336
902.611393,building index: loading tuples on disk,65776,63114,0,1136107,95.994,2106138624
903.308564,building index: loading tuples on disk,65776,63117,0,1136316,96.012,2106744832
904.007834,building index: loading tuples on disk,65776,63120,0,1136474,96.025,2106732544
904.720892,building index: loading tuples on disk,65776,63123,0,1136603,96.036,2106830848
905.474506,building index: loading tuples on disk,65776,63125,0,1136710,96.045,2106261504
906.288223,building index: loading tuples on disk,65776,63127,0,1136842,96.056,2093506560
907.061691,building index: loading tuples on disk,65776,63130,0,1136993,96.069,2094100480
907.777074,building index: loading tuples on disk,65776,63134,0,1137204,96.087,2093981696
908.456979,building index: loading tuples on disk,65776,63201,0,1137410,96.104,2094219264
909.161894,building index: loading tuples on disk,65776,63206,0,1137643,96.124,2094608384
909.844692,building index: loading tuples on disk,65776,63210,0,1137844,96.141,2094993408
910.545274,building index: loading tuples on disk,65776,63212,0,1137997,96.154,2094649344
911.279564,building index: loading tuples on disk,65776,63215,0,1138114,96.164,2098642944
912.157194,building index: loading tuples on disk,65776,63217,0,1138230,96.174,2096803840
912.903314,building index: loading tuples on disk,65776,63219,0,1138363,96.185,2096963584
913.643217,building index: loading tuples on disk,65776,63222,0,1138504,96.197,2097987584
914.360745,building index: loading tuples on disk,65776,63226,0,1138717,96.215,2098487296
915.037058,building index: loading tuples on disk,65776,63229,0,1138898,96.23,2098364416
915.737667,building index: loading tuples on disk,65776,63296,0,1139080,96.246,2098442240
916.420693,building index: loading tuples on disk,65776,63300,0,1139277,96.262,2098184192
917.136604,building index: loading tuples on disk,65776,63303,0,1139436,96.276,2098184192
917.865939,building index: loading tuples on disk,65776,63305,0,1139556,96.286,2098765824
918.766634,building index: loading tuples on disk,65776,63307,0,1139686,96.297,2098438144
919.510712,building index: loading tuples on disk,65776,63310,0,1139817,96.308,2099146752
920.254874,building index: loading tuples on disk,65776,63313,0,1139987,96.322,2098634752
920.966875,building index: loading tuples on disk,65776,63317,0,1140205,96.341,2099105792
921.660134,building index: loading tuples on disk,65776,63321,0,1140400,96.357,2102304768
922.353979,building index: loading tuples on disk,65776,63325,0,1140614,96.375,2102542336
923.059895,building index: loading tuples on disk,65776,63393,0,1140821,96.393,2102353920
923.755815,building index: loading tuples on disk,65776,63395,0,1140965,96.405,2103255040
924.511707,building index: loading tuples on disk,65776,63398,0,1141068,96.414,2104311808
925.325765,building index: loading tuples on disk,65776,63400,0,1141187,96.424,2103623680
926.08068,building index: loading tuples on disk,65776,63402,0,1141312,96.434,2103758848
926.818185,building index: loading tuples on disk,65776,63405,0,1141471,96.448,2104107008
927.528256,building index: loading tuples on disk,65776,63409,0,1141697,96.467,2104229888
928.224996,building index: loading tuples on disk,65776,63413,0,1141899,96.484,2104438784
928.923351,building index: loading tuples on disk,65776,63418,0,1142136,96.504,2104246272
929.594641,building index: loading tuples on disk,65776,63422,0,1142357,96.522,2104209408
930.276549,building index: loading tuples on disk,65776,63489,0,1142524,96.537,2104578048
930.991538,building index: loading tuples on disk,65776,63491,0,1142646,96.547,2104692736
931.762602,building index: loading tuples on disk,65776,63493,0,1142766,96.557,2105167872
932.569004,building index: loading tuples on disk,65776,63496,0,1142885,96.567,2104868864
933.322993,building index: loading tuples on disk,65776,63498,0,1143024,96.579,2105257984
934.052062,building index: loading tuples on disk,65776,63502,0,1143209,96.594,2105352192
934.736552,building index: loading tuples on disk,65776,63505,0,1143393,96.61,2105270272
935.427494,building index: loading tuples on disk,65776,63509,0,1143612,96.629,2105544704
936.109658,building index: loading tuples on disk,65776,63513,0,1143825,96.647,2109657088
936.867234,building index: loading tuples on disk,65776,63516,0,1143985,96.66,2109796352
937.6079,building index: loading tuples on disk,65776,63518,0,1144107,96.67,2110124032
938.399205,building index: loading tuples on disk,65776,63585,0,1144220,96.68,2110480384
939.158162,building index: loading tuples on disk,65776,63587,0,1144341,96.69,2110824448
939.904954,building index: loading tuples on disk,65776,63590,0,1144495,96.703,2110787584
940.623201,building index: loading tuples on disk,65776,63594,0,1144710,96.721,2110377984
941.323317,building index: loading tuples on disk,65776,63598,0,1144907,96.738,2110799872
942.014025,building index: loading tuples on disk,65776,63602,0,1145125,96.756,2110783488
942.697828,building index: loading tuples on disk,65776,63605,0,1145316,96.772,2110459904
943.414195,building index: loading tuples on disk,65776,63608,0,1145471,96.786,2111401984
944.148739,building index: loading tuples on disk,65776,63610,0,1145597,96.796,2114531328
944.999932,building index: loading tuples on disk,65776,63613,0,1145722,96.807,2111094784
945.733299,building index: loading tuples on disk,65776,63615,0,1145857,96.818,2111262720
946.469917,building index: loading tuples on disk,65776,63682,0,1145988,96.829,2111660032
947.216089,building index: loading tuples on disk,65776,63685,0,1146165,96.844,2111352832
947.913952,building index: loading tuples on disk,65776,63689,0,1146371,96.862,2111918080
948.617369,building index: loading tuples on disk,65776,63693,0,1146581,96.879,2111905792
949.29759,building index: loading tuples on disk,65776,63696,0,1146777,96.896,2112102400
950.011426,building index: loading tuples on disk,65776,63699,0,1146934,96.909,2112364544
950.795797,building index: loading tuples on disk,65776,63701,0,1147051,96.919,2112225280
951.573322,building index: loading tuples on disk,65776,63704,0,1147182,96.93,2101760000
952.35751,building index: loading tuples on disk,65776,63706,0,1147300,96.94,2101682176
953.093364,building index: loading tuples on disk,65776,63709,0,1147456,96.953,2102296576
953.811737,building index: loading tuples on disk,65776,63777,0,1147673,96.972,2103103488
954.504171,building index: loading tuples on disk,65776,63781,0,1147876,96.989,2104320000
955.219713,building index: loading tuples on disk,65776,63784,0,1148079,97.006,2104979456
955.904393,building index: loading tuples on disk,65776,63788,0,1148281,97.023,2104897536
956.620209,building index: loading tuples on disk,65776,63790,0,1148388,97.032,2106834944
957.444543,building index: loading tuples on disk,65776,63793,0,1148522,97.043,2105065472
958.219834,building index: loading tuples on disk,65776,63795,0,1148647,97.054,2107351040
958.975427,building index: loading tuples on disk,65776,63798,0,1148776,97.065,2107232256
959.700019,building index: loading tuples on disk,65776,63800,0,1148929,97.078,2107707392
960.42506,building index: loading tuples on disk,65776,63804,0,1149143,97.096,2107531264
961.10186,building index: loading tuples on disk,65776,63872,0,1149335,97.112,2107789312
961.791014,building index: loading tuples on disk,65776,63876,0,1149566,97.132,2107994112
962.457466,building index: loading tuples on disk,65776,63880,0,1149773,97.149,2108215296
963.17822,building index: loading tuples on disk,65776,63882,0,1149898,97.16,2107863040
963.968101,building index: loading tuples on disk,65776,63885,0,1150023,97.17,2108018688
964.736214,building index: loading tuples on disk,65776,63887,0,1150148,97.181,2108678144
965.489964,building index: loading tuples on disk,65776,63921,0,1150264,97.191,2108424192
966.253046,building index: loading tuples on disk,65776,63924,0,1150431,97.205,2108198912
966.980756,building index: loading tuples on disk,65776,63928,0,1150651,97.223,2108813312
967.661381,building index: loading tuples on disk,65776,63932,0,1150842,97.239,2109267968
968.373399,building index: loading tuples on disk,65776,63968,0,1151056,97.257,2113433600
969.072411,building index: loading tuples on disk,65776,63972,0,1151267,97.275,2113413120
969.820311,building index: loading tuples on disk,65776,63975,0,1151419,97.288,2114031616
970.536888,building index: loading tuples on disk,65776,63977,0,1151539,97.298,2113482752
971.333174,building index: loading tuples on disk,65776,63979,0,1151658,97.308,2113462272
972.164406,building index: loading tuples on disk,65776,63981,0,1151784,97.319,2113642496
972.905498,building index: loading tuples on disk,65776,64016,0,1151943,97.332,2113626112
973.638127,building index: loading tuples on disk,65776,64020,0,1152126,97.348,2114027520
974.327675,building index: loading tuples on disk,65776,64023,0,1152321,97.364,2114465792
975.011652,building index: loading tuples on disk,65776,64028,0,1152551,97.384,2114428928
975.692997,building index: loading tuples on disk,65776,64031,0,1152747,97.4,2114412544
976.396807,building index: loading tuples on disk,65776,64066,0,1152905,97.414,2114895872
977.12508,building index: loading tuples on disk,65776,64069,0,1153030,97.424,2114379776
977.882834,building index: loading tuples on disk,65776,64071,0,1153142,97.434,2115129344
978.649801,building index: loading tuples on disk,65776,64073,0,1153257,97.443,2115031040
979.401329,building index: loading tuples on disk,65776,64076,0,1153417,97.457,2115575808
980.112326,building index: loading tuples on disk,65776,64079,0,1153620,97.474,2115178496
980.800664,building index: loading tuples on disk,65776,64115,0,1153824,97.491,2115444736
981.479545,building index: loading tuples on disk,65776,64120,0,1154063,97.512,2115833856
982.161884,building index: loading tuples on disk,65776,64123,0,1154265,97.529,2115465216
982.869992,building index: loading tuples on disk,65776,64126,0,1154423,97.542,2115612672
983.607641,building index: loading tuples on disk,65776,64161,0,1154538,97.552,2115633152
984.454561,building index: loading tuples on disk,65776,64163,0,1154668,97.563,2116251648
985.219046,building index: loading tuples on disk,65776,64165,0,1154799,97.574,2116009984
985.946467,building index: loading tuples on disk,65776,64169,0,1154968,97.588,2115403776
986.651504,building index: loading tuples on disk,65776,64173,0,1155179,97.606,2116083712
987.329841,building index: loading tuples on disk,65776,64208,0,1155373,97.622,2116362240
988.029393,building index: loading tuples on disk,65776,64213,0,1155594,97.641,2120859648
988.720867,building index: loading tuples on disk,65776,64216,0,1155769,97.656,2121195520
989.428415,building index: loading tuples on disk,65776,64219,0,1155914,97.668,2121166848
990.157678,building index: loading tuples on disk,65776,64221,0,1156028,97.678,2121052160
990.927934,building index: loading tuples on disk,65776,64223,0,1156153,97.688,2120953856
991.674409,building index: loading tuples on disk,65776,64257,0,1156284,97.699,2121773056
992.421666,building index: loading tuples on disk,65776,64260,0,1156438,97.712,2121433088
993.127543,building index: loading tuples on disk,65776,64264,0,1156657,97.731,2121961472
993.8177,building index: loading tuples on disk,65776,64268,0,1156846,97.747,2122129408
994.49981,building index: loading tuples on disk,65776,64304,0,1157060,97.765,2122178560
995.177895,building index: loading tuples on disk,65776,64308,0,1157267,97.782,2122067968
995.890273,building index: loading tuples on disk,65776,64311,0,1157435,97.796,2125103104
996.784567,building index: loading tuples on disk,65776,64313,0,1157565,97.807,2108755968
997.53941,building index: loading tuples on disk,65776,64315,0,1157688,97.818,2109198336
998.286524,building index: loading tuples on disk,65776,64318,0,1157813,97.828,2109603840
999.035165,building index: loading tuples on disk,65776,64353,0,1157970,97.842,2109837312
999.747344,building index: loading tuples on disk,65776,64357,0,1158193,97.861,2111102976
1000.434437,building index: loading tuples on disk,65776,64361,0,1158389,97.877,2111434752
1001.132136,building index: loading tuples on disk,65776,64365,0,1158621,97.897,2111250432
1001.819509,building index: loading tuples on disk,65776,64401,0,1158829,97.914,2111508480
1002.516721,building index: loading tuples on disk,65776,64404,0,1158985,97.927,2111586304
1003.238244,building index: loading tuples on disk,65776,64406,0,1159116,97.939,2113933312
1004.005947,building index: loading tuples on disk,65776,64408,0,1159231,97.948,2114093056
1004.790798,building index: loading tuples on disk,65776,64410,0,1159337,97.957,2114101248
1005.545501,building index: loading tuples on disk,65776,64413,0,1159490,97.97,2114256896
1006.257737,building index: loading tuples on disk,65776,64448,0,1159667,97.985,2114752512
1006.949957,building index: loading tuples on disk,65776,64452,0,1159854,98.001,2114412544
1007.642662,building index: loading tuples on disk,65776,64456,0,1160075,98.02,2114428928
1008.309912,building index: loading tuples on disk,65776,64460,0,1160282,98.037,2114859008
1008.998905,building index: loading tuples on disk,65776,64463,0,1160438,98.05,2114826240
1009.71416,building index: loading tuples on disk,65776,64497,0,1160566,98.061,2114863104
1010.53998,building index: loading tuples on disk,65776,64499,0,1160674,98.07,2115133440
1011.376515,building index: loading tuples on disk,65776,64502,0,1160808,98.081,2114998272
1012.136792,building index: loading tuples on disk,65776,64504,0,1160966,98.095,2115411968
1012.861283,building index: loading tuples on disk,65776,64508,0,1161160,98.111,2115768320
1013.54001,building index: loading tuples on disk,65776,64511,0,1161361,98.128,2120957952
1014.221931,building index: loading tuples on disk,65776,64548,0,1161591,98.148,2121027584
1014.903406,building index: loading tuples on disk,65776,64551,0,1161782,98.164,2121478144
1015.619621,building index: loading tuples on disk,65776,64554,0,1161928,98.176,2121297920
1016.367855,building index: loading tuples on disk,65776,64556,0,1162056,98.187,2121494528
1017.157391,building index: loading tuples on disk,65776,64559,0,1162172,98.197,2121723904
1017.899392,building index: loading tuples on disk,65776,64593,0,1162304,98.208,2122002432
1018.654934,building index: loading tuples on disk,65776,64596,0,1162472,98.222,2121715712
1019.366905,building index: loading tuples on disk,65776,64600,0,1162689,98.24,2121535488
1020.049591,building index: loading tuples on disk,65776,64604,0,1162893,98.258,2122084352
1020.737851,building index: loading tuples on disk,65776,64640,0,1163131,98.278,2122047488
1021.402774,building index: loading tuples on disk,65776,64644,0,1163339,98.295,2122276864
1022.102888,building index: loading tuples on disk,65776,64647,0,1163496,98.309,2122354688
1022.83237,building index: loading tuples on disk,65776,64649,0,1163626,98.32,2126135296
1023.670495,building index: loading tuples on disk,65776,64652,0,1163742,98.329,2122498048
1024.412078,building index: loading tuples on disk,65776,64653,0,1163839,98.338,2122592256
1025.140047,building index: loading tuples on disk,65776,64688,0,1163980,98.349,2122543104
1025.866793,building index: loading tuples on disk,65776,64691,0,1164149,98.364,2123141120
1026.555637,building index: loading tuples on disk,65776,64695,0,1164353,98.381,2123026432
1027.295125,building index: loading tuples on disk,65776,64699,0,1164565,98.399,2123411456
1027.971279,building index: loading tuples on disk,65776,64703,0,1164777,98.417,2123603968
1028.662951,building index: loading tuples on disk,65776,64738,0,1164944,98.431,2123431936
1029.3776,building index: loading tuples on disk,65776,64740,0,1165066,98.441,2123595776
1030.128182,building index: loading tuples on disk,65776,64742,0,1165195,98.452,2123362304
1030.926755,building index: loading tuples on disk,65776,64745,0,1165321,98.463,2123726848
1031.659712,building index: loading tuples on disk,65776,64747,0,1165463,98.475,2123714560
1032.376052,building index: loading tuples on disk,65776,64751,0,1165684,98.493,2126184448
1033.051827,building index: loading tuples on disk,65776,64787,0,1165882,98.51,2125934592
1033.729539,building index: loading tuples on disk,65776,64791,0,1166090,98.528,2126725120
1034.402411,building index: loading tuples on disk,65776,64795,0,1166314,98.547,2126786560
1035.091914,building index: loading tuples on disk,65776,64798,0,1166469,98.56,2127077376
1035.804046,building index: loading tuples on disk,65776,64816,0,1166593,98.57,2127101952
1036.558782,building index: loading tuples on disk,65776,64818,0,1166711,98.58,2126651392
1037.320143,building index: loading tuples on disk,65776,64821,0,1166845,98.592,2129948672
1038.130952,building index: loading tuples on disk,65776,64823,0,1166992,98.604,2127085568
1038.863005,building index: loading tuples on disk,65776,64851,0,1167201,98.622,2127482880
1039.527027,building index: loading tuples on disk,65776,64855,0,1167393,98.638,2127654912
1040.215723,building index: loading tuples on disk,65776,64867,0,1167616,98.657,2127630336
1040.897514,building index: loading tuples on disk,65776,64871,0,1167840,98.676,2127724544
1041.57249,building index: loading tuples on disk,65776,64898,0,1167997,98.689,2117722112
1042.334358,building index: loading tuples on disk,65776,64901,0,1168122,98.699,2117472256
1043.126058,building index: loading tuples on disk,65776,64903,0,1168248,98.71,2118569984
1043.911036,building index: loading tuples on disk,65776,64913,0,1168370,98.72,2118205440
1044.646831,building index: loading tuples on disk,65776,64916,0,1168523,98.733,2118103040
1045.362469,building index: loading tuples on disk,65776,64944,0,1168736,98.751,2119372800
1046.048624,building index: loading tuples on disk,65776,64948,0,1168943,98.769,2119876608
1046.736275,building index: loading tuples on disk,65776,64951,0,1169120,98.784,2119929856
1047.438401,building index: loading tuples on disk,65776,64964,0,1169352,98.803,2119880704
1048.124897,building index: loading tuples on disk,65776,64967,0,1169525,98.818,2120503296
1048.844407,building index: loading tuples on disk,65776,64993,0,1169661,98.83,2120343552
1049.58082,building index: loading tuples on disk,65776,64995,0,1169781,98.84,2120351744
1050.336371,building index: loading tuples on disk,65776,64998,0,1169899,98.85,2120835072
1051.086359,building index: loading tuples on disk,65776,65008,0,1170042,98.862,2122768384
1051.824395,building index: loading tuples on disk,65776,65012,0,1170238,98.878,2123603968
1052.509215,building index: loading tuples on disk,65776,65040,0,1170437,98.895,2122981376
1053.20883,building index: loading tuples on disk,65776,65043,0,1170641,98.912,2123636736
1053.897091,building index: loading tuples on disk,65776,65047,0,1170868,98.931,2124890112
1054.589881,building index: loading tuples on disk,65776,65059,0,1171041,98.946,2124099584
1055.30265,building index: loading tuples on disk,65776,65061,0,1171174,98.957,2123980800
1056.064066,building index: loading tuples on disk,65776,65063,0,1171290,98.967,2124161024
1056.930612,building index: loading tuples on disk,65776,65090,0,1171417,98.978,2124226560
1057.697815,building index: loading tuples on disk,65776,65092,0,1171564,98.99,2124591104
1058.435073,building index: loading tuples on disk,65776,65104,0,1171754,99.006,2124226560
1059.116021,building index: loading tuples on disk,65776,65108,0,1171963,99.024,2124644352
1059.792587,building index: loading tuples on disk,65776,65128,0,1172181,99.042,2124865536
1060.470442,building index: loading tuples on disk,65776,65132,0,1172396,99.061,2125090816
1061.166856,building index: loading tuples on disk,65776,65135,0,1172577,99.076,2126376960
1061.881752,building index: loading tuples on disk,65776,65153,0,1172714,99.087,2126053376
1062.626686,building index: loading tuples on disk,65776,65155,0,1172820,99.096,2125946880
1063.38848,building index: loading tuples on disk,65776,65158,0,1172948,99.107,2126553088
1064.11821,building index: loading tuples on disk,65776,65176,0,1173092,99.119,2126532608
1064.859739,building index: loading tuples on disk,65776,65180,0,1173280,99.135,2126893056
1065.535864,building index: loading tuples on disk,65776,65183,0,1173477,99.152,2127003648
1066.236059,building index: loading tuples on disk,65776,65203,0,1173676,99.169,2126811136
1066.919183,building index: loading tuples on disk,65776,65207,0,1173898,99.188,2127507456
1067.604716,building index: loading tuples on disk,65776,65227,0,1174078,99.203,2127405056
1068.320279,building index: loading tuples on disk,65776,65229,0,1174217,99.214,2129088512
1069.132233,building index: loading tuples on disk,65776,65248,0,1174353,99.226,2127667200
1069.936025,building index: loading tuples on disk,65776,65250,0,1174473,99.236,2127708160
1070.672245,building index: loading tuples on disk,65776,65252,0,1174604,99.247,2127736832
1071.410847,building index: loading tuples on disk,65776,65272,0,1174793,99.263,2127781888
1072.085884,building index: loading tuples on disk,65776,65276,0,1174999,99.281,2127671296
1072.781145,building index: loading tuples on disk,65776,65279,0,1175200,99.298,2127982592
1073.472407,building index: loading tuples on disk,65776,65295,0,1175397,99.314,2128703488
1074.147841,building index: loading tuples on disk,65776,65307,0,1175584,99.33,2128670720
1074.867553,building index: loading tuples on disk,65776,65321,0,1175714,99.341,2128986112
1075.63987,building index: loading tuples on disk,65776,65328,0,1175846,99.352,2129051648
1076.406111,building index: loading tuples on disk,65776,65330,0,1175976,99.363,2128891904
1077.159389,building index: loading tuples on disk,65776,65341,0,1176100,99.374,2129014784
1077.890175,building index: loading tuples on disk,65776,65352,0,1176259,99.387,2129235968
1078.594255,building index: loading tuples on disk,65776,65368,0,1176476,99.405,2129825792
1079.278489,building index: loading tuples on disk,65776,65371,0,1176681,99.423,2129231872
1079.972908,building index: loading tuples on disk,65776,65396,0,1176911,99.442,2129657856
1080.648897,building index: loading tuples on disk,65776,65399,0,1177112,99.459,2130141184
1081.351552,building index: loading tuples on disk,65776,65406,0,1177258,99.471,2129780736
1082.107121,building index: loading tuples on disk,65776,65416,0,1177383,99.482,2129874944
1082.864988,building index: loading tuples on disk,65776,65419,0,1177511,99.493,2130677760
1083.635109,building index: loading tuples on disk,65776,65425,0,1177644,99.504,2130366464
1084.364892,building index: loading tuples on disk,65776,65448,0,1177815,99.518,2130898944
1085.068889,building index: loading tuples on disk,65776,65468,0,1178011,99.535,2130661376
1085.817723,building index: loading tuples on disk,65776,65471,0,1178184,99.55,2130870272
1086.519182,building index: loading tuples on disk,65776,65483,0,1178378,99.566,2124513280
1087.215863,building index: loading tuples on disk,65776,65514,0,1178559,99.581,2124738560
1087.938799,building index: loading tuples on disk,65776,65521,0,1178705,99.594,2125336576
1088.685715,building index: loading tuples on disk,65776,65542,0,1178833,99.604,2125111296
1089.450403,building index: loading tuples on disk,65776,65543,0,1178940,99.614,2125246464
1090.195142,building index: loading tuples on disk,65776,65558,0,1179069,99.624,2125475840
1090.93089,building index: loading tuples on disk,65776,65561,0,1179219,99.637,2125217792
1091.654906,building index: loading tuples on disk,65776,65565,0,1179420,99.654,2126077952
1092.340577,building index: loading tuples on disk,65776,65569,0,1179635,99.672,2126098432
1093.122163,building index: loading tuples on disk,65776,65573,0,1179852,99.691,2126192640
1093.814357,building index: loading tuples on disk,65776,65580,0,1180039,99.706,2126872576
1094.526239,building index: loading tuples on disk,65776,65583,0,1180182,99.718,2126868480
1095.279,building index: loading tuples on disk,65776,65585,0,1180313,99.73,2127167488
1096.099902,building index: loading tuples on disk,65776,65587,0,1180432,99.74,2126680064
1096.884644,building index: loading tuples on disk,65776,65590,0,1180570,99.751,2127171584
1097.622804,building index: loading tuples on disk,65776,65593,0,1180753,99.767,2127097856
1098.315521,building index: loading tuples on disk,65776,65609,0,1180972,99.785,2126991360
1099.001884,building index: loading tuples on disk,65776,65613,0,1181178,99.803,2127208448
1099.679875,building index: loading tuples on disk,65776,65617,0,1181399,99.821,2127409152
1100.356867,building index: loading tuples on disk,65776,65623,0,1181583,99.837,2127785984
1101.068301,building index: loading tuples on disk,65776,65633,0,1181731,99.849,2127495168
1101.824291,building index: loading tuples on disk,65776,65635,0,1181840,99.859,2127826944
1102.56707,building index: loading tuples on disk,65776,65658,0,1181962,99.869,2128064512
1103.307087,building index: loading tuples on disk,65776,65660,0,1182094,99.88,2128691200
1104.042199,building index: loading tuples on disk,65776,65663,0,1182259,99.894,2128678912
1104.748533,building index: loading tuples on disk,65776,65685,0,1182435,99.909,2127028224
1105.44187,building index: loading tuples on disk,65776,65689,0,1182568,99.92,2127622144
1106.14315,building index: loading tuples on disk,65776,65695,0,1182720,99.933,2127482880
1106.799209,building index: loading tuples on disk,65776,65699,0,1182885,99.947,2127867904
1107.470708,building index: loading tuples on disk,65776,65706,0,1183022,99.958,2127331328
1108.169051,building index: loading tuples on disk,65776,65709,0,1183140,99.968,2127572992
1108.909343,building index: loading tuples on disk,65776,65713,0,1183237,99.977,2127880192
1109.634084,building index: loading tuples on disk,65776,65718,0,1183319,99.984,2126008320
1110.450284,building index: loading tuples on disk,65776,65720,0,1183365,99.987,2126024704
1111.12355,building index: loading tuples on disk,65776,65726,0,1183446,99.994,2126172160
1111.762773,building index: writing index pages to WAL,65776,65776,0,1183514,100.0,1071443968
1112.39072,building index: writing index pages to WAL,65776,65776,0,1183514,100.0,1180606464
1113.05643,building index: writing index pages to WAL,65776,65776,0,1183514,100.0,1469919232
1113.710646,building index: writing index pages to WAL,65776,65776,0,1183514,100.0,1730678784
